Trial,Date,Week,Day,Reef,Treatment,Density,deployment.day,num.tol.occ.,which.tol,Adult.BEG.Density,Juv.BEG.density,notes,,,,,
4,5/31/2018,1,1,1,Low,14,A,,,,,,,,,,
4,5/31/2018,1,1,2,High,14,A,,,,,,,,,,
4,5/31/2018,1,1,3,Medium,11,A,,,,,,,,,,
4,5/31/2018,1,1,4,High,15,A,,,,,,,,,,
4,5/31/2018,1,1,5,Medium,15,A,,,,,,,,,,
4,5/31/2018,1,1,6,Low,17,A,,,,,,,,,,
4,5/31/2018,1,1,7,Medium,14,A,,,,,,,,,,
4,5/31/2018,1,1,8,High,16,A,,,,,,,,,,
4,5/31/2018,1,1,9,Low,11,A,,,,,,,,,,
4,5/31/2018,1,1,10,Medium,10,B,,,,,,,,,,
4,5/31/2018,1,1,11,Low,11,B,,,,,,,,,,
4,5/31/2018,1,1,12,High,12,B,,,,,,,,,,
4,5/31/2018,1,1,13,Low,9,B,,,,,,,,,,
4,5/31/2018,1,1,14,Medium,15,B,,,,,,,,,,
4,5/31/2018,1,1,15,Low,10,B,,,,,,,,,,
4,5/31/2018,1,1,16,High,11,B,,,,,,,,,,
4,5/31/2018,1,1,17,Medium,8,B,,,,,,,,,,
4,5/31/2018,1,1,18,High,10,B,,,,,,,,,,
4,6/5/2018,1,5,1,Low,10,A,,,,,,,,,,
4,6/5/2018,1,5,2,High,11,A,,,,,,,,,,
4,6/5/2018,1,5,3,Medium,11,A,,,,,,,,,,
4,6/5/2018,1,5,4,High,8,A,,,,,,,,,,
4,6/5/2018,1,5,5,Medium,3,A,,,,,,,,,,
4,6/5/2018,1,5,6,Low,12,A,,,,,,,,,,
4,6/5/2018,1,5,7,Medium,11,A,,,,,,,,,,
4,6/5/2018,1,5,8,High,13,A,,,,,,,,,,
4,6/5/2018,1,5,9,Low,13,A,,,,,,,,,,
4,6/5/2018,1,4,10,Medium,16,B,,,,,,,,,,
4,6/5/2018,1,4,11,Low,14,B,,,,,,,,,,
4,6/5/2018,1,4,12,High,18,B,,,,,,,,,,
4,6/5/2018,1,4,13,Low,14,B,,,,,,,,,,
4,6/5/2018,1,4,14,Medium,16,B,,,,,,,,,,
4,6/5/2018,1,4,15,Low,12,B,,,,,,,,,,
4,6/5/2018,1,4,16,High,13,B,,,,,,,,,,
4,6/5/2018,1,4,17,Medium,10,B,,,,,,,,,,
4,6/5/2018,1,4,18,High,10,B,,,,,,,,,,
4,6/6/2018,1,6,1,Low,7,A,,,,,,,,,,
4,6/6/2018,1,6,2,High,7,A,,,,,,,,,,
4,6/6/2018,1,6,3,Medium,11,A,,,,,,,,,,
4,6/6/2018,1,6,4,High,4,A,,,,,,,,,,
4,6/6/2018,1,6,5,Medium,5,A,,,,,,,,,,
4,6/6/2018,1,6,6,Low,9,A,,,,,,,,,,
4,6/6/2018,1,6,7,Medium,6,A,,,,,,,,,,
4,6/6/2018,1,6,8,High,9,A,,,,,,,,,,
4,6/6/2018,1,6,9,Low,9,A,,,,,,,,,,
4,6/6/2018,1,5,10,Medium,10,B,,,,,,,,,,
4,6/6/2018,1,5,11,Low,11,B,,,,,,,,,,
4,6/6/2018,1,5,12,High,15,B,,,,,,,,,,
4,6/6/2018,1,5,13,Low,12,B,,,,,,,,,,
4,6/6/2018,1,5,14,Medium,11,B,,,,,,,,,,
4,6/6/2018,1,5,15,Low,11,B,,,,,,,,,,
4,6/6/2018,1,5,16,High,11,B,,,,,,,,,,
4,6/6/2018,1,5,17,Medium,11,B,,,,,,,,,,
4,6/6/2018,1,5,18,High,9,B,,,,,,,,,,
4,6/7/2018,1,7,1,Low,8,A,,,,,,,,,,
4,6/7/2018,1,7,2,High,8,A,,,,,,,,,,
4,6/7/2018,1,7,3,Medium,8,A,,,,,,,,,,
4,6/7/2018,1,7,4,High,4,A,,,,,,,,,,
4,6/7/2018,1,7,5,Medium,7,A,,,,,,,,,,
4,6/7/2018,1,7,6,Low,9,A,,,,,,,,,,
4,6/7/2018,1,7,7,Medium,9,A,,,,,,,,,,
4,6/7/2018,1,7,8,High,7,A,,,,,,,,,,
4,6/7/2018,1,7,9,Low,11,A,,,,,,,,,,
4,6/7/2018,1,6,10,Medium,10,B,,,,,,,,,,
4,6/7/2018,1,6,11,Low,15,B,,,,,,,,,,
4,6/7/2018,1,6,12,High,14,B,,,,,,,,,,
4,6/7/2018,1,6,13,Low,14,B,,,,,,,,,,
4,6/7/2018,1,6,14,Medium,18,B,,,,,,,,,,
4,6/7/2018,1,6,15,Low,16,B,,,,,,,,,,
4,6/7/2018,1,6,16,High,12,B,,,,,,,,,,
4,6/7/2018,1,6,17,Medium,13,B,,,,,,,,,,
4,6/7/2018,1,6,18,High,16,B,,,,,,,,,,
4,6/11/2018,2,11,1,Low,0,A,,,,,,,,,,
4,6/11/2018,2,11,2,High,1,A,,,,,,,,,,
4,6/11/2018,2,11,3,Medium,6,A,,,,,,,,,,
4,6/11/2018,2,11,4,High,3,A,,,,,,,,,,
4,6/11/2018,2,11,5,Medium,3,A,,,,,,,,,,
4,6/11/2018,2,11,6,Low,5,A,,,,,,,,,,
4,6/11/2018,2,11,7,Medium,3,A,,,,,,,,,,
4,6/11/2018,2,11,8,High,5,A,,,,,,,,,,
4,6/11/2018,2,11,9,Low,5,A,,,,,,,,,,
4,6/11/2018,2,12,10,Medium,11,B,,,,,,,,,,
4,6/11/2018,2,12,11,Low,14,B,,,,,,,,,,
4,6/11/2018,2,12,12,High,12,B,,,,,,,,,,
4,6/11/2018,2,12,13,Low,11,B,,,,,,,,,,
4,6/11/2018,2,12,14,Medium,13,B,,,,,,,,,,
4,6/11/2018,2,12,15,Low,11,B,,,,,,,,,,
4,6/11/2018,2,12,16,High,7,B,,,,,,,,,,
4,6/11/2018,2,12,17,Medium,6,B,,,,,,,,,,
4,6/11/2018,2,12,18,High,12,B,,,,,,,,,,
4,6/12/2018,2,12,1,Low,2,A,,,,,,,,,,
4,6/12/2018,2,12,2,High,4,A,,,,,,,,,,
4,6/12/2018,2,12,3,Medium,3,A,,,,,,,,,,
4,6/12/2018,2,12,4,High,1,A,,,,,,,,,,
4,6/12/2018,2,12,5,Medium,1,A,,,,,,,,,,
4,6/12/2018,2,12,6,Low,3,A,,,,,,,,,,
4,6/12/2018,2,12,7,Medium,0,A,,,,,,,,,,
4,6/12/2018,2,12,8,High,3,A,,,,,,,,,,
4,6/12/2018,2,12,9,Low,4,A,,,,,,,,,,
4,6/12/2018,2,11,10,Medium,10,B,,,,,,,,,,
4,6/12/2018,2,11,11,Low,11,B,,,,,,,,,,
4,6/12/2018,2,11,12,High,15,B,,,,,,,,,,
4,6/12/2018,2,11,13,Low,12,B,,,,,,,,,,
4,6/12/2018,2,11,14,Medium,14,B,,,,,,,,,,
4,6/12/2018,2,11,15,Low,10,B,,,,,,,,,,
4,6/12/2018,2,11,16,High,16,B,,,,,,,,,,
4,6/12/2018,2,11,17,Medium,17,B,,,,,,,,,,
4,6/12/2018,2,11,18,High,18,B,,,,,,,,,,
4,6/13/2018,2,13,1,Low,2,A,,,,,,,,,,
4,6/13/2018,2,13,2,High,5,A,,,,,,,,,,
4,6/13/2018,2,13,3,Medium,7,A,,,,,,,,,,
4,6/13/2018,2,13,4,High,1,A,,,,,,,,,,
4,6/13/2018,2,13,5,Medium,1,A,,,,,,,,,,
4,6/13/2018,2,13,6,Low,3,A,,,,,,,,,,
4,6/13/2018,2,13,7,Medium,2,A,,,,,,,,,,
4,6/13/2018,2,13,8,High,4,A,,,,,,,,,,
4,6/13/2018,2,13,9,Low,5,A,,,,,,,,,,
4,6/13/2018,2,12,10,Medium,12,B,,,,,,,,,,
4,6/13/2018,2,12,11,Low,15,B,,,,,,,,,,
4,6/13/2018,2,12,12,High,11,B,,,,,,,,,,
4,6/13/2018,2,12,13,Low,15,B,,,,,,,,,,
4,6/13/2018,2,12,14,Medium,20,B,,,,,,,,,,
4,6/13/2018,2,12,15,Low,10,B,,,,,,,,,,
4,6/13/2018,2,12,16,High,11,B,,,,,,,,,,
4,6/13/2018,2,12,17,Medium,10,B,,,,,,,,,,
4,6/13/2018,2,12,18,High,10,B,,,,,,,,,,
4,6/14/2018,2,14,1,Low,5,A,,,,,,,,,,
4,6/14/2018,2,14,2,High,6,A,,,,,,,,,,
4,6/14/2018,2,14,3,Medium,7,A,,,,,,,,,,
4,6/14/2018,2,14,4,High,1,A,,,,,,,,,,
4,6/14/2018,2,14,5,Medium,NA,A,,,,,,,,,,
4,6/14/2018,2,14,6,Low,6,A,,,,,,,,,,
4,6/14/2018,2,14,7,Medium,2,A,,,,,,,,,,
4,6/14/2018,2,14,8,High,3,A,,,,,,,,,,
4,6/14/2018,2,14,9,Low,6,A,,,,,,,,,,
4,6/14/2018,2,13,10,Medium,11,B,,,,,,,,,,
4,6/14/2018,2,13,11,Low,18,B,,,,,,,,,,
4,6/14/2018,2,13,12,High,10,B,,,,,,,,,,
4,6/14/2018,2,13,13,Low,17,B,,,,,,,,,,
4,6/14/2018,2,13,14,Medium,18,B,,,,,,,,,,
4,6/14/2018,2,13,15,Low,13,B,,,,,,,,,,
4,6/14/2018,2,13,16,High,13,B,,,,,,,,,,
4,6/14/2018,2,13,17,Medium,14,B,,,,,,,,,,
4,6/14/2018,2,13,18,High,10,B,,,,,,,,,,
4,6/16/2018,3,16,1,Low,3,A,,,,,,,,,,
4,6/16/2018,3,16,2,High,5,A,,,,,,,,,,
4,6/16/2018,3,16,3,Medium,4,A,,,,,,,,,,
4,6/16/2018,3,16,4,High,0,A,,,,,,,,,,
4,6/16/2018,3,16,5,Medium,1,A,,,,,,,,,,
4,6/16/2018,3,16,6,Low,3,A,,,,,,,,,,
4,6/16/2018,3,16,7,Medium,2,A,,,,,,,,,,
4,6/16/2018,3,16,8,High,4,A,,,,,,,,,,
4,6/16/2018,3,16,9,Low,6,A,,,,,,,,,,
4,6/16/2018,3,15,10,Medium,8,B,,,,,,,,,,
4,6/16/2018,3,15,11,Low,11,B,,,,,,,,,,
4,6/16/2018,3,15,12,High,9,B,,,,,,,,,,
4,6/16/2018,3,15,13,Low,10,B,,,,,,,,,,
4,6/16/2018,3,15,14,Medium,12,B,,,,,,,,,,
4,6/16/2018,3,15,15,Low,9,B,,,,,,,,,,
4,6/16/2018,3,15,16,High,11,B,,,,,,,,,,
4,6/16/2018,3,15,17,Medium,9,B,,,,,,,,,,
4,6/16/2018,3,15,18,High,7,B,,,,,,,,,,
4,6/17/2018,3,17,1,Low,0,A,,,,,,,,,,
4,6/17/2018,3,17,2,High,7,A,,,,,,,,,,
4,6/17/2018,3,17,3,Medium,3,A,,,,,,,,,,
4,6/17/2018,3,17,4,High,0,A,,,,,,,,,,
4,6/17/2018,3,17,5,Medium,3,A,,,,,,,,,,
4,6/17/2018,3,17,6,Low,5,A,,,,,,,,,,
4,6/17/2018,3,17,7,Medium,2,A,,,,,,,,,,
4,6/17/2018,3,17,8,High,6,A,,,,,,,,,,
4,6/17/2018,3,17,9,Low,4,A,,,,,,,,,,
4,6/17/2018,3,16,10,Medium,7,B,,,,,,,,,,
4,6/17/2018,3,16,11,Low,12,B,,,,,,,,,,
4,6/17/2018,3,16,12,High,11,B,,,,,,,,,,
4,6/17/2018,3,16,13,Low,9,B,,,,,,,,,,
4,6/17/2018,3,16,14,Medium,12,B,,,,,,,,,,
4,6/17/2018,3,16,15,Low,11,B,,,,,,,,,,
4,6/17/2018,3,16,16,High,10,B,,,,,,,,,,
4,6/17/2018,3,16,17,Medium,11,B,,,,,,,,,,
4,6/17/2018,3,16,18,High,7,B,,,,,,,,,,
4,6/19/2018,3,19,1,Low,0,A,,,,,,,,,,
4,6/19/2018,3,19,2,High,3,A,,,,,,,,,,
4,6/19/2018,3,19,3,Medium,3,A,,,,,,,,,,
4,6/19/2018,3,19,4,High,1,A,,,,,,,,,,
4,6/19/2018,3,19,5,Medium,3,A,,,,,,,,,,
4,6/19/2018,3,19,6,Low,5,A,,,,,,,,,,
4,6/19/2018,3,19,7,Medium,2,A,,,,,,,,,,
4,6/19/2018,3,19,8,High,4,A,,,,,,,,,,
4,6/19/2018,3,19,9,Low,3,A,,,,,,,,,,
4,6/19/2018,3,18,10,Medium,9,B,,,,,,,,,,
4,6/19/2018,3,18,11,Low,14,B,,,,,,,,,,
4,6/19/2018,3,18,12,High,15,B,,,,,,,,,,
4,6/19/2018,3,18,13,Low,12,B,,,,,,,,,,
4,6/19/2018,3,18,14,Medium,14,B,,,,,,,,,,
4,6/19/2018,3,18,15,Low,13,B,,,,,,,,,,
4,6/19/2018,3,18,16,High,12,B,,,,,,,,,,
4,6/19/2018,3,18,17,Medium,13,B,,,,,,,,,,
4,6/19/2018,3,18,18,High,5,B,,,,,,,,,,
4,6/20/2018,3,20,1,Low,1,A,,,,,,,,,,
4,6/20/2018,3,20,2,High,4,A,,,,,,,,,,
4,6/20/2018,3,20,3,Medium,2,A,,,,,,,,,,
4,6/20/2018,3,20,4,High,1,A,,,,,,,,,,
4,6/20/2018,3,20,5,Medium,1,A,,,,,,,,,,
4,6/20/2018,3,20,6,Low,5,A,,,,,,,,,,
4,6/20/2018,3,20,7,Medium,2,A,,,,,,,,,,
4,6/20/2018,3,20,8,High,2,A,,,,,,,,,,
4,6/20/2018,3,20,9,Low,2,A,,,,,,,,,,
4,6/20/2018,3,19,10,Medium,9,B,,,,,,,,,,
4,6/20/2018,3,19,11,Low,14,B,,,,,,,,,,
4,6/20/2018,3,19,12,High,14,B,,,,,,,,,,
4,6/20/2018,3,19,13,Low,9,B,,,,,,,,,,
4,6/20/2018,3,19,14,Medium,16,B,,,,,,,,,,
4,6/20/2018,3,19,15,Low,8,B,,,,,,,,,,
4,6/20/2018,3,19,16,High,11,B,,,,,,,,,,
4,6/20/2018,3,19,17,Medium,9,B,,,,,,,,,,
4,6/20/2018,3,19,18,High,6,B,,,,,,,,,,
4,6/26/2018,4,26,1,Low,1,A,,,,,,,,,,
4,6/26/2018,4,26,2,High,3,A,,,,,,,,,,
4,6/26/2018,4,26,3,Medium,0,A,,,,,,,,,,
4,6/26/2018,4,26,4,High,1,A,,,,,,,,,,
4,6/26/2018,4,26,5,Medium,0,A,,,,,,,,,,
4,6/26/2018,4,26,6,Low,2,A,,,,,,,,,,
4,6/26/2018,4,26,7,Medium,2,A,,,,,,,,,,
4,6/26/2018,4,26,8,High,2,A,,,,,,,,,,
4,6/26/2018,4,26,9,Low,2,A,,,,,,,,,,
4,6/26/2018,4,25,10,Medium,5,B,,,,,,,,,,
4,6/26/2018,4,25,11,Low,11,B,,,,,,,,,,
4,6/26/2018,4,25,12,High,14,B,,,,,,,,,,
4,6/26/2018,4,25,13,Low,11,B,,,,,,,,,,
4,6/26/2018,4,25,14,Medium,13,B,,,,,,,,,,
4,6/26/2018,4,25,15,Low,7,B,,,,,,,,,,
4,6/26/2018,4,25,16,High,3,B,,,,,,,,,,
4,6/26/2018,4,25,17,Medium,6,B,,,,,,,,,,
4,6/26/2018,4,25,18,High,3,B,,,,,,,,,,
4,6/27/2018,4,27,1,Low,0,A,,,,,,,,,,
4,6/27/2018,4,27,2,High,3,A,,,,,,,,,,
4,6/27/2018,4,27,3,Medium,1,A,,,,,,,,,,
4,6/27/2018,4,27,4,High,1,A,,,,,,,,,,
4,6/27/2018,4,27,5,Medium,0,A,,,,,,,,,,
4,6/27/2018,4,27,6,Low,2,A,,,,,,,,,,
4,6/27/2018,4,27,7,Medium,2,A,,,,,,,,,,
4,6/27/2018,4,27,8,High,2,A,,,,,,,,,,
4,6/27/2018,4,27,9,Low,1,A,,,,,,,,,,
4,6/27/2018,4,26,10,Medium,3,B,,,,,,,,,,
4,6/27/2018,4,26,11,Low,10,B,,,,,,,,,,
4,6/27/2018,4,26,12,High,14,B,,,,,,,,,,
4,6/27/2018,4,26,13,Low,12,B,,,,,,,,,,
4,6/27/2018,4,26,14,Medium,14,B,,,,,,,,,,
4,6/27/2018,4,26,15,Low,6,B,,,,,,,,,,
4,6/27/2018,4,26,16,High,7,B,,,,,,,,,,
4,6/27/2018,4,26,17,Medium,11,B,,,,,,,,,,
4,6/27/2018,4,26,18,High,NA,B,,,,,,,,,,
4,6/28/2018,4,28,1,Low,0,A,,,,,,,,,,
4,6/28/2018,4,28,2,High,2,A,,,,,,,,,,
4,6/28/2018,4,28,3,Medium,1,A,,,,,,,,,,
4,6/28/2018,4,28,4,High,1,A,,,,,,,,,,
4,6/28/2018,4,28,5,Medium,2,A,,,,,,,,,,
4,6/28/2018,4,28,6,Low,2,A,,,,,,,,,,
4,6/28/2018,4,28,7,Medium,2,A,,,,,,,,,,
4,6/28/2018,4,28,8,High,0,A,,,,,,,,,,
4,6/28/2018,4,28,9,Low,1,A,,,,,,,,,,
4,6/28/2018,4,27,10,Medium,2,B,,,,,,,,,,
4,6/28/2018,4,27,11,Low,14,B,,,,,,,,,,
4,6/28/2018,4,27,12,High,7,B,,,,,,,,,,
4,6/28/2018,4,27,13,Low,8,B,,,,,,,,,,
4,6/28/2018,4,27,14,Medium,12,B,,,,,,,,,,
4,6/28/2018,4,27,15,Low,8,B,,,,,,,,,,
4,6/28/2018,4,27,16,High,2,B,,,,,,,,,,
4,6/28/2018,4,27,17,Medium,6,B,,,,,,,,,,
4,6/28/2018,4,27,18,High,2,B,,,,,,,,,,
4,6/29/2018,4,28,16,High,6,B,,,,,,,,,,
4,6/29/2018,4,28,17,Medium,12,B,,,,,,,,,,
4,6/29/2018,4,28,18,High,4,B,,,,,,,,,,
5,7/4/2018,1,1,1,High,15,A,0,NA,,,,,,,,
5,7/4/2018,1,1,2,Low,9,A,1,5,,,,,,,,
5,7/4/2018,1,1,3,Medium,14,A,0,NA,,,,,,,,
5,7/4/2018,1,1,4,Low,12,A,1,2,,,,,,,,
5,7/4/2018,1,1,5,Medium,11,A,0,NA,,,,,,,,
5,7/4/2018,1,1,6,High,11,A,1,1,,,,,,,,
5,7/5/2018,1,2,1,High,9,A,1,1,,,,,,,,
5,7/5/2018,1,2,2,Low,12,A,0,,,,,,,,,
5,7/5/2018,1,2,3,Medium,12,A,0,,,,,,,,,
5,7/5/2018,1,2,4,Low,11,A,2,"3,5",,,,,,,,
5,7/5/2018,1,2,5,Medium,12,A,1,5,,,,,,,,
5,7/5/2018,1,2,6,High,10,A,1,1,,,,,,,,
5,7/5/2018,1,1,7,Medium,15,B,0,,,,,,,,,
5,7/5/2018,1,1,8,Low,11,B,0,,,,,,,,,
5,7/5/2018,1,1,9,High,14,B,0,,,,,,,,,
5,7/5/2018,1,1,10,Medium,16,B,0,,,,,,,,,
5,7/5/2018,1,1,11,Low,14,B,0,,,,,,,,,
5,7/5/2018,1,1,12,High,15,B,2,"1,2",,,,,,,,
5,7/5/2018,1,1,13,Low,10,B,0,,,,,,,,,
5,7/5/2018,1,1,14,Medium,11,B,2,"4,5",,,,,,,,
5,7/5/2018,1,1,15,High,15,B,0,,,,,,,,,
5,7/5/2018,1,1,16,Medium,12,B,1,4,,,,,,,,
5,7/5/2018,1,1,17,Low,NA,B,0,NA,,,"forgot to deploy on the first day, so couldn't get 24-h densities",,,,,
5,7/5/2018,1,1,18,High,16,B,1,3,,,,,,,,
5,7/7/2018,1,4,1,High,11,A,0,,,,,,,,,
5,7/7/2018,1,4,2,Low,10,A,1,5,,,,,,,,
5,7/7/2018,1,4,3,Medium,12,A,0,,,,,,,,,
5,7/7/2018,1,4,4,Low,15,A,2,"1,3",,,,,,,,
5,7/7/2018,1,4,5,Medium,11,A,0,,,,,,,,,
5,7/7/2018,1,4,6,High,10,A,1,1,,,,,,,,
5,7/7/2018,1,3,7,Medium,16,B,1,3,,,,,,,,
5,7/7/2018,1,3,8,Low,13,B,0,0,,,,,,,,
5,7/7/2018,1,3,9,High,2,B,0,0,,,,,,,,
5,7/7/2018,1,3,10,Medium,12,B,0,,,,,,,,,
5,7/7/2018,1,3,11,Low,14,B,1,5,,,,,,,,
5,7/7/2018,1,3,12,High,16,B,1,1,,,,,,,,
5,7/7/2018,1,3,13,Low,11,B,2,"1,2",,,,,,,,
5,7/7/2018,1,3,14,Medium,15,B,1,2,,,,,,,,
5,7/7/2018,1,3,15,High,6,B,1,2,,,,,,,,
5,7/7/2018,1,3,16,Medium,9,B,0,,,,,,,,,
5,7/7/2018,1,3,17,Low,10,B,0,,,,,,,,,
5,7/7/2018,1,3,18,High,15,B,1,3,,,,,,,,
5,7/8/2018,1,5,1,High,8,A,0,,,,,,,,,
5,7/8/2018,1,5,2,Low,7,A,1,1,,,,,,,,
5,7/8/2018,1,5,3,Medium,11,A,0,,,,,,,,,
5,7/8/2018,1,5,4,Low,8,A,0,,,,,,,,,
5,7/8/2018,1,5,5,Medium,17,A,0,,,,,,,,,
5,7/8/2018,1,5,6,High,9,A,0,,,,,,,,,
5,7/8/2018,1,4,7,Medium,14,B,0,,,,,,,,,
5,7/8/2018,1,4,8,Low,14,B,0,,,,,,,,,
5,7/8/2018,1,4,9,High,10,B,0,,,,,,,,,
5,7/8/2018,1,4,10,Medium,13,B,2,"3,4",,,,,,,,
5,7/8/2018,1,4,11,Low,17,B,1,5,,,,,,,,
5,7/8/2018,1,4,12,High,13,B,1,1,,,,,,,,
5,7/8/2018,1,4,13,Low,11,B,2,"1,3",,,,,,,,
5,7/8/2018,1,4,14,Medium,15,B,1,3,,,,,,,,
5,7/8/2018,1,4,15,High,14,B,0,,,,,,,,,
5,7/8/2018,1,4,16,Medium,12,B,0,,,,,,,,,
5,7/8/2018,1,4,17,Low,12,B,2,"1,3",,,,,,,,
5,7/8/2018,1,4,18,High,7,B,0,,,,,,,,,
5,7/9/2018,1,6,1,High,9,A,1,5,,,,,,,,
5,7/9/2018,1,6,2,Low,9,A,0,,,,,,,,,
5,7/9/2018,1,6,3,Medium,14,A,2,"1,3",,,,,,,,
5,7/9/2018,1,6,4,Low,15,A,1,"1,4",,,,,,,,
5,7/9/2018,1,6,5,Medium,16,A,0,,,,,,,,,
5,7/9/2018,1,6,6,High,10,A,1,1,,,,,,,,
5,7/9/2018,1,5,7,Medium,16,B,0,,,,,,,,,
5,7/9/2018,1,5,8,Low,16,B,0,,,,,,,,,
5,7/9/2018,1,5,9,High,7,B,0,,,,,,,,,
5,7/9/2018,1,5,10,Medium,8,B,0,,,,,,,,,
5,7/9/2018,1,5,11,Low,12,B,1,5,,,,,,,,
5,7/9/2018,1,5,12,High,11,B,1,4,,,,,,,,
5,7/9/2018,1,5,13,Low,7,B,2,"1,2",,,,,,,,
5,7/9/2018,1,5,14,Medium,16,B,0,,,,,,,,,
5,7/9/2018,1,5,15,High,12,B,0,,,,,,,,,
5,7/9/2018,1,5,16,Medium,10,B,1,1,,,,,,,,
5,7/9/2018,1,5,17,Low,14,B,1,3,,,,,,,,
5,7/9/2018,1,5,18,High,11,B,1,3,,,,,,,,
5,7/10/2018,1,7,1,High,12,A,2,"3,5",,,,,,,,
5,7/10/2018,1,7,2,Low,12,A,0,,,,,,,,,
5,7/10/2018,1,7,3,Medium,15,A,0,,,,,,,,,
5,7/10/2018,1,7,4,Low,13,A,2,"1,4",,,,,,,,
5,7/10/2018,1,7,5,Medium,15,A,0,,,,,,,,,
5,7/10/2018,1,7,6,High,13,A,1,4,,,,,,,,
5,7/10/2018,1,6,7,Medium,18,B,1,1,,,,,,,,
5,7/10/2018,1,6,8,Low,15,B,1,1,,,,,,,,
5,7/10/2018,1,6,9,High,7,B,0,,,,,,,,,
5,7/10/2018,1,6,10,Medium,12,B,1,4,,,,,,,,
5,7/10/2018,1,6,11,Low,15,B,1,1,,,,,,,,
5,7/10/2018,1,6,12,High,8,B,2,"1,2",,,,,,,,
5,7/10/2018,1,6,13,Low,10,B,1,3,,,,,,,,
5,7/10/2018,1,6,14,Medium,14,B,0,,,,,,,,,
5,7/10/2018,1,6,15,High,7,B,0,,,,,,,,,
5,7/10/2018,1,6,16,Medium,7,B,0,,,,,,,,,
5,7/10/2018,1,6,17,Low,11,B,0,,,,,,,,,
5,7/10/2018,1,6,18,High,5,B,0,,,,,,,,,
5,7/11/2018,1,7,1,High,8,A,0,,,,,,,,,
5,7/11/2018,1,7,2,Low,10,A,0,,,,,,,,,
5,7/11/2018,1,7,3,Medium,10,A,0,,,,,,,,,
5,7/11/2018,1,7,4,Low,9,A,1,2,,,,,,,,
5,7/11/2018,1,7,5,Medium,13,A,0,,,,,,,,,
5,7/11/2018,1,7,6,High,11,A,0,,,,,,,,,
5,7/11/2018,1,6,7,Medium,15,B,0,,,,,,,,,
5,7/11/2018,1,6,8,Low,12,B,1,1,,,,,,,,
5,7/11/2018,1,6,9,High,5,B,0,,,,,,,,,
5,7/11/2018,1,6,10,Medium,9,B,0,,,,,,,,,
5,7/11/2018,1,6,11,Low,13,B,1,5,,,,,,,,
5,7/11/2018,1,6,12,High,6,B,0,,,,,,,,,
5,7/11/2018,1,6,13,Low,7,B,3,"1,2,3",,,,,,,,
5,7/11/2018,1,6,14,Medium,6,B,0,0,,,,,,,,
5,7/11/2018,1,6,15,High,8,B,0,,,,,,,,,
5,7/11/2018,1,6,16,Medium,7,B,0,,,,,,,,,
5,7/11/2018,1,6,17,Low,14,B,1,4,,,,,,,,
5,7/11/2018,1,6,18,High,8,B,1,3,,,,,,,,
5,7/14/2018,2,11,1,High,6,A,0,,0,4,,,,,,
5,7/14/2018,2,11,2,Low,11,A,3,"2,3,4",1,0,,,,,,
5,7/14/2018,2,11,3,Medium,10,A,1,1,1,0,,,,,,
5,7/14/2018,2,11,4,Low,10,A,1,5,0,0,>40=adult,,,,,
5,7/14/2018,2,11,5,Medium,13,A,0,,4,0,<40=juv,,,,,
5,7/14/2018,2,11,6,High,13,A,0,,8,0,,,,,,
5,7/14/2018,2,10,7,Medium,9,B,1,5,6,6,,,,,,
5,7/14/2018,2,10,8,Low,11,B,1,1,3,2,,,,,,
5,7/14/2018,2,10,9,High,1,B,0,,0,1,,,,,,
5,7/14/2018,2,10,10,Medium,7,B,0,,2,1,,,,,,
5,7/14/2018,2,10,11,Low,11,B,1,5,3,2,,,,,,
5,7/14/2018,2,10,12,High,4,B,1,1,1,2,,,,,,
5,7/14/2018,2,10,13,Low,6,B,2,"1,3",1,0,,,,,,
5,7/14/2018,2,10,14,Medium,9,B,1,4,2,3,,,,,,
5,7/14/2018,2,10,15,High,8,B,0,,0,0,,,,,,
5,7/14/2018,2,10,16,Medium,10,B,1,5,1,0,,,,,,
5,7/14/2018,2,10,17,Low,12,B,0,,0,1,,,,,,
5,7/14/2018,2,10,18,High,4,B,0,,1,0,,,,,,
5,7/15/2018,2,12,1,High,5,A,0,,2,4,,,,,,
5,7/15/2018,2,12,2,Low,9,A,1,2,1,0,,,,,,
5,7/15/2018,2,12,3,Medium,9,A,1,1,0,0,,,,,,
5,7/15/2018,2,12,4,Low,8,A,1,1,0,0,,,,,,
5,7/15/2018,2,12,5,Medium,11,A,2,"2,4",4,0,,,,,,
5,7/15/2018,2,12,6,High,7,A,0,,1,4,,,,,,
5,7/15/2018,2,11,7,Medium,9,B,2,"1,5",6,8,,,,,,
5,7/15/2018,2,11,8,Low,8,B,1,1,2,3,,,,,,
5,7/15/2018,2,11,9,High,3,B,0,,0,0,,,,,,
5,7/15/2018,2,11,10,Medium,8,B,1,3,1,3,,,,,,
5,7/15/2018,2,11,11,Low,9,B,1,5,3,4,,,,,,
5,7/15/2018,2,11,12,High,2,B,0,,1,3,,,,,,
5,7/15/2018,2,11,13,Low,5,B,2,"1,5",0,2,,,,,,
5,7/15/2018,2,11,14,Medium,10,B,0,,2,4,,,,,,
5,7/15/2018,2,11,15,High,9,B,0,,1,3,,,,,,
5,7/15/2018,2,11,16,Medium,9,B,1,5,1,0,,,,,,
5,7/15/2018,2,11,17,Low,10,B,1,5,0,1,,,,,,
5,7/15/2018,2,11,18,High,5,B,1,2,1,0,,,,,,
5,7/18/2018,3,15,1,High,3,A,1,5,2,4,,,,,,
5,7/18/2018,3,15,2,Low,10,A,1,4,2,0,,,,,,
5,7/18/2018,3,15,3,Medium,9,A,1,4,0,1,,,,,,
5,7/18/2018,3,15,4,Low,10,A,0,0,0,0,,,,,,
5,7/18/2018,3,15,5,Medium,13,A,1,3,2,1,,,,,,
5,7/18/2018,3,15,6,High,7,A,1,1,2,9,,,,,,
5,7/18/2018,3,14,7,Medium,11,B,0,0,4,10,,,,,,
5,7/18/2018,3,14,8,Low,9,B,1,2,1,8,,,,,,
5,7/18/2018,3,14,9,High,3,B,0,0,0,1,,,,,,
5,7/18/2018,3,14,10,Medium,10,B,1,1,0,1,,,,,,
5,7/18/2018,3,14,11,Low,10,B,1,2,0,5,,,,,,
5,7/18/2018,3,14,12,High,2,B,0,0,2,9,,,,,,
5,7/18/2018,3,14,13,Low,3,B,3,"2,3,5",2,1,,,,,,
5,7/18/2018,3,14,14,Medium,10,B,1,5,0,4,,,,,,
5,7/18/2018,3,14,15,High,9,B,0,0,1,2,,,,,,
5,7/18/2018,3,14,16,Medium,9,B,1,5,1,0,,,,,,
5,7/18/2018,3,14,17,Low,12,B,1,3,0,1,,,,,,
5,7/18/2018,3,14,18,High,5,B,0,0,0,1,,,,,,
5,7/19/2018,3,16,1,High,2,A,0,0,0,2,,,,,,
5,7/19/2018,3,16,2,Low,9,A,1,3,2,0,,,,,,
5,7/19/2018,3,16,3,Medium,10,A,2,"1,5",0,1,,,,,,
5,7/19/2018,3,16,4,Low,8,A,1,5,0,1,,,,,,
5,7/19/2018,3,16,5,Medium,11,A,1,5,2,2,,,,,,
5,7/19/2018,3,16,6,High,3,A,0,0,2,7,,,,,,
5,7/19/2018,3,15,7,Medium,7,B,0,0,3,13,,,,,,
5,7/19/2018,3,15,8,Low,5,B,1,2,1,7,,,,,,
5,7/19/2018,3,15,9,High,1,B,0,0,0,1,,,,,,
5,7/19/2018,3,15,10,Medium,8,B,1,1,0,3,,,,,,
5,7/19/2018,3,15,11,Low,7,B,0,0,1,3,,,,,,
5,7/19/2018,3,15,12,High,2,B,0,0,3,9,,,,,,
5,7/19/2018,3,15,13,Low,2,B,2,"1,5",1,2,,,,,,
5,7/19/2018,3,15,14,Medium,9,B,2,"4,5",1,3,,,,,,
5,7/19/2018,3,15,15,High,10,B,1,1,1,3,,,,,,
5,7/19/2018,3,15,16,Medium,11,B,1,5,0,0,,,,,,
5,7/19/2018,3,15,17,Low,12,B,1,5,0,2,,,,,,
5,7/19/2018,3,15,18,High,1,B,0,0,0,1,,,,,,
5,7/23/2018,3,20,1,High,3,A,0,0,1,2,,,,,,
5,7/23/2018,3,20,2,Low,7,A,1,4,1,0,,,,,,
5,7/23/2018,3,20,3,Medium,8,A,2,"4,5",0,2,,,,,,
5,7/23/2018,3,20,4,Low,11,A,2,"1,5",0,1,,,,,,
5,7/23/2018,3,20,5,Medium,12,A,1,3,2,2,,,,,,
5,7/23/2018,3,20,6,High,2,A,0,0,1,6,,,,,,
5,7/23/2018,3,19,7,Medium,7,B,0,0,3,8,,,,,,
5,7/23/2018,3,19,8,Low,8,B,2,"1,2",2,6,,,,,,
5,7/23/2018,3,19,9,High,2,B,0,0,0,0,,,,,,
5,7/23/2018,3,19,10,Medium,4,B,0,0,0,3,,,,,,
5,7/23/2018,3,19,11,Low,4,B,0,0,0,5,,,,,,
5,7/23/2018,3,19,12,High,1,B,1,1,0,0,,,,,,
5,7/23/2018,3,19,13,Low,1,B,1,1,0,1,,,,,,
5,7/23/2018,3,19,14,Medium,8,B,0,0,1,3,,,,,,
5,7/23/2018,3,19,15,High,5,B,0,0,0,2,,,,,,
5,7/23/2018,3,19,16,Medium,9,B,1,1,1,0,,,,,,
5,7/23/2018,3,19,17,Low,8,B,0,0,0,2,,,,,,
5,7/23/2018,3,19,18,High,5,B,0,0,0,2,,,,,,
5,7/24/2018,3,21,1,High,2,A,0,0,1,2,,,,,,
5,7/24/2018,3,21,2,Low,5,A,0,0,2,0,,,,,,
5,7/24/2018,3,21,3,Medium,4,A,0,0,1,0,,,,,,
5,7/24/2018,3,21,4,Low,8,A,2,"1,2",0,0,,,,,,
5,7/24/2018,3,21,5,Medium,12,A,1,3,4,1,,,,,,
5,7/24/2018,3,21,6,High,2,A,0,0,2,7,,,,,,
5,7/24/2018,3,20,7,Medium,7,B,0,0,0,11,,,,,,
5,7/24/2018,3,20,8,Low,8,B,0,0,2,3,,,,,,
5,7/24/2018,3,20,9,High,2,B,0,0,0,2,,,,,,
5,7/24/2018,3,20,10,Medium,6,B,1,3,0,3,,,,,,
5,7/24/2018,3,20,11,Low,5,B,2,"1,5",1,2,,,,,,
5,7/24/2018,3,20,12,High,1,B,0,0,2,8,,,,,,
5,7/24/2018,3,20,13,Low,2,B,2,"1,5",0,2,,,,,,
5,7/24/2018,3,20,14,Medium,7,B,1,5,0,3,,,,,,
5,7/24/2018,3,20,15,High,7,B,0,0,1,1,,,,,,
5,7/24/2018,3,20,16,Medium,8,B,0,0,0,0,,,,,,
5,7/24/2018,3,20,17,Low,8,B,2,"3,4",0,1,,,,,,
5,7/24/2018,3,20,18,High,5,B,0,0,0,1,,,,,,
5,7/27/2018,4,23,1,High,2,A,0,0,1,4,,,,,,
5,7/27/2018,4,23,2,Low,7,A,1,2,2,0,,,,,,
5,7/27/2018,4,23,3,Medium,7,A,1,5,0,3,,,,,,
5,7/27/2018,4,23,4,Low,7,A,2,"1,4",0,0,,,,,,
5,7/27/2018,4,23,5,Medium,7,A,1,2,2,3,,,,,,
5,7/27/2018,4,23,6,High,3,A,0,0,0,6,,,,,,
5,7/27/2018,4,22,7,Medium,6,B,0,0,0,10,,,,,,
5,7/27/2018,4,22,8,Low,5,B,2,"2,4",0,3,,,,,,
5,7/27/2018,4,22,9,High,2,B,0,0,0,2,,,,,,
5,7/27/2018,4,22,10,Medium,6,B,2,"2,3",0,0,,,,,,
5,7/27/2018,4,22,11,Low,6,B,2,"3,4",0,6,,,,,,
5,7/27/2018,4,22,12,High,0,B,0,0,0,2,,,,,,
5,7/27/2018,4,22,13,Low,1,B,1,1,1,1,,,,,,
5,7/27/2018,4,22,14,Medium,6,B,1,2,0,5,,,,,,
5,7/27/2018,4,22,15,High,7,B,0,0,0,2,,,,,,
5,7/27/2018,4,22,16,Medium,8,B,1,5,0,0,,,,,,
5,7/27/2018,4,22,17,Low,6,B,1,4,0,0,,,,,,
5,7/27/2018,4,22,18,High,4,B,1,2,0,1,,,,,,
5,7/28/2018,4,24,1,High,2,A,0,0,1,5,,,,,,
5,7/28/2018,4,24,2,Low,9,A,0,0,2,1,,,,,,
5,7/28/2018,4,24,3,Medium,6,A,0,0,0,0,,,,,,
5,7/28/2018,4,24,4,Low,5,A,0,0,0,0,,,,,,
5,7/28/2018,4,24,5,Medium,6,A,1,3,2,1,,,,,,
5,7/28/2018,4,24,6,High,3,A,0,0,0,8,,,,,,
5,7/28/2018,4,23,7,Medium,4,B,0,0,0,9,,,,,,
5,7/28/2018,4,23,8,Low,7,B,0,0,1,5,,,,,,
5,7/28/2018,4,23,9,High,1,B,0,0,0,1,,,,,,
5,7/28/2018,4,23,10,Medium,6,B,0,0,0,2,,,,,,
5,7/28/2018,4,23,11,Low,4,B,1,5,0,4,,,,,,
5,7/28/2018,4,23,12,High,0,B,0,0,1,8,,,,,,
5,7/28/2018,4,23,13,Low,0,B,0,0,0,4,,,,,,
5,7/28/2018,4,23,14,Medium,5,B,2,"2,5",0,4,,,,,,
5,7/28/2018,4,23,15,High,6,B,1,1,0,4,,,,,,
5,7/28/2018,4,23,16,Medium,4,B,0,0,0,0,,,,,,
5,7/28/2018,4,23,17,Low,6,B,0,0,0,0,,,,,,
5,7/28/2018,4,23,18,High,4,B,1,2,0,1,,,,,,
5,7/29/2018,4,25,1,High,2,A,0,NA,0,5,,,,,,
5,7/29/2018,4,25,2,Low,8,A,0,NA,1,1,,,,,,
5,7/29/2018,4,25,3,Medium,4,A,0,NA,0,2,,,,,,
5,7/29/2018,4,25,4,Low,4,A,0,NA,0,0,,,,,,
5,7/29/2018,4,25,5,Medium,6,A,0,0,2,1,,,,,,
5,7/29/2018,4,25,6,High,2,A,0,NA,0,7,,,,,,
5,7/29/2018,4,24,7,Medium,6,B,0,0,0,9,,,,,,
5,7/29/2018,4,24,8,Low,4,B,0,NA,1,5,,,,,,
5,7/29/2018,4,24,9,High,1,B,0,NA,0,1,,,,,,
5,7/29/2018,4,24,10,Medium,5,B,1,4,0,1,,,,,,
5,7/29/2018,4,24,11,Low,3,B,1,4,0,4,,,,,,
5,7/29/2018,4,24,12,High,0,B,0,NA,0,3,,,,,,
5,7/29/2018,4,24,13,Low,0,B,0,NA,0,2,,,,,,
5,7/29/2018,4,24,14,Medium,3,B,1,5,0,2,,,,,,
5,7/29/2018,4,24,15,High,7,B,1,1,0,2,,,,,,
5,7/29/2018,4,24,16,Medium,7,B,0,0,0,1,,,,,,
5,7/29/2018,4,24,17,Low,7,B,1,4,0,0,,,,,,
5,7/29/2018,4,24,18,High,3,B,0,0,0,0,,,,,,
5,7/30/2018,4,26,1,High,1,A,0,0,0,3,,,,,,
5,7/30/2018,4,26,2,Low,7,A,1,4,2,1,,,,,,
5,7/30/2018,4,26,3,Medium,3,A,0,0,1,1,,,,,,
5,7/30/2018,4,26,4,Low,5,A,1,1,0,0,,,,,,
5,7/30/2018,4,26,5,Medium,6,A,2,"2,3",1,2,,,,,,
5,7/30/2018,4,26,6,High,0,A,0,0,0,5,,,,,,
5,7/31/2018,4,26,7,Medium,6,B,1,3,0,5,,,,,,
5,7/31/2018,4,26,8,Low,5,B,1,4,0,3,,,,,,
5,7/31/2018,4,26,9,High,2,B,0,0,NA,NA,,,,,,
5,7/31/2018,4,26,10,Medium,5,B,0,0,0,1,,,,,,
5,7/31/2018,4,26,11,Low,2,B,0,0,0,0,,,,,,
5,7/31/2018,4,26,12,High,0,B,0,0,0,7,,,,,,
5,7/31/2018,4,26,13,Low,0,B,0,0,1,3,,,,,,
5,7/31/2018,4,26,14,Medium,5,B,1,1,0,2,,,,,,
5,7/31/2018,4,26,15,High,5,B,0,0,0,2,,,,,,
5,7/31/2018,4,26,16,Medium,2,B,0,0,0,0,,,,,,
5,7/31/2018,4,26,17,Low,4,B,0,0,0,0,,,,,,
5,7/31/2018,4,26,18,High,3,B,0,0,0,0,,,,,,
6,8/22/2018,2,14,1,Low,1,A,0,NA,0,0,,,,,,
6,8/22/2018,2,14,2,Control,1,A,0,NA,0,5,,,,,,
6,8/22/2018,2,14,3,Medium,3,A,1,5,1,0,,,,,,
6,8/22/2018,2,14,4,Low,1,A,1,1,2,1,,,,,,
6,8/22/2018,2,14,5,Control,4,A,1,2,0,0,MHASE,,,,,
6,8/22/2018,2,14,6,Medium,5,A,2,"2,3",2,0,,,,,,
6,8/22/2018,2,14,7,High,4,A,1,5,0,8,,,,,,
6,8/22/2018,2,14,8,Control,5,A,0,NA,0,4,,,,,,
6,8/22/2018,2,14,9,Low,4,A,2,"1,2",2,6,,,,,,
6,8/22/2018,2,14,10,High,3,A,0,NA,0,0,,,,,,
6,8/22/2018,2,14,11,Medium,1,A,0,NA,0,1,,,,,,
6,8/22/2018,2,14,12,Control,0,A,0,NA,0,1,,,,,,
6,8/22/2018,2,14,13,Low,3,A,1,4,0,1,,,,,,
6,8/22/2018,2,14,14,Medium,0,A,0,NA,0,1,octo,,,,,
6,8/22/2018,2,14,15,High,4,A,1,2,0,1,,,,,,
6,8/22/2018,2,14,16,Low,3,A,0,NA,0,0,,,,,,
6,8/22/2018,2,14,17,High,2,A,1,2,0,0,,,,,,
6,8/22/2018,2,14,18,Medium,2,A,0,NA,0,1,,,,,,
6,8/22/2018,2,14,19,Control,1,A,0,NA,0,0,,,,,,
6,8/22/2018,2,14,20,High,3,A,0,NA,0,0,,,,,,
6,8/20/2018,2,12,1,Low,2,A,1,3,0,0,,,,,,
6,8/20/2018,2,12,2,Control,2,A,1,1,0,3,GYMO (15),,,,,
6,8/20/2018,2,12,3,Medium,4,A,2,"1,2",0,2,,,,,,
6,8/20/2018,2,12,4,Low,1,A,0,NA,0,2,,,,,,
6,8/20/2018,2,12,5,Control,3,A,1,1,0,2,,,,,,
6,8/20/2018,2,12,6,Medium,1,A,1,2,0,1,,,,,,
6,8/20/2018,2,12,7,High,5,A,2,"4,5",0,3,,,,,,
6,8/20/2018,2,12,8,Control,5,A,0,NA,0,0,,,,,,
6,8/20/2018,2,12,9,Low,4,A,1,2,3,3,,,,,,
6,8/20/2018,2,12,10,High,2,A,1,3,0,0,,,,,,
6,8/20/2018,2,12,11,Medium,1,A,1,3,0,0,,,,,,
6,8/20/2018,2,12,12,Control,1,A,0,NA,0,1,"PACL (8), MHASE (12)",,,,,
6,8/20/2018,2,12,13,Low,3,A,0,NA,0,5,,,,,,
6,8/20/2018,2,12,14,Medium,1,A,0,NA,0,3,,,,,,
6,8/20/2018,2,12,15,High,3,A,1,2,0,5,,,,,,
6,8/20/2018,2,12,16,Low,2,A,0,NA,0,2,,,,,,
6,8/20/2018,2,12,17,High,1,A,0,NA,0,1,,,,,,
6,8/20/2018,2,12,18,Medium,3,A,2,"3,5",0,1,,,,,,
6,8/20/2018,2,12,19,Control,2,A,0,NA,0,0,,,,,,
6,8/20/2018,2,12,20,High,4,A,1,1,0,0,,,,,,
6,8/15/2018,1,7,1,Low,6,A,0,NA,0,0,,,,,,
6,8/15/2018,1,7,2,Control,6,A,3,"1,3,4",2,2,,,,,,
6,8/15/2018,1,7,3,Medium,8,A,2,"1,5",0,1,,,,,,
6,8/15/2018,1,7,4,Low,6,A,1,2,1,1,,,,,,
6,8/15/2018,1,7,5,Control,9,A,2,"1,2",0,0,FHASE(10),,,,,
6,8/15/2018,1,7,6,Medium,8,A,3,"2,4,5",1,1,,,,,,
6,8/15/2018,1,7,7,High,5,A,0,NA,0,3,GYMO (30),,,,,
6,8/15/2018,1,7,8,Control,8,A,1,5,1,7,,,,,,
6,8/15/2018,1,7,9,Low,5,A,1,5,3,2,,,,,,
6,8/15/2018,1,7,10,High,5,A,0,NA,0,0,,,,,,
6,8/15/2018,1,7,11,Medium,2,A,0,NA,0,3,,,,,,
6,8/15/2018,1,7,12,Control,2,A,0,NA,1,3,"fuzzy (23), likely won't make it",,,,,
6,8/15/2018,1,7,13,Low,4,A,2,"1,3",1,2,,,,,,
6,8/15/2018,1,7,14,Medium,1,A,1,5,0,4,,,,,,
6,8/15/2018,1,7,15,High,6,A,1,4,0,6,1 fish (25/26) no caudal,,,,,
6,8/15/2018,1,7,16,Low,4,A,1,1,1,2,PACL (11) in cage,,,,,
6,8/15/2018,1,7,17,High,5,A,1,1,0,1,,,,,,
6,8/15/2018,1,7,18,Medium,7,A,2,"2,3",0,0,,,,,,
6,8/15/2018,1,7,19,Control,3,A,0,NA,0,0,,,,,,
6,8/15/2018,1,7,20,High,6,A,0,NA,0,0,,,,,,
6,8/12/2018,1,4,1,Low,8,A,0,NA,0,0,,,,,,
6,8/12/2018,1,4,2,Control,5,A,0,NA,0,4,,,,,,
6,8/12/2018,1,4,3,Medium,11,A,2,"1,4",0,0,,,,,,
6,8/12/2018,1,4,4,Low,7,A,1,"2,3",1,0,MHASE (9) in cage,,,,,
6,8/12/2018,1,4,5,Control,6,A,1,2,0,0,,,,,,
6,8/12/2018,1,4,6,Medium,7,A,0,NA,0,0,,,,,,
6,8/12/2018,1,4,7,High,3,A,0,NA,0,2,"octo, PACL (9) x 5, MHASE (9) x3",,,,,
6,8/12/2018,1,4,8,Control,3,A,0,NA,2,1,,,,,,
6,8/12/2018,1,4,9,Low,11,A,1,1,0,2,,,,,,
6,8/12/2018,1,4,10,High,4,A,0,NA,0,0,,,,,,
6,8/12/2018,1,4,11,Medium,6,A,1,4,0,0,,,,,,
6,8/12/2018,1,4,12,Control,1,A,1,1,0,2,,,,,,
6,8/12/2018,1,4,13,Low,8,A,1,3,0,2,21T looks bad,,,,,
6,8/12/2018,1,4,14,Medium,4,A,0,NA,0,2,,,,,,
6,8/12/2018,1,4,15,High,4,A,0,NA,0,3,,,,,,
6,8/12/2018,1,4,16,Low,9,A,0,NA,1,1,,,,,,
6,8/12/2018,1,4,17,High,4,A,0,NA,0,2,,,,,,
6,8/12/2018,1,4,18,Medium,12,A,2,"2,4",0,0,,,,,,
6,8/12/2018,1,4,19,Control,2,A,0,NA,0,0,,,,,,
6,8/12/2018,1,4,20,High,5,A,0,NA,0,0,PACL (9-11) x 6,,,,,
Trial,Date,Week,Day,Reef,Treatment,Density,Position,,,,,,Hours_after_deploy,Porportion_seen_day_6,Proportion_pop,,"these data should exist for 2017 trials, if that ends up being necessary to enter"
1,6/26/2017,1,1,1,Low,9,A,,,,,,24,NA,0.45,,"changed position (1,2,3) to A B C deployment days, as I think I likely deployed 6 reefs at a time on 3 separate days"
1,6/26/2017,1,1,2,Medium,9,A,,,,,,24,NA,0.45,,"going to leave the column labels here for now, and revisit this. Might be useful to have hourly time scales for 2017 density data, because the trials were so short. Day might be good though as an equivalent."
1,6/26/2017,1,1,3,Low,10,A,,,,,,24,NA,0.5,,
1,6/26/2017,1,1,4,High,9,A,,,,,,24,NA,0.45,,
1,6/26/2017,1,1,5,Medium,7,A,,,,,,24,NA,0.35,,
1,6/26/2017,1,1,6,High,13,A,,,,,,24,NA,0.65,,
1,6/27/2017,1,1,7,Medium,9,B,,,,,,24,NA,0.45,,
1,6/27/2017,1,1,8,Low,12,B,,,,,,24,NA,0.6,,
1,6/27/2017,1,1,9,High,10,B,,,,,,24,NA,0.5,,
1,6/27/2017,1,1,10,Low,11,B,,,,,,24,NA,0.55,,
1,6/27/2017,1,1,11,Medium,11,B,,,,,,24,NA,0.55,,
1,6/27/2017,1,1,12,High,13,B,,,,,,24,NA,0.65,,
1,6/29/2017,1,1,13,Low,16,C,,,,,,24,NA,0.8,,
1,6/29/2017,1,1,14,Medium,10,C,,,,,,24,NA,0.5,,
1,6/29/2017,1,1,15,High,13,C,,,,,,24,NA,0.65,,
1,6/29/2017,1,1,16,Low,13,C,,,,,,24,NA,0.65,,
1,6/29/2017,1,1,17,Medium,12,C,,,,,,24,NA,0.6,,
1,6/29/2017,1,1,18,High,11,C,,,,,,24,NA,0.55,,
2,7/28/2017,1,1,1,Medium,16,A,,,,,,24,NA,0.8,,
2,7/28/2017,1,1,2,Low,17,A,,,,,,24,NA,0.85,,
2,7/28/2017,1,1,3,High,14,A,,,,,,24,NA,0.7,,
2,7/28/2017,1,1,4,Medium,18,A,,,,,,24,NA,0.9,,
2,7/28/2017,1,1,5,High,16,A,,,,,,24,NA,0.8,,
2,7/28/2017,1,1,6,Low,18,A,,,,,,24,NA,0.9,,
2,7/30/2017,1,1,7,Medium,14,B,,,,,,24,NA,0.7,,
2,7/30/2017,1,1,8,Low,14,B,,,,,,24,NA,0.7,,
2,7/30/2017,1,1,9,High,13,B,,,,,,24,NA,0.65,,
2,7/30/2017,1,1,10,Low,15,B,,,,,,24,NA,0.75,,
2,7/30/2017,1,1,11,High,15,B,,,,,,24,NA,0.75,,
2,7/30/2017,1,1,12,Medium,14,B,,,,,,24,NA,0.7,,
2,7/31/2017,1,1,13,Low,13,C,,,,,,24,NA,0.65,,
2,7/31/2017,1,1,14,Medium,16,C,,,,,,24,NA,0.8,,
2,7/31/2017,1,1,15,High,13,C,,,,,,24,NA,0.65,,
2,7/31/2017,1,1,16,Low,15,C,,,,,,24,NA,0.75,,
2,7/31/2017,1,1,17,High,11,C,,,,,,24,NA,0.55,,
2,7/31/2017,1,1,18,Medium,4,C,,,,,,24,NA,0.2,,
2,7/29/2017,1,2,1,Medium,12,A,,,,,,48,NA,0.6,,
2,7/29/2017,1,2,2,Low,12,A,,,,,,48,NA,0.6,,
2,7/29/2017,1,2,3,High,6,A,,,,,,48,NA,0.3,,
2,7/29/2017,1,2,4,Medium,14,A,,,,,,48,NA,0.7,,
2,7/29/2017,1,2,5,High,15,A,,,,,,48,NA,0.75,,
2,7/29/2017,1,2,6,Low,10,A,,,,,,48,NA,0.5,,
2,8/1/2017,1,2,13,Low,7,C,,,,,,48,NA,0.35,,
2,8/1/2017,1,2,14,Medium,9,C,,,,,,48,NA,0.45,,
2,8/1/2017,1,2,15,High,8,C,,,,,,48,NA,0.4,,
2,8/1/2017,1,2,16,Low,9,C,,,,,,48,NA,0.45,,
2,8/1/2017,1,2,17,High,5,C,,,,,,48,NA,0.25,,
2,8/1/2017,1,2,18,Medium,3,C,,,,,,48,NA,0.15,,
2,7/30/2017,1,3,1,Medium,11,A,,,,,,72,NA,0.55,,
2,7/30/2017,1,3,2,Low,11,A,,,,,,72,NA,0.55,,
2,7/30/2017,1,3,3,High,3,A,,,,,,72,NA,0.15,,
2,7/30/2017,1,3,4,Medium,12,A,,,,,,72,NA,0.6,,
2,7/30/2017,1,3,5,High,8,A,,,,,,72,NA,0.4,,
2,7/30/2017,1,3,6,Low,7,A,,,,,,72,NA,0.35,,
2,8/1/2017,1,3,7,Medium,11,B,,,,,,72,NA,0.55,,
2,8/1/2017,1,3,8,Low,11,B,,,,,,72,NA,0.55,,
2,8/1/2017,1,3,9,High,6,B,,,,,,72,NA,0.3,,
2,8/1/2017,1,3,10,Low,8,B,,,,,,72,NA,0.4,,
2,8/1/2017,1,3,11,High,1,B,,,,,,72,NA,0.05,,
2,8/1/2017,1,3,12,Medium,11,B,,,,,,72,NA,0.55,,
2,8/2/2017,1,4,7,Medium,10,B,,,,,,96,NA,0.5,,
2,8/2/2017,1,4,8,Low,9,B,,,,,,96,NA,0.45,,
2,8/2/2017,1,4,9,High,9,B,,,,,,96,NA,0.45,,
2,8/2/2017,1,4,10,Low,11,B,,,,,,96,NA,0.55,,
2,8/2/2017,1,4,11,High,6,B,,,,,,96,NA,0.3,,
2,8/2/2017,1,4,12,Medium,12,B,,,,,,96,NA,0.6,,
2,8/3/2017,1,4,13,Low,5,C,,,,,,96,NA,0.25,,
2,8/3/2017,1,4,14,Medium,2,C,,,,,,96,NA,0.1,,
2,8/3/2017,1,4,15,High,5,C,,,,,,96,NA,0.25,,
2,8/3/2017,1,4,16,Low,5,C,,,,,,96,NA,0.25,,
2,8/3/2017,1,4,17,High,1,C,,,,,,96,NA,0.05,,
2,8/3/2017,1,4,18,Medium,2,C,,,,,,96,NA,0.1,,
2,8/1/2017,1,5,1,Medium,3,A,,,,,,120,NA,0.15,,
2,8/1/2017,1,5,2,Low,3,A,,,,,,120,NA,0.15,,
2,8/1/2017,1,5,3,High,3,A,,,,,,120,NA,0.15,,
2,8/1/2017,1,5,4,Medium,5,A,,,,,,120,NA,0.25,,
2,8/1/2017,1,5,5,High,4,A,,,,,,120,NA,0.2,,
2,8/1/2017,1,5,6,Low,4,A,,,,,,120,NA,0.2,,
2,8/3/2017,1,5,7,Medium,2,B,,,,,,120,NA,0.1,,
2,8/3/2017,1,5,8,Low,6,B,,,,,,120,NA,0.3,,
2,8/3/2017,1,5,9,High,5,B,,,,,,120,NA,0.25,,
2,8/3/2017,1,5,10,Low,7,B,,,,,,120,NA,0.35,,
2,8/3/2017,1,5,11,High,4,B,,,,,,120,NA,0.2,,
2,8/3/2017,1,5,12,Medium,10,B,,,,,,120,NA,0.5,,
3,8/17/2017,1,1,1,Low,9,A,,,,,,24,NA,0.45,,
3,8/17/2017,1,1,2,High,12,A,,,,,,24,NA,0.6,,
3,8/17/2017,1,1,3,Medium,11,A,,,,,,24,NA,0.55,,
3,8/17/2017,1,1,4,High,12,A,,,,,,24,NA,0.6,,
3,8/17/2017,1,1,5,Medium,13,A,,,,,,24,NA,0.65,,
3,8/17/2017,1,1,6,Low,12,A,,,,,,24,NA,0.6,,
3,8/16/2017,1,1,7,Medium,14,B,,,,,,24,NA,0.7,,
3,8/16/2017,1,1,8,High,14,B,,,,,,24,NA,0.7,,
3,8/16/2017,1,1,9,Low,15,B,,,,,,24,NA,0.75,,
3,8/16/2017,1,1,10,High,16,B,,,,,,24,NA,0.8,,
3,8/16/2017,1,1,11,Low,13,B,,,,,,24,NA,0.65,,
3,8/16/2017,1,1,12,Medium,12,B,,,,,,24,NA,0.6,,
3,8/16/2017,1,1,13,Low,12,C,,,,,,24,NA,0.6,,
3,8/16/2017,1,1,14,High,13,C,,,,,,24,NA,0.65,,
3,8/16/2017,1,1,15,Low,14,C,,,,,,24,NA,0.7,,
3,8/16/2017,1,1,16,Medium,14,C,,,,,,24,NA,0.7,,
3,8/16/2017,1,1,17,High,13,C,,,,,,24,NA,0.65,,
3,8/16/2017,1,1,18,Medium,14,C,,,,,,24,NA,0.7,,
3,8/18/2017,1,2,1,Low,10,A,,,,,,48,NA,0.5,,
3,8/18/2017,1,2,2,High,9,A,,,,,,48,NA,0.45,,
3,8/18/2017,1,2,3,Medium,16,A,,,,,,48,NA,0.8,,
3,8/18/2017,1,2,4,High,13,A,,,,,,48,NA,0.65,,
3,8/18/2017,1,2,5,Medium,11,A,,,,,,48,NA,0.55,,
3,8/18/2017,1,2,6,Low,14,A,,,,,,48,NA,0.7,,
3,8/17/2017,1,2,7,Medium,15,B,,,,,,48,NA,0.75,,
3,8/17/2017,1,2,8,High,7,B,,,,,,48,NA,0.35,,
3,8/17/2017,1,2,9,Low,11,B,,,,,,48,NA,0.55,,
3,8/17/2017,1,2,10,High,4,B,,,,,,48,NA,0.2,,
3,8/17/2017,1,2,11,Low,11,B,,,,,,48,NA,0.55,,
3,8/17/2017,1,2,12,Medium,12,B,,,,,,48,NA,0.6,,
3,8/17/2017,1,2,13,Low,12,C,,,,,,48,NA,0.6,,
3,8/17/2017,1,2,14,High,9,C,,,,,,48,NA,0.45,,
3,8/17/2017,1,2,15,Low,14,C,,,,,,48,NA,0.7,,
3,8/17/2017,1,2,16,Medium,14,C,,,,,,48,NA,0.7,,
3,8/17/2017,1,2,17,High,12,C,,,,,,48,NA,0.6,,
3,8/17/2017,1,2,18,Medium,17,C,,,,,,48,NA,0.85,,
3,8/19/2017,1,3,1,Low,11,A,,,,,,72,NA,0.55,,
3,8/19/2017,1,3,2,High,3,A,,,,,,72,NA,0.15,,
3,8/19/2017,1,3,3,Medium,15,A,,,,,,72,NA,0.75,,
3,8/19/2017,1,3,4,High,10,A,,,,,,72,NA,0.5,,
3,8/19/2017,1,3,5,Medium,12,A,,,,,,72,NA,0.6,,
3,8/19/2017,1,3,6,Low,9,A,,,,,,72,NA,0.45,,
3,8/18/2017,1,3,7,Medium,16,B,,,,,,72,NA,0.8,,
3,8/18/2017,1,3,8,High,8,B,,,,,,72,NA,0.4,,
3,8/18/2017,1,3,9,Low,10,B,,,,,,72,NA,0.5,,
3,8/18/2017,1,3,10,High,8,B,,,,,,72,NA,0.4,,
3,8/18/2017,1,3,11,Low,12,B,,,,,,72,NA,0.6,,
3,8/18/2017,1,3,12,Medium,11,B,,,,,,72,NA,0.55,,
3,8/18/2017,1,3,13,Low,10,C,,,,,,72,NA,0.5,,
3,8/18/2017,1,3,14,High,10,C,,,,,,72,NA,0.5,,
3,8/18/2017,1,3,15,Low,14,C,,,,,,72,NA,0.7,,
3,8/18/2017,1,3,16,Medium,15,C,,,,,,72,NA,0.75,,
3,8/18/2017,1,3,17,High,4,C,,,,,,72,NA,0.2,,
3,8/18/2017,1,3,18,Medium,11,C,,,,,,72,NA,0.55,,
3,8/19/2017,1,4,7,Medium,9,B,,,,,,96,NA,0.45,,
3,8/19/2017,1,4,8,High,6,B,,,,,,96,NA,0.3,,
3,8/19/2017,1,4,9,Low,10,B,,,,,,96,NA,0.5,,
3,8/19/2017,1,4,10,High,7,B,,,,,,96,NA,0.35,,
3,8/19/2017,1,4,11,Low,10,B,,,,,,96,NA,0.5,,
3,8/19/2017,1,4,12,Medium,7,B,,,,,,96,NA,0.35,,
3,8/19/2017,1,4,13,Low,9,C,,,,,,96,NA,0.45,,
3,8/19/2017,1,4,14,High,6,C,,,,,,96,NA,0.3,,
3,8/19/2017,1,4,15,Low,9,C,,,,,,96,NA,0.45,,
3,8/19/2017,1,4,16,Medium,5,C,,,,,,96,NA,0.25,,
3,8/19/2017,1,4,17,High,3,C,,,,,,96,NA,0.15,,
3,8/19/2017,1,4,18,Medium,10,C,,,,,,96,NA,0.5,,
3,8/21/2017,1,5,1,Low,6,A,,,,,,120,NA,0.3,,
3,8/21/2017,1,5,2,High,6,A,,,,,,120,NA,0.3,,
3,8/21/2017,1,5,3,Medium,8,A,,,,,,120,NA,0.4,,
3,8/21/2017,1,5,4,High,8,A,,,,,,120,NA,0.4,,
3,8/21/2017,1,5,5,Medium,9,A,,,,,,120,NA,0.45,,
3,8/21/2017,1,5,6,Low,8,A,,,,,,120,NA,0.4,,
3,8/22/2017,1,6,1,Low,5,A,,,,,,144,0.25,0.25,,
3,8/22/2017,1,6,2,High,6,A,,,,,,144,0.3,0.3,,
3,8/22/2017,1,6,3,Medium,6,A,,,,,,144,0.3,0.3,,
3,8/22/2017,1,6,4,High,4,A,,,,,,144,0.2,0.2,,
3,8/22/2017,1,6,5,Medium,9,A,,,,,,144,0.45,0.45,,
3,8/22/2017,1,6,6,Low,6,A,,,,,,144,0.3,0.3,,
3,8/21/2017,1,6,7,Medium,12,B,,,,,,144,0.6,0.6,,
3,8/21/2017,1,6,8,High,4,B,,,,,,144,0.2,0.2,,
3,8/21/2017,1,6,9,Low,8,B,,,,,,144,0.4,0.4,,
3,8/21/2017,1,6,10,High,4,B,,,,,,144,0.2,0.2,,
3,8/21/2017,1,6,11,Low,3,B,,,,,,144,0.15,0.15,,
3,8/21/2017,1,6,12,Medium,2,B,,,,,,144,0.1,0.1,,
3,8/21/2017,1,6,13,Low,6,C,,,,,,144,0.3,0.3,,
3,8/21/2017,1,6,14,High,8,C,,,,,,144,0.4,0.4,,
3,8/21/2017,1,6,15,Low,6,C,,,,,,144,0.3,0.3,,
3,8/21/2017,1,6,16,Medium,4,C,,,,,,144,0.2,0.2,,
3,8/21/2017,1,6,17,High,2,C,,,,,,144,0.1,0.1,,
3,8/21/2017,1,6,18,Medium,3,C,,,,,,144,0.15,0.15,,
