year,trial,trial.duration.days,reef,treatment,initial.size,final.size,initial.sex,growth,final.sex,weight,gravid,Sex.change,Male,Female,Transitional,Immature,notes,"total recollections (out of 360 for T4 and T5 ,out of 400 for T6)",
2018,June,30,1,Low,20,24,F,4,M,0.24,NA,1,1,0,0,0,,143,0.397222222
2018,June,30,2,High,24,26,F,2,F,0.32,2,0,0,1,0,0,,,
2018,June,30,2,High,23,26,F,3,F,0.32,0,0,0,1,0,0,,,
2018,June,30,2,High,29,33,F,4,F,0.66,0,0,0,1,0,0,,,
2018,June,30,2,High,NA,16,NA,#VALUE!,I,0.07,NA,NA,0,0,0,1,,,
2018,June,30,2,High,NA,17,NA,#VALUE!,I,0.07,NA,NA,0,0,0,1,,,
2018,June,30,3,Medium,28,33,F,5,F,0.68,0,0,0,1,0,0,,,
2018,June,30,3,Medium,26,30,F,4,M,0.53,NA,1,1,0,0,0,,,
2018,June,30,3,Medium,NA,11,NA,#VALUE!,I,0.04,NA,NA,0,0,0,1,,,
2018,June,30,4,High,NA,12,NA,#VALUE!,I,0.03,NA,NA,0,0,0,1,,,
2018,June,30,4,High,31,32,F,1,T,0.61,NA,1,0,0,1,0,,,
2018,June,30,5,Medium,NA,13,NA,#VALUE!,I,0.04,NA,NA,0,0,0,1,,,
2018,June,30,5,Medium,31,34,F,3,F,0.66,0,0,0,1,0,0,,,
2018,June,30,5,Medium,26,29,F,3,F,0.48,0,0,0,1,0,0,,,
2018,June,30,6,Low,NA,15,NA,#VALUE!,I,0.07,NA,NA,0,0,0,1,,,
2018,June,30,6,Low,22,28,F,6,F,0.41,1,0,0,1,0,0,,,
2018,June,30,6,Low,29,30,F,1,F,0.59,3,0,0,1,0,0,,,
2018,June,30,6,Low,26,28,F,2,F,0.42,3,0,0,1,0,0,,,
2018,June,30,7,Medium,NA,17,NA,#VALUE!,I,0.09,NA,NA,0,0,0,1,,,
2018,June,30,7,Medium,NA,11,NA,#VALUE!,I,0.05,NA,NA,0,0,0,1,,,
2018,June,30,7,Medium,31,34,F,3,M,0.77,NA,1,1,0,0,0,,,
2018,June,30,7,Medium,31,34,F,3,T,0.68,NA,1,0,0,1,0,,,
2018,June,30,8,High,NA,10,NA,#VALUE!,I,0.02,NA,NA,0,0,0,1,,,
2018,June,30,8,High,NA,11,NA,#VALUE!,I,0.03,NA,NA,0,0,0,1,,,
2018,June,30,8,High,NA,12,NA,#VALUE!,I,0.04,NA,NA,0,0,0,1,,,
2018,June,30,8,High,26,29,F,3,F,0.57,3,0,0,1,0,0,,,
2018,June,30,8,High,23,26,F,3,M,0.32,NA,1,1,0,0,0,,,
2018,June,30,8,High,30,33,F,3,T,0.61,NA,1,0,0,1,0,,,
2018,June,30,9,Low,NA,13,NA,#VALUE!,I,0.04,NA,NA,0,0,0,1,,,
2018,June,30,9,Low,NA,12,NA,#VALUE!,I,0.04,NA,NA,0,0,0,1,,,
2018,June,30,9,Low,26,26,F,0,F,0.36,0,0,0,1,0,0,,,
2018,June,30,9,Low,27,30,F,3,T,0.55,NA,1,0,0,1,0,,,
2018,June,30,10,Medium,29,31,F,2,F,0.58,2,0,0,1,0,0,,,
2018,June,30,10,Medium,26,28,F,2,F,0.49,1,0,0,1,0,0,,,
2018,June,30,10,Medium,26,28,F,2,M,0.4,NA,1,1,0,0,0,,,
2018,June,30,10,Medium,28,30,F,2,F,0.5,1,0,0,1,0,0,,,
2018,June,30,11,Low,NA,18,NA,#VALUE!,I,0.11,NA,NA,0,0,0,1,,,
2018,June,30,11,Low,NA,10,NA,#VALUE!,I,0.03,NA,NA,0,0,0,1,,,
2018,June,30,11,Low,32,32,M,0,F,0.6,0,1,0,1,0,0,,,
2018,June,30,11,Low,23,26,F,3,F,0.37,1,0,0,1,0,0,,,
2018,June,30,11,Low,27,29,F,2,F,0.46,1,0,0,1,0,0,,,
2018,June,30,11,Low,37,38,M,1,M,0.98,NA,0,1,0,0,0,,,
2018,June,30,11,Low,33,38,M,5,M,1,NA,0,1,0,0,0,,,
2018,June,30,11,Low,31,37,F,6,M,0.91,NA,1,1,0,0,0,,,
2018,June,30,11,Low,26,30,F,4,M,0.57,NA,1,1,0,0,0,,,
2018,June,30,11,Low,27,29,F,2,F,0.52,1,0,0,1,0,0,,,
2018,June,30,11,Low,28,31,F,3,F,0.6,2,0,0,1,0,0,,,
2018,June,30,11,Low,23,26,F,3,F,0.4,2,0,0,1,0,0,,,
2018,June,30,11,Low,26,28,F,2,F,0.46,0,0,0,1,0,0,,,
2018,June,30,11,Low,30,37,F,7,M,0.98,NA,1,1,0,0,0,,,
2018,June,30,11,Low,29,30,F,1,F,0.53,1,0,0,1,0,0,,,
2018,June,30,11,Low,24,28,F,4,F,0.43,1,0,0,1,0,0,,,
2018,June,30,11,Low,31,34,F,3,F,0.76,2,0,0,1,0,0,,,
2018,June,30,12,High,NA,10,NA,#VALUE!,I,0.05,NA,NA,0,0,0,1,,,
2018,June,30,12,High,25,27,F,2,F,0.36,0,0,0,1,0,0,,,
2018,June,30,12,High,25,27,F,2,F,0.37,0,0,0,1,0,0,,,
2018,June,30,12,High,26,28,F,2,F,0.41,0,0,0,1,0,0,,,
2018,June,30,12,High,23,26,F,3,F,0.33,0,0,0,1,0,0,,,
2018,June,30,12,High,30,32,F,2,M,0.61,NA,1,1,0,0,0,,,
2018,June,30,12,High,33,34,M,1,M,0.7,NA,0,1,0,0,0,,,
2018,June,30,12,High,28,32,F,4,F,0.61,0,0,0,1,0,0,,,
2018,June,30,12,High,29,34,F,5,M,0.75,NA,1,1,0,0,0,,,
2018,June,30,12,High,31,35,F,4,F,0.77,0,0,0,1,0,0,,,
2018,June,30,12,High,26,28,F,2,F,0.39,0,0,0,1,0,0,,,
2018,June,30,12,High,29,29,F,0,F,0.52,3,0,0,1,0,0,,,
2018,June,30,12,High,27,27,F,0,F,0.37,0,0,0,1,0,0,,,
2018,June,30,12,High,29,31,F,2,F,0.58,1,0,0,1,0,0,,,
2018,June,30,13,Low,NA,10,NA,#VALUE!,I,0.04,NA,NA,0,0,0,1,,,
2018,June,30,13,Low,25,28,F,3,F,0.4,0,0,0,1,0,0,Fuzz Face,,
2018,June,30,13,Low,29,36,F,7,M,0.77,NA,1,1,0,0,0,,,
2018,June,30,13,Low,25,26,F,1,F,0.33,0,0,0,1,0,0,,,
2018,June,30,13,Low,26,29,F,3,F,0.46,0,0,0,1,0,0,,,
2018,June,30,13,Low,29,31,F,2,F,0.58,0,0,0,1,0,0,,,
2018,June,30,13,Low,28,31,F,3,F,0.49,1,0,0,1,0,0,,,
2018,June,30,13,Low,27,28,F,1,F,0.45,2,0,0,1,0,0,,,
2018,June,30,13,Low,26,29,F,3,F,0.43,0,0,0,1,0,0,,,
2018,June,30,13,Low,21,26,F,5,F,0.32,1,0,0,1,0,0,,,
2018,June,30,13,Low,25,29,F,4,F,0.5,2,0,0,1,0,0,,,
2018,June,30,13,Low,25,29,F,4,F,0.44,0,0,0,1,0,0,,,
2018,June,30,13,Low,27,29,F,2,F,0.49,2,0,0,1,0,0,,,
2018,June,30,13,Low,30,35,F,5,T,0.83,NA,1,0,0,1,0,,,
2018,June,30,14,Medium,NA,14,NA,#VALUE!,I,0.06,NA,NA,0,0,0,1,,,
2018,June,30,14,Medium,24,26,F,2,F,0.34,0,0,0,1,0,0,,,
2018,June,30,14,Medium,30,36,F,6,M,0.88,NA,1,1,0,0,0,,,
2018,June,30,14,Medium,33,37,M,4,M,0.93,NA,0,1,0,0,0,,,
2018,June,30,14,Medium,33,35,M,2,M,0.85,NA,0,1,0,0,0,,,
2018,June,30,14,Medium,28,30,F,2,F,0.54,0,0,0,1,0,0,,,
2018,June,30,14,Medium,26,28,F,2,M,0.4,NA,1,1,0,0,0,,,
2018,June,30,14,Medium,29,31,F,2,F,0.49,0,0,0,1,0,0,,,
2018,June,30,14,Medium,29,31,F,2,F,0.56,0,0,0,1,0,0,,,
2018,June,30,14,Medium,25,28,F,3,F,0.4,0,0,0,1,0,0,,,
2018,June,30,14,Medium,31,34,F,3,F,0.72,0,0,0,1,0,0,,,
2018,June,30,14,Medium,26,31,F,5,F,0.57,1,0,0,1,0,0,,,
2018,June,30,14,Medium,26,27,F,1,F,0.33,0,0,0,1,0,0,,,
2018,June,30,14,Medium,26,26,F,0,F,0.37,1,0,0,1,0,0,,,
2018,June,30,14,Medium,24,27,F,3,F,0.34,1,0,0,1,0,0,,,
2018,June,30,14,Medium,27,30,F,3,F,0.47,0,0,0,1,0,0,,,
2018,June,30,14,Medium,25,26,F,1,F,0.35,0,0,0,1,0,0,,,
2018,June,30,14,Medium,28,29,F,1,F,0.53,2,0,0,1,0,0,,,
2018,June,30,14,Medium,25,26,F,1,F,0.33,1,0,0,1,0,0,,,
2018,June,30,15,Low,27,34,F,7,M,0.73,NA,1,1,0,0,0,,,
2018,June,30,15,Low,31,34,F,3,M,0.74,NA,1,1,0,0,0,,,
2018,June,30,15,Low,24,27,F,3,F,0.37,1,0,0,1,0,0,,,
2018,June,30,15,Low,23,26,F,3,F,0.34,0,0,0,1,0,0,,,
2018,June,30,15,Low,30,32,F,2,F,0.6,1,0,0,1,0,0,,,
2018,June,30,15,Low,25,28,F,3,F,0.45,0,0,0,1,0,0,,,
2018,June,30,15,Low,31,31,F,0,F,0.58,0,0,0,1,0,0,,,
2018,June,30,15,Low,33,36,M,3,M,0.83,NA,0,1,0,0,0,,,
2018,June,30,15,Low,41,41,M,0,M,1.1,NA,0,1,0,0,0,,,
2018,June,30,16,High,33,33,M,0,M,0.63,NA,0,1,0,0,0,,,
2018,June,30,16,High,27,30,F,3,F,0.5,0,0,0,1,0,0,,,
2018,June,30,16,High,25,28,F,3,F,0.38,0,0,0,1,0,0,,,
2018,June,30,16,High,NA,19,NA,#VALUE!,I,0.12,NA,NA,0,0,0,1,,,
2018,June,30,16,High,26,30,F,4,F,0.57,3,0,0,1,0,0,,,
2018,June,30,16,High,25,28,F,3,F,0.41,0,0,0,1,0,0,,,
2018,June,30,16,High,23,26,F,3,F,0.33,0,0,0,1,0,0,,,
2018,June,30,16,High,27,33,F,6,T,0.7,NA,1,0,0,1,0,,,
2018,June,30,16,High,26,28,F,2,F,0.43,0,0,0,1,0,0,,,
2018,June,30,16,High,28,31,F,3,F,0.52,0,0,0,1,0,0,,,
2018,June,30,17,Medium,28,30,F,2,F,0.5,2,0,0,1,0,0,,,
2018,June,30,17,Medium,33,36,M,3,M,0.87,NA,0,1,0,0,0,,,
2018,June,30,17,Medium,40,40,M,0,M,0.9,NA,0,1,0,0,0,,,
2018,June,30,17,Medium,31,36,F,5,M,0.84,NA,1,1,0,0,0,,,
2018,June,30,17,Medium,24,27,F,3,F,0.38,0,0,0,1,0,0,,,
2018,June,30,17,Medium,26,28,F,2,F,0.41,0,0,0,1,0,0,,,
2018,June,30,17,Medium,24,26,F,2,M,0.27,NA,1,1,0,0,0,,,
2018,June,30,17,Medium,25,26,F,1,F,0.33,0,0,0,1,0,0,,,
2018,June,30,17,Medium,23,26,F,3,F,0.28,0,0,0,1,0,0,,,
2018,June,30,17,Medium,27,29,F,2,F,0.44,3,0,0,1,0,0,,,
2018,June,30,17,Medium,29,31,F,2,F,0.53,0,0,0,1,0,0,,,
2018,June,30,17,Medium,30,31,F,1,F,0.54,0,0,0,1,0,0,,,
2018,June,30,17,Medium,28,31,F,3,F,0.53,0,0,0,1,0,0,,,
2018,June,30,17,Medium,26,29,F,3,F,0.46,3,0,0,1,0,0,,,
2018,June,30,17,Medium,29,31,F,2,F,0.52,0,0,0,1,0,0,,,
2018,June,30,17,Medium,30,32,F,2,M,0.64,NA,1,1,0,0,0,,,
2018,June,30,17,Medium,31,32,F,1,F,0.63,2,0,0,1,0,0,,,
2018,June,30,18,High,NA,10,NA,#VALUE!,I,0.04,NA,NA,0,0,0,1,,,
2018,June,30,18,High,NA,11,NA,#VALUE!,I,0.05,NA,NA,0,0,0,1,,,
2018,June,30,18,High,26,31,F,5,M,0.53,NA,1,1,0,0,0,,,
2018,June,30,18,High,24,27,F,3,F,0.37,0,0,0,1,0,0,,,
2018,June,30,18,High,29,32,F,3,M,0.62,NA,1,1,0,0,0,,,
2018,June,30,18,High,28,29,F,1,F,0.44,0,0,0,1,0,0,,,
2018,June,30,18,High,29,32,F,3,T,0.57,NA,1,0,0,1,0,,,
2018,August,14,1,Low,24,26,F,2,F,0.32,0,0,0,1,0,0,"less than 30 was considered female, and more than 30 was considered male. this trail was only two weeks long. I don't think it's too accurate to use it as a way to measure sex change. I'm going to put it in, but I don't see it bing too strong of an indicator",66,0.165
2018,August,14,2,Control,21,23,F,2,F,0.22,0,0,0,1,0,0,,,
2018,August,14,2,Control,NA,12,NA,#VALUE!,I,0.02,NA,NA,0,0,0,1,,,
2018,August,14,3,Medium,23,25,F,2,F,0.26,0,0,0,1,0,0,,,
2018,August,14,3,Medium,27,31,F,4,M,0.46,NA,1,1,0,0,0,,,
2018,August,14,3,Medium,23,23,F,0,F,0.24,0,0,0,1,0,0,,,
2018,August,14,3,Medium,25,26,F,1,M,0.34,NA,1,1,0,0,0,,,
2018,August,14,3,Medium,26,28,F,2,F,0.34,0,0,0,1,0,0,,,
2018,August,14,4,Low,NA,12,NA,#VALUE!,I,0.02,NA,NA,0,0,0,1,,,
2018,August,14,4,Low,23,26,F,3,T,0.32,NA,1,0,0,1,0,,,
2018,August,14,5,Control,22,24,F,2,F,0.28,0,0,0,1,0,0,,,
2018,August,14,5,Control,21,21,F,0,F,0.18,0,0,0,1,0,0,,,
2018,August,14,5,Control,24,25,F,1,M,0.32,NA,1,1,0,0,0,,,
2018,August,14,6,Medium,22,24,F,2,T,0.3,NA,1,0,0,1,0,,,
2018,August,14,6,Medium,25,25,F,0,F,0.26,0,0,0,1,0,0,,,
2018,August,14,6,Medium,24,27,F,3,F,0.36,0,0,0,1,0,0,,,
2018,August,14,6,Medium,NA,27,NA,#VALUE!,M,0.36,0,NA,1,0,0,0,,,
2018,August,14,6,Medium,22,22,F,0,F,0.24,0,0,0,1,0,0,,,
2018,August,14,6,Medium,NA,29,NA,#VALUE!,M,0.46,NA,NA,1,0,0,0,,,
2018,August,14,7,High,21,22,F,1,F,0.18,0,0,0,1,0,0,,,
2018,August,14,7,High,25,27,F,2,M,0.34,NA,1,1,0,0,0,,,
2018,August,14,7,High,23,23,F,0,F,0.26,0,0,0,1,0,0,,,
2018,August,14,7,High,28,28,F,0,F,0.42,2,0,0,1,0,0,,,
2018,August,14,7,High,33,33,M,0,T,0.64,NA,1,0,0,1,0,,,
2018,August,14,8,Control,22,23,F,1,F,0.24,0,0,0,1,0,0,,,
2018,August,14,8,Control,29,30,F,1,T,0.48,NA,1,0,0,1,0,,,
2018,August,14,8,Control,26,29,F,3,M,0.42,NA,1,1,0,0,0,,,
2018,August,14,8,Control,23,26,F,3,M,0.3,NA,1,1,0,0,0,,,
2018,August,14,8,Control,20,21,F,1,F,0.2,0,0,0,1,0,0,,,
2018,August,14,8,Control,27,27,F,0,F,0.32,1,0,0,1,0,0,,,
2018,August,14,9,Low,21,24,F,3,M,0.26,NA,1,1,0,0,0,,,
2018,August,14,9,Low,31,31,M,0,F,0.54,1,1,0,1,0,0,,,
2018,August,14,9,Low,28,29,F,1,F,0.42,3,0,0,1,0,0,,,
2018,August,14,9,Low,23,26,F,3,F,0.3,0,0,0,1,0,0,,,
2018,August,14,9,Low,33,35,M,2,T,0.7,NA,1,0,0,1,0,,,
2018,August,14,10,High,23,25,F,2,F,0.24,0,0,0,1,0,0,,,
2018,August,14,10,High,NA,18,NA,#VALUE!,I,0.14,NA,NA,0,0,0,1,,,
2018,August,14,10,High,31,39,M,8,M,0.94,NA,0,1,0,0,0,,,
2018,August,14,10,High,21,23,F,2,M,0.24,NA,1,1,0,0,0,,,
2018,August,14,10,High,NA,16,NA,#VALUE!,I,0.04,NA,NA,0,0,0,1,,,
2018,August,14,10,High,21,23,F,2,F,0.22,1,0,0,1,0,0,,,
2018,August,14,11,Medium,27,29,F,2,M,0.44,NA,1,1,0,0,0,,,
2018,August,14,12,Control,24,26,F,2,F,0.28,0,0,0,1,0,0,,,
2018,August,14,13,Low,24,27,F,3,F,0.32,0,0,0,1,0,0,,,
2018,August,14,13,Low,28,30,F,2,T,0.5,NA,1,0,0,1,0,,,
2018,August,14,13,Low,25,25,F,0,F,0.3,0,0,0,1,0,0,,,
2018,August,14,14,Medium,25,26,F,1,M,0.32,NA,1,1,0,0,0,,,
2018,August,14,15,High,30,31,F,1,T,0.44,NA,1,0,0,1,0,,,
2018,August,14,15,High,28,28,F,0,F,0.42,0,0,0,1,0,0,,,
2018,August,14,15,High,21,24,F,3,M,0.26,NA,1,1,0,0,0,,,
2018,August,14,15,High,21,24,F,3,F,0.24,1,0,0,1,0,0,,,
2018,August,14,16,Low,22,23,F,1,F,0.2,0,0,0,1,0,0,,,
2018,August,14,16,Low,22,23,F,1,F,0.24,0,0,0,1,0,0,,,
2018,August,14,16,Low,26,29,F,3,F,0.46,0,0,0,1,0,0,,,
2018,August,14,17,High,25,29,F,4,M,0.4,NA,1,1,0,0,0,,,
2018,August,14,17,High,26,27,F,1,F,0.32,0,0,0,1,0,0,,,
2018,August,14,18,Medium,22,25,F,3,F,0.26,0,0,0,1,0,0,,,
2018,August,14,18,Medium,28,28,F,0,F,0.4,0,0,0,1,0,0,,,
2018,August,14,19,Control,NA,11,NA,#VALUE!,I,0.04,NA,NA,0,0,0,1,,,
2018,August,14,19,Control,27,28,F,1,M,0.38,NA,1,1,0,0,0,,,
2018,August,14,19,Control,21,22,F,1,F,0.22,0,0,0,1,0,0,,,
2018,August,14,19,Control,24,25,F,1,F,0.26,0,0,0,1,0,0,,,
2018,August,14,20,High,30,30,F,0,F,0.4,0,0,0,1,0,0,,,
2018,August,14,20,High,24,26,F,2,F,0.3,0,0,0,1,0,0,,,
2018,August,14,20,High,29,30,F,1,M,0.44,NA,1,1,0,0,0,,,
2018,August,14,20,High,21,22,F,1,F,0.18,0,0,0,1,0,0,,,
2018,July,30,1,High,27,29,F,2,M,0.4,NA,1,1,0,0,0,109,0.302777778,"these are final numbers of male or female fish that I recollected from the reefs, not initial"
2018,July,30,1,High,30,30,F,0,F,0.5,0,0,0,1,0,0,,,
2018,July,30,1,High,34,34,M,0,M,0.65,NA,0,1,0,0,0,,,
2018,July,30,1,High,NA,21,NA,#VALUE!,F,0.18,0,NA,0,1,0,0,,,
2018,July,30,1,High,NA,16,NA,#VALUE!,I,NA,NA,NA,0,0,0,1,,,
2018,July,30,2,Low,22,27,F,5,F,0.36,0,0,0,1,0,0,,,
2018,July,30,2,Low,28,28,F,0,F,0.48,2,0,0,1,0,0,,,
2018,July,30,2,Low,33,36,M,3,M,0.76,NA,0,1,0,0,0,,,
2018,July,30,2,Low,30,31,F,1,F,0.53,0,0,0,1,0,0,,,
2018,July,30,2,Low,33,35,M,2,F,0.82,2,1,0,1,0,0,,,
2018,July,30,2,Low,29,31,F,2,M,0.57,NA,1,1,0,0,0,,,
2018,July,30,2,Low,25,26,F,1,T,0.32,NA,1,0,0,1,0,,,
2018,July,30,2,Low,27,29,F,2,F,0.43,0,0,0,1,0,0,,,
2018,July,30,2,Low,28,30,F,2,F,0.54,3,0,0,1,0,0,,,
2018,July,30,2,Low,30,32,F,2,F,0.49,0,0,0,1,0,0,,,
2018,July,30,3,Medium,23,27,F,4,F,0.38,1,0,0,1,0,0,,,
2018,July,30,3,Medium,28,29,F,1,F,0.48,0,0,0,1,0,0,,,
2018,July,30,3,Medium,22,26,F,4,F,0.33,0,0,0,1,0,0,,,
2018,July,30,3,Medium,34,36,M,2,M,0.91,NA,0,1,0,0,0,,,
2018,July,30,3,Medium,33,35,M,2,F,0.69,0,1,0,1,0,0,,,
2018,July,30,3,Medium,31,34,F,3,F,0.82,0,0,0,1,0,0,,,
2018,July,30,3,Medium,30,31,F,1,F,0.59,2,0,0,1,0,0,,,
2018,July,30,4,Low,NA,10,NA,#VALUE!,I,NA,NA,NA,0,0,0,1,,,
2018,July,30,4,Low,NA,23,NA,#VALUE!,I,0.23,NA,NA,0,0,0,1,,,
2018,July,30,4,Low,28,29,F,1,F,0.4,0,0,0,1,0,0,,,
2018,July,30,4,Low,26,29,F,3,F,0.38,0,0,0,1,0,0,,,
2018,July,30,4,Low,25,27,F,2,M,0.35,NA,1,1,0,0,0,,,
2018,July,30,4,Low,30,31,F,1,M,0.52,NA,1,1,0,0,0,,,
2018,July,30,4,Low,23,26,F,3,F,0.35,3,0,0,1,0,0,,,
2018,July,30,5,Medium,30,33,F,3,M,0.87,NA,1,1,0,0,0,,,
2018,July,30,5,Medium,31,32,F,1,F,0.65,3,0,0,1,0,0,,,
2018,July,30,5,Medium,29,31,F,2,F,0.5,1,0,0,1,0,0,,,
2018,July,30,5,Medium,29,31,F,2,F,0.54,0,0,0,1,0,0,,,
2018,July,30,5,Medium,28,28,F,0,F,0.51,2,0,0,1,0,0,,,
2018,July,30,5,Medium,32,35,M,3,T,0.74,NA,1,0,0,1,0,,,
2018,July,30,5,Medium,29,31,F,2,M,0.83,NA,1,1,0,0,0,,,
2018,July,30,6,High,30,32,F,2,T,0.56,NA,1,0,0,1,0,,,
2018,July,30,6,High,NA,20,NA,#VALUE!,F,0.17,0,NA,0,1,0,0,,,
2018,July,30,6,High,NA,14,NA,#VALUE!,I,NA,NA,NA,0,0,0,1,,,
2018,July,30,6,High,28,29,F,1,F,0.42,0,0,0,1,0,0,,,
2018,July,30,7,Medium,20,26,F,6,F,0.32,0,0,0,1,0,0,,,
2018,July,30,7,Medium,22,26,F,4,F,0.29,0,0,0,1,0,0,,,
2018,July,30,7,Medium,35,36,M,1,M,0.82,NA,0,1,0,0,0,,,
2018,July,30,7,Medium,32,36,M,4,M,0.89,NA,0,1,0,0,0,,,
2018,July,30,7,Medium,29,34,F,5,M,0.69,NA,1,1,0,0,0,,,
2018,July,30,7,Medium,28,29,F,1,F,0.45,1,0,0,1,0,0,,,
2018,July,30,7,Medium,29,31,F,2,F,0.53,0,0,0,1,0,0,,,
2018,July,30,7,Medium,27,28,F,1,F,0.43,2,0,0,1,0,0,,,
2018,July,30,7,Medium,20,25,F,5,F,0.32,0,0,0,1,0,0,,,
2018,July,30,8,Low,NA,21,NA,#VALUE!,M,0.17,NA,NA,1,0,0,0,,,
2018,July,30,8,Low,NA,21,NA,#VALUE!,I,0.13,NA,NA,0,0,0,1,,,
2018,July,30,8,Low,30,35,F,5,M,0.69,NA,1,1,0,0,0,,,
2018,July,30,8,Low,33,34,M,1,T,0.71,NA,1,0,0,1,0,,,
2018,July,30,8,Low,31,31,F,0,F,0.53,0,0,0,1,0,0,,,
2018,July,30,8,Low,29,30,F,1,F,0.46,0,0,0,1,0,0,,,
2018,July,30,8,Low,29,28,F,-1,F,0.44,1,0,0,1,0,0,,,
2018,July,30,8,Low,29,32,F,3,F,0.54,0,0,0,1,0,0,,,
2018,July,30,9,High,NA,21,NA,#VALUE!,F,0.21,0,NA,0,1,0,0,,,
2018,July,30,9,High,32,34,M,2,F,0.64,0,1,0,1,0,0,,,
2018,July,30,9,High,33,35,M,2,M,0.77,NA,0,1,0,0,0,,,
2018,July,30,10,Medium,23,25,F,2,F,0.31,3,0,0,1,0,0,,,
2018,July,30,10,Medium,28,29,F,1,M,0.4,NA,1,1,0,0,0,,,
2018,July,30,10,Medium,39,39,M,0,M,0.91,NA,0,1,0,0,0,,,
2018,July,30,10,Medium,32,36,M,4,M,0.87,NA,0,1,0,0,0,,,
2018,July,30,10,Medium,28,29,F,1,F,0.39,0,0,0,1,0,0,,,
2018,July,30,11,Low,NA,11,NA,#VALUE!,I,0.02,NA,NA,0,0,0,1,,,
2018,July,30,11,Low,NA,23,NA,#VALUE!,F,0.22,0,NA,0,1,0,0,,,
2018,July,30,11,Low,NA,20,NA,#VALUE!,M,0.16,NA,NA,1,0,0,0,,,
2018,July,30,11,Low,29,31,F,2,M,0.5,NA,1,1,0,0,0,,,
2018,July,30,11,Low,27,28,F,1,F,0.38,0,0,0,1,0,0,,,
2018,July,30,11,Low,27,30,F,3,F,0.49,1,0,0,1,0,0,,,
2018,July,30,11,Low,34,35,M,1,M,0.68,NA,0,1,0,0,0,,,
2018,July,30,12,High,NA,21,NA,#VALUE!,I,0.17,NA,NA,0,0,0,1,,,
2018,July,30,13,Low,NA,20,NA,#VALUE!,I,0.16,NA,NA,0,0,0,1,,,
2018,July,30,14,Medium,25,31,F,6,M,0.52,NA,1,1,0,0,0,,,
2018,July,30,14,Medium,29,30,F,1,T,0.49,NA,1,0,0,1,0,,,
2018,July,30,14,Medium,29,31,F,2,F,0.51,0,0,0,1,0,0,,,
2018,July,30,14,Medium,NA,26,NA,#VALUE!,F,0.28,0,NA,0,1,0,0,,,
2018,July,30,14,Medium,28,31,F,3,F,0.5,1,0,0,1,0,0,,,
2018,July,30,15,High,31,31,F,0,T,0.52,NA,1,0,0,1,0,,,
2018,July,30,15,High,NA,17,NA,#VALUE!,I,0.09,NA,NA,0,0,0,1,,,
2018,July,30,15,High,31,35,F,4,M,0.74,NA,1,1,0,0,0,,,
2018,July,30,15,High,31,33,F,2,M,0.57,NA,1,1,0,0,0,,,
2018,July,30,15,High,29,30,F,1,F,0.46,0,0,0,1,0,0,,,
2018,July,30,15,High,32,31,M,-1,M,0.47,NA,0,1,0,0,0,,,
2018,July,30,15,High,27,28,F,1,F,0.41,1,0,0,1,0,0,,,
2018,July,30,15,High,30,34,F,4,T,0.8,NA,1,0,0,1,0,,,
2018,July,30,15,High,28,30,F,2,M,0.47,NA,1,1,0,0,0,,,
2018,July,30,15,High,29,30,F,1,F,0.53,0,0,0,1,0,0,,,
2018,July,30,15,High,25,26,F,1,F,0.34,2,0,0,1,0,0,,,
2018,July,30,16,Medium,NA,20,NA,#VALUE!,M,0.14,NA,NA,1,0,0,0,,,
2018,July,30,16,Medium,27,28,F,1,F,0.4,0,0,0,1,0,0,,,
2018,July,30,16,Medium,28,29,F,1,F,0.4,0,0,0,1,0,0,,,
2018,July,30,16,Medium,28,30,F,2,F,0.45,1,0,0,1,0,0,,,
2018,July,30,16,Medium,30,31,F,1,T,0.54,NA,1,0,0,1,0,,,
2018,July,30,16,Medium,30,30,F,0,F,0.58,1,0,0,1,0,0,,,
2018,July,30,17,Low,23,26,F,3,F,0.37,1,0,0,1,0,0,,,
2018,July,30,17,Low,27,29,F,2,F,0.5,0,0,0,1,0,0,,,
2018,July,30,17,Low,28,29,F,1,F,0.4,0,0,0,1,0,0,,,
2018,July,30,17,Low,30,31,F,1,F,0.54,0,0,0,1,0,0,,,
2018,July,30,17,Low,33,34,M,1,M,0.77,NA,0,1,0,0,0,,,
2018,July,30,18,High,25,27,F,2,F,0.35,0,0,0,1,0,0,,,
2018,July,30,18,High,30,34,F,4,M,0.63,NA,1,1,0,0,0,,,
2018,July,30,18,High,NA,17,NA,#VALUE!,I,0.1,NA,NA,0,0,0,1,,,
2018,July,30,18,High,22,25,F,3,F,0.26,0,0,0,1,0,0,,,
2018,July,30,18,High,29,31,F,2,T,0.45,NA,1,0,0,1,0,,,
2018,July,30,18,High,27,31,F,4,M,0.55,NA,1,1,0,0,0,,,
2018,July,30,18,High,23,26,F,3,M,0.3,NA,1,1,0,0,0,,,
2018,July,30,18,High,30,28,F,-2,F,0.4,2,0,0,1,0,0,,,
2017,June,14,1,,28,27,F,-1,F,thinking I should go ahead and use the length-biomass curve to calculate final biomass here. Thinking that final female biomass recollected would be a good metric to standardize by.,*****,0,0,1,0,0,*****might have to consult raw collection data to figure out if they were gravid when I recollected them,,
2017,June,14,1,,26,28,F,2,F,,,0,0,1,0,0,,,
2017,June,14,1,,27,27,F,0,F,,,0,0,1,0,0,,,
2017,June,14,1,,24,26,M,2,M,,,0,1,0,0,0,,,
2017,June,14,2,,27,29,F,2,F,,,0,0,1,0,0,,,
2017,June,14,2,,28,28,F,0,F,,,0,0,1,0,0,,,
2017,June,14,2,,27,28,F,1,F,,,0,0,1,0,0,,,
2017,June,14,2,,32,31,F,-1,F,,,0,0,1,0,0,"denotes gravid initially, thinking they weren't gravid at the end of two weeks, however",,
2017,June,14,3,,28,30,F,2,F,,,0,0,1,0,0,,,
2017,June,14,3,,28,29,F,1,F,,,0,0,1,0,0,,,
2017,June,14,3,,27,28,F,1,F,,,0,0,1,0,0,,,
2017,June,14,3,,27,27,F,0,F,,,0,0,1,0,0,,,
2017,June,14,3,,30,34,F,4,F,,,0,0,1,0,0,,,
2017,June,14,3,,23,24,F,1,F,,,0,0,1,0,0,,,
2017,June,14,3,,28,29,F,1,F,,,0,0,1,0,0,,,
2017,June,14,3,,32,35,M,3,M,,,0,1,0,0,0,,,
2017,June,14,4,,25,26,F,1,F,,,0,0,1,0,0,,,
2017,June,14,4,,28,28,F,0,F,,,0,0,1,0,0,,,
2017,June,14,4,,28,28,F,0,F,,,0,0,1,0,0,,,
2017,June,14,4,,29,30,F,1,F,,,0,0,1,0,0,,,
2017,June,14,4,,26,27,F,1,F,,,0,0,1,0,0,,,
2017,June,14,4,,27,27,F,0,F,,,0,0,1,0,0,,,
2017,June,14,4,,32,34,F,2,F,,,0,0,1,0,0,,,
2017,June,14,4,,31,31,F,0,F,,,0,0,1,0,0,,,
2017,June,14,4,,NA,13,I,#VALUE!,I,,,0,0,0,0,1,,,
2017,June,14,4,,NA,11,I,#VALUE!,I,,,0,0,0,0,1,,,
2017,June,14,4,,NA,12,I,#VALUE!,I,,,0,0,0,0,1,,,
2017,June,14,4,,NA,13,I,#VALUE!,I,,,0,0,0,0,1,,,
2017,June,14,4,,NA,14,I,#VALUE!,I,,,0,0,0,0,1,,,
2017,June,14,4,,NA,12,I,#VALUE!,I,,,0,0,0,0,1,,,
2017,June,14,4,,NA,13,I,#VALUE!,I,,,0,0,0,0,1,,,
2017,June,14,4,,NA,14,I,#VALUE!,I,,,0,0,0,0,1,,,
2017,June,14,5,,25,26,F,1,F,,,0,0,1,0,0,,,
2017,June,14,5,,29,30,F,1,F,,,0,0,1,0,0,,,
2017,June,14,5,,28,30,F,2,F,,,0,0,1,0,0,,,
2017,June,14,5,,29,31,F,2,F,,,0,0,1,0,0,,,
2017,June,14,5,,31,31,F,0,F,,,0,0,1,0,0,,,
2017,June,14,5,,32,33,F,1,F,,,0,0,1,0,0,,,
2017,June,14,5,,31,34,F,3,F,,,0,0,1,0,0,,,
2017,June,14,6,,24,24,F,0,F,,,0,0,1,0,0,,,
2017,June,14,6,,27,27,F,0,F,,,0,0,1,0,0,,,
2017,June,14,6,,29,32,F,3,F,,,0,0,1,0,0,,,
2017,June,14,6,,26,24,F,-2,F,,,0,0,1,0,0,,,
2017,June,14,6,,28,26,F,-2,F,,,0,0,1,0,0,,,
2017,June,14,6,,NA,11,I,#VALUE!,I,,,0,0,0,0,1,,,
2017,June,14,6,,NA,13,I,#VALUE!,I,,,0,0,0,0,1,,,
2017,June,14,6,,NA,10,I,#VALUE!,I,,,0,0,0,0,1,,,
2017,June,14,7,,24,25,F,1,F,,,0,0,1,0,0,,,
2017,June,14,7,,29,31,F,2,F,,,0,0,1,0,0,,,
2017,June,14,7,,27,28,F,1,F,,,0,0,1,0,0,,,
2017,June,14,7,,28,29,F,1,F,,,0,0,1,0,0,,,
2017,June,14,7,,27,29,F,2,F,,,0,0,1,0,0,,,
2017,June,14,7,,29,30,F,1,F,,,0,0,1,0,0,,,
2017,June,14,7,,NA,12,I,#VALUE!,I,,,0,0,0,0,1,,,
2017,June,14,7,,NA,21,F,#VALUE!,F,,,0,0,1,0,0,untagged,,
2017,June,14,8,,27,27,F,0,F,,,0,0,1,0,0,,,
2017,June,14,8,,26,27,F,1,F,,,0,0,1,0,0,,,
2017,June,14,8,,27,28,F,1,F,,,0,0,1,0,0,,,
2017,June,14,8,,28,29,F,1,F,,,0,0,1,0,0,,,
2017,June,14,8,,27,28,F,1,F,,,0,0,1,0,0,,,
2017,June,14,9,,25,25,F,0,F,,,0,0,1,0,0,,,
2017,June,14,9,,28,29,F,1,F,,,0,0,1,0,0,,,
2017,June,14,9,,28,29,F,1,F,,,0,0,1,0,0,,,
2017,June,14,9,,25,26,M,1,M,,,0,1,0,0,0,,,
2017,June,14,10,,26,27,F,1,F,,,0,0,1,0,0,,,
2017,June,14,10,,28,29,F,1,F,,,0,0,1,0,0,,,
2017,June,14,10,,NA,14,I,#VALUE!,I,,,0,0,0,0,1,,,
2017,June,14,11,,NA,13,I,#VALUE!,I,,,0,0,0,0,1,,,
2017,June,14,12,,25,26,F,1,,,,1,0,0,0,0,,,
2017,June,14,12,,27,28,F,1,,,,1,0,0,0,0,,,
2017,June,14,12,,28,28,F,0,,,,1,0,0,0,0,,,
2017,June,14,12,,NA,13,I,#VALUE!,I,,,0,0,0,0,1,,,
2017,June,14,12,,NA,13,I,#VALUE!,I,,,0,0,0,0,1,,,
2017,June,14,12,,NA,14,I,#VALUE!,I,,,0,0,0,0,1,,,
2017,June,14,13,,27,29,F,2,F,,,0,0,1,0,0,,,
2017,June,14,13,,29,30,F,1,F,,,0,0,1,0,0,,,
2017,June,14,13,,31,30,F,-1,F,,,0,0,1,0,0,,,
2017,June,14,14,,27,28,F,1,F,,,0,0,1,0,0,,,
2017,June,14,14,,29,31,F,2,F,,,0,0,1,0,0,,,
2017,June,14,14,,37,38,F,1,F,,,0,0,1,0,0,,,
2017,June,14,15,,29,32,F,3,F,,,0,0,1,0,0,,,
2017,June,14,15,,NA,14,I,#VALUE!,I,,,0,0,0,0,1,,,
2017,June,14,15,,NA,13,I,#VALUE!,I,,,0,0,0,0,1,,,
2017,June,14,15,,NA,13,I,#VALUE!,I,,,0,0,0,0,1,,,
2017,June,14,16,,26,28,F,2,F,,,0,0,1,0,0,,,
2017,June,14,16,,29,30,F,1,F,,,0,0,1,0,0,,,
2017,June,14,16,,30,33,F,3,F,,,0,0,1,0,0,,,
2017,June,14,16,,NA,12,I,#VALUE!,I,,,0,0,0,0,1,,,
2017,June,14,16,,NA,11,I,#VALUE!,I,,,0,0,0,0,1,,,
2017,June,14,17,,24,27,F,3,F,,,0,0,1,0,0,,,
2017,June,14,17,,27,27,F,0,F,,,0,0,1,0,0,,,
2017,June,14,17,,29,30,F,1,F,,,0,0,1,0,0,,,
2017,June,14,18,,22,23,F,1,F,,,0,0,1,0,0,,,
2017,June,14,18,,26,27,F,1,F,,,0,0,1,0,0,,,
2017,June,14,18,,29,31,F,2,F,,,0,0,1,0,0,,,
2017,August,14,1,,29,29,F,0,F,,,0,0,1,0,0,"not likely any sex change here either, because my trials were so short in 2017. could go back and calculate biomass for weight for the 2017 fish to get biomass estimates. Might ultimately correct reproduction by average female biomass recollected",,
2017,August,14,1,,26,27,F,1,F,,,0,0,1,0,0,,,
2017,August,14,1,,20,21,M,1,M,,,0,1,0,0,0,,,
2017,August,14,1,,28,28,M,0,M,,,0,1,0,0,0,,,
2017,August,14,2,,23,23,F,0,F,,,0,0,1,0,0,,,
2017,August,14,2,,23,24,F,1,F,,,0,0,1,0,0,,,
2017,August,14,2,,23,24,F,1,F,,,0,0,1,0,0,,,
2017,August,14,2,,24,24,F,0,F,,,0,0,1,0,0,,,
2017,August,14,2,,25,26,F,1,F,,,0,0,1,0,0,,,
2017,August,14,2,,31,31,F,0,F,,,0,0,1,0,0,,,
2017,August,14,2,,26,26,F,0,F,,,0,0,1,0,0,,,
2017,August,14,2,,32,34,F,2,F,,,0,0,1,0,0,,,
2017,August,14,2,,25,26,M,1,M,,,0,1,0,0,0,,,
2017,August,14,2,,34,34,M,0,M,,,0,1,0,0,0,,,
2017,August,14,3,,23,21,F,-2,F,,,0,0,1,0,0,,,
2017,August,14,3,,22,22,F,0,F,,,0,0,1,0,0,,,
2017,August,14,3,,23,24,F,1,F,,,0,0,1,0,0,,,
2017,August,14,3,,27,27,F,0,F,,,0,0,1,0,0,,,
2017,August,14,3,,26,26,F,0,F,,,0,0,1,0,0,,,
2017,August,14,3,,28,29,F,1,F,,,0,0,1,0,0,,,
2017,August,14,3,,29,29,F,0,F,,,0,0,1,0,0,,,
2017,August,14,3,,30,30,F,0,F,,,0,0,1,0,0,,,
2017,August,14,3,,26,27,M,1,M,,,0,1,0,0,0,,,
2017,August,14,4,,21,22,F,1,F,,,0,0,1,0,0,,,
2017,August,14,4,,22,22,F,0,F,,,0,0,1,0,0,,,
2017,August,14,4,,29,29,F,0,F,,,0,0,1,0,0,,,
2017,August,14,4,,30,31,F,1,F,,,0,0,1,0,0,,,
2017,August,14,4,,23,25,M,2,M,,,0,1,0,0,0,,,
2017,August,14,4,,22,23,M,1,M,,,0,1,0,0,0,,,
2017,August,14,4,,25,26,M,1,M,,,0,1,0,0,0,,,
2017,August,14,4,,28,29,M,1,M,,,0,1,0,0,0,,,
2017,August,14,4,,35,35,M,0,M,,,0,1,0,0,0,,,
2017,August,14,5,,26,28,F,2,F,,,0,0,1,0,0,,,
2017,August,14,5,,29,30,F,1,F,,,0,0,1,0,0,,,
2017,August,14,5,,25,26,F,1,F,,,0,0,1,0,0,,,
2017,August,14,5,,34,36,F,2,F,,,0,0,1,0,0,,,
2017,August,14,5,,30,30,F,0,F,,,0,0,1,0,0,,,
2017,August,14,5,,22,23,M,1,M,,,0,1,0,0,0,,,
2017,August,14,5,,28,29,M,1,M,,,0,1,0,0,0,,,
2017,August,14,5,,27,27,M,0,M,,,0,1,0,0,0,,,
2017,August,14,6,,23,20,F,-3,F,,,0,0,1,0,0,,,
2017,August,14,6,,25,24,F,-1,F,,,0,0,1,0,0,,,
2017,August,14,6,,27,29,F,2,F,,,0,0,1,0,0,,,
2017,August,14,6,,26,26,F,0,F,,,0,0,1,0,0,,,
2017,August,14,6,,29,29,F,0,F,,,0,0,1,0,0,,,
2017,August,14,6,,24,25,F,1,F,,,0,0,1,0,0,,,
2017,August,14,6,,20,21,M,1,M,,,0,1,0,0,0,,,
2017,August,14,6,,24,25,M,1,M,,,0,1,0,0,0,,,
2017,August,14,6,,25,26,M,1,M,,,0,1,0,0,0,,,
2017,August,14,6,,28,30,M,2,M,,,0,1,0,0,0,,,
2017,August,14,7,,24,25,F,1,F,,,0,0,1,0,0,,,
2017,August,14,7,,24,25,F,1,F,,,0,0,1,0,0,,,
2017,August,14,7,,26,28,F,2,F,,,0,0,1,0,0,,,
2017,August,14,7,,27,27,F,0,F,,,0,0,1,0,0,,,
2017,August,14,7,,25,25,F,0,F,,,0,0,1,0,0,,,
2017,August,14,7,,29,29,F,0,F,,,0,0,1,0,0,,,
2017,August,14,7,,29,29,F,0,F,,,0,0,1,0,0,,,
2017,August,14,7,,30,31,F,1,F,,,0,0,1,0,0,,,
2017,August,14,7,,30,31,F,1,F,,,0,0,1,0,0,,,
2017,August,14,7,,22,23,M,1,M,,,0,1,0,0,0,,,
2017,August,14,7,,33,34,M,1,T,,,1,0,0,1,0,,,
2017,August,14,8,,26,27,F,1,F,,,0,0,1,0,0,,,
2017,August,14,8,,29,29,F,0,F,,,0,0,1,0,0,,,
2017,August,14,8,,28,28,F,0,F,,,0,0,1,0,0,,,
2017,August,14,8,,30,30,F,0,F,,,0,0,1,0,0,,,
2017,August,14,8,,27,25,M,-2,M,,,0,1,0,0,0,"was listed as a M27 initially, but it was likely mistagged and supposed to be a M24 instead",,
2017,August,14,9,,23,24,F,1,F,,,0,0,1,0,0,,,
2017,August,14,9,,23,23,F,0,F,,,0,0,1,0,0,,,
2017,August,14,9,,25,25,F,0,F,,,0,0,1,0,0,,,
2017,August,14,9,,34,34,F,0,F,,,0,0,1,0,0,,,
2017,August,14,9,,25,26,F,1,F,,,0,0,1,0,0,,,
2017,August,14,9,,23,24,M,1,T,,,1,0,0,1,0,,,
2017,August,14,9,,28,29,M,1,M,,,0,1,0,0,0,,,
2017,August,14,10,,27,27,F,0,F,,,0,0,1,0,0,,,
2017,August,14,10,,25,26,F,1,F,,,0,0,1,0,0,,,
2017,August,14,10,,30,30,F,0,F,,,0,0,1,0,0,,,
2017,August,14,10,,24,26,M,2,M,,,0,1,0,0,0,,,
2017,August,14,10,,28,28,M,0,M,,,0,1,0,0,0,,,
2017,August,14,10,,31,31,M,0,M,,,0,1,0,0,0,,,
2017,August,14,11,,25,26,F,1,F,,,0,0,1,0,0,,,
2017,August,14,11,,28,29,F,1,F,,,0,0,1,0,0,,,
2017,August,14,11,,29,29,F,0,F,,,0,0,1,0,0,,,
2017,August,14,11,,32,32,F,0,F,,,0,0,1,0,0,,,
2017,August,14,11,,32,33,M,1,M,,,0,1,0,0,0,,,
2017,August,14,12,,28,29,F,1,F,,,0,0,1,0,0,,,
2017,August,14,12,,30,31,M,1,M,,,0,1,0,0,0,,,
2017,August,14,12,,23,24,M,1,F,,,1,0,1,0,0,,,
2017,August,14,12,,NA,13,I,#VALUE!,I,,,0,0,0,0,1,,,
2017,August,14,12,,NA,13,I,#VALUE!,I,,,0,0,0,0,1,,,
2017,August,14,12,,NA,14,I,#VALUE!,I,,,0,0,0,0,1,,,
2017,August,14,13,,25,25,F,0,F,,,0,0,1,0,0,,,
2017,August,14,13,,34,36,F,2,F,,,0,0,1,0,0,,,
2017,August,14,13,,31,32,F,1,F,,,0,0,1,0,0,,,
2017,August,14,13,,23,25,M,2,M,,,0,1,0,0,0,,,
2017,August,14,13,,NA,17,I,#REF!,I,,,0,0,0,0,1,,,
2017,August,14,13,,NA,13,I,#VALUE!,I,,,0,0,0,0,1,,,
2017,August,14,13,,NA,13,I,#VALUE!,I,,,0,0,0,0,1,,,
2017,August,14,13,,NA,11,I,#VALUE!,I,,,0,0,0,0,1,,,
2017,August,14,13,,NA,12,I,#VALUE!,I,,,0,0,0,0,1,,,
2017,August,14,13,,NA,12,I,#VALUE!,I,,,0,0,0,0,1,,,
2017,August,14,14,,24,25,F,1,F,,,0,0,1,0,0,,,
2017,August,14,14,,24,25,F,1,F,,,0,0,1,0,0,,,
2017,August,14,14,,26,27,F,1,F,,,0,0,1,0,0,,,
2017,August,14,14,,28,28,F,0,F,,,0,0,1,0,0,,,
2017,August,14,14,,31,32,F,1,F,,,0,0,1,0,0,,,
2017,August,14,14,,25,28,M,3,M,,,0,1,0,0,0,"tagged as M28, must have migrated from another reef",,
2017,August,14,15,,22,23,F,1,F,,,0,0,1,0,0,,,
2017,August,14,15,,24,25,F,1,F,,,0,0,1,0,0,,,
2017,August,14,15,,26,26,F,0,F,,,0,0,1,0,0,,,
2017,August,14,15,,28,29,F,1,F,,,0,0,1,0,0,,,
2017,August,14,15,,30,32,F,2,F,,,0,0,1,0,0,,,
2017,August,14,15,,34,35,M,1,M,,,0,1,0,0,0,,,
2017,August,14,15,,NA,14,I,#VALUE!,I,,,0,0,0,0,1,,,
2017,August,14,15,,NA,13,I,#VALUE!,I,,,0,0,0,0,1,,,
2017,August,14,15,,NA,13,I,#VALUE!,I,,,0,0,0,0,1,,,
2017,August,14,16,,23,25,F,2,F,,,0,0,1,0,0,,,
2017,August,14,16,,28,28,F,0,F,,,0,0,1,0,0,,,
2017,August,14,16,,32,32,F,0,F,,,0,0,1,0,0,,,
2017,August,14,16,,27,27,F,0,F,,,0,0,1,0,0,,,
2017,August,14,16,,23,23,M,0,M,,,0,1,0,0,0,,,
2017,August,14,16,,20,21,M,1,M,,,0,1,0,0,0,,,
2017,August,14,16,,34,35,M,1,M,,,0,1,0,0,0,,,
2017,August,14,16,,NA,12,I,#VALUE!,I,,,0,0,0,0,1,,,
2017,August,14,16,,NA,11,I,#VALUE!,I,,,0,0,0,0,1,,,
2017,August,14,17,,23,25,F,2,F,,,0,0,1,0,0,,,
2017,August,14,17,,25,25,F,0,F,,,0,0,1,0,0,,,
2017,August,14,17,,30,30,F,0,F,,,0,0,1,0,0,,,
2017,August,14,17,,29,30,F,1,F,,,0,0,1,0,0,,,
2017,August,14,17,,22,23,M,1,M,,,0,1,0,0,0,,,
2017,August,14,18,,24,25,F,1,F,,,0,0,1,0,0,,,
2017,August,14,18,,28,29,F,1,F,,,0,0,1,0,0,,,
2017,August,14,18,,30,30,F,0,F,,,0,0,1,0,0,,,
2017,August,14,18,,29,30,F,1,F,,,0,0,1,0,0,,,
2017,August,14,18,,21,22,M,1,M,,,0,1,0,0,0,,,
2017,August,14,18,,26,27,M,1,M,,,0,1,0,0,0,,,
2017,July,14,1,,29,30,F,1,F,,,0,0,1,0,0,,,
2017,July,14,1,,30,31,F,1,F,,,0,0,1,0,0,,,
2017,July,14,2,,29,30,F,1,F,,,0,0,1,0,0,,,
2017,July,14,2,,26,26,F,0,F,,,0,0,1,0,0,,,
2017,July,14,3,,27,27,F,0,F,,,0,0,1,0,0,,,
2017,July,14,4,,23,24,F,1,F,,,0,0,1,0,0,,,
2017,July,14,4,,27,27,M,0,M,,,0,1,0,0,0,,,
2017,July,14,4,,24,25,F,1,F,,,0,0,1,0,0,,,
2017,July,14,5,,25,26,F,1,F,,,0,0,1,0,0,,,
2017,July,14,5,,23,25,F,2,F,,,0,0,1,0,0,,,
2017,July,14,5,,28,29,F,1,F,,,0,0,1,0,0,,,
2017,July,14,5,,29,27,F,-2,F,,,0,0,1,0,0,,,
2017,July,14,5,,34,35,F,1,F,,,0,0,1,0,0,,,
2017,July,14,5,,31,31,F,0,F,,,0,0,1,0,0,,,
2017,July,14,6,,24,24,F,0,F,,,0,0,1,0,0,,,
2017,July,14,6,,26,26,M,0,M,,,0,1,0,0,0,,,
2017,July,14,7,,22,24,F,2,F,,,0,0,1,0,0,,,
2017,July,14,7,,28,20,F,-8,F,,,0,0,1,0,0,"THIS ONE'S PRETTY FAR OFF, MIGHT CONSIDER TAKING OUT",,
2017,July,14,8,,23,25,F,2,F,,,0,0,1,0,0,,,
2017,July,14,8,,27,27,F,0,F,,,0,0,1,0,0,,,
2017,July,14,8,,26,27,F,1,F,,,0,0,1,0,0,,,
2017,July,14,8,,29,31,F,2,F,,,0,0,1,0,0,,,
2017,July,14,8,,31,31,F,0,F,,,0,0,1,0,0,,,
2017,July,14,8,,26,26,F,0,F,,,0,0,1,0,0,,,
2017,July,14,8,,22,23,M,1,M,,,0,1,0,0,0,,,
2017,July,14,9,,23,24,F,1,F,,,0,0,1,0,0,,,
2017,July,14,9,,34,34,F,0,F,,,0,0,1,0,0,,,
2017,July,14,9,,25,26,F,1,F,,,0,0,1,0,0,,,
2017,July,14,9,,27,28,F,1,F,,,0,0,1,0,0,,,
2017,July,14,9,,29,30,F,1,F,,,0,0,1,0,0,,,
2017,July,14,9,,32,33,F,1,F,,,0,0,1,0,0,,,
2017,July,14,10,,23,23,F,0,F,,,0,0,1,0,0,,,
2017,July,14,10,,27,27,F,0,F,,,0,0,1,0,0,,,
2017,July,14,10,,26,26,F,0,F,,,0,0,1,0,0,,,
2017,July,14,10,,28,28,F,0,F,,,0,0,1,0,0,,,
2017,July,14,10,,23,24,M,1,M,,,0,1,0,0,0,,,
2017,July,14,11,,22,24,F,2,F,,,0,0,1,0,0,,,
2017,July,14,11,,33,33,F,0,F,,,0,0,1,0,0,,,
2017,July,14,11,,24,24,F,0,F,,,0,0,1,0,0,,,
2017,July,14,11,,28,30,F,2,F,,,0,0,1,0,0,,,
2017,July,14,11,,25,26,M,1,M,,,0,1,0,0,0,,,
2017,July,14,12,,24,26,F,2,F,,,0,0,1,0,0,,,
2017,July,14,12,,24,24,F,0,F,,,0,0,1,0,0,,,
2017,July,14,12,,26,27,F,1,F,,,0,0,1,0,0,,,
2017,July,14,12,,29,29,F,0,F,,,0,0,1,0,0,,,
2017,July,14,12,,37,38,F,1,F,,,0,0,1,0,0,,,
2017,July,14,12,,26,28,M,2,M,,,0,1,0,0,0,,,
2017,July,14,12,,32,34,M,2,M,,,0,1,0,0,0,,,
2017,July,14,12,,NA,13,I,#VALUE!,I,,,0,0,0,0,1,,,
2017,July,14,12,,NA,13,I,#VALUE!,I,,,0,0,0,0,1,,,
2017,July,14,12,,NA,14,I,#VALUE!,I,,,0,0,0,0,1,,,
2017,July,14,13,,22,22,M,0,M,,,0,1,0,0,0,,,
2017,July,14,14,,0,0,NA,NA,NA,,,NA,0,0,0,0,"no fish recollected from this reef, manually entered values to not screw up the counts/prevalence of sex change",,
2017,July,14,15,,24,24,,0,,,,0,0,0,0,0,,,
2017,July,14,15,,26,23,,-3,,,,0,0,0,0,0,,,
2017,July,14,15,,29,29,,0,,,,0,0,0,0,0,,,
2017,July,14,15,,NA,14,I,#VALUE!,I,,,0,0,0,0,1,,,
2017,July,14,15,,NA,13,I,#VALUE!,I,,,0,0,0,0,1,,,
2017,July,14,15,,NA,13,I,#VALUE!,I,,,0,0,0,0,1,,,
2017,July,14,16,,28,28,F,0,F,,,0,0,1,0,0,,,
2017,July,14,16,,29,28,F,-1,F,,,0,0,1,0,0,,,
2017,July,14,16,,NA,12,I,#VALUE!,I,,,0,0,0,0,1,,,
2017,July,14,16,,NA,11,I,#VALUE!,I,,,0,0,0,0,1,,,
2017,July,14,17,,26,26,F,0,F,,,0,0,1,0,0,,,
2017,July,14,17,,31,30,F,-1,F,,,0,0,1,0,0,,,
2017,July,14,17,,26,26,F,0,F,,,0,0,1,0,0,,,
2017,July,14,17,,22,22,M,0,M,,,0,1,0,0,0,,,
2017,July,14,17,,26,26,M,0,M,,,0,1,0,0,0,,,
2017,July,14,17,,34,34,M,0,M,,,0,1,0,0,0,,,
2017,July,14,18,,29,29,F,0,F,,,0,0,1,0,0,,,
2017,July,14,18,,22,24,M,2,M,,,0,1,0,0,0,,,
