Reader,Trial,Reef,Treatment,Read.number.every.5.min,frame.number,IMG.num,Species,Count,Score,Count.zero,Score.zero,total.num.images.for.time.lapse,total.time.min,,minimum number of images = 650,6500,108.3333333,1.805555556
GCJ,5,9,High,28,840,11543,PACL,1,5,1,5,,,,,,,
GCJ,5,9,High,34,1020,11723,PANE,1,5,1,5,,,,,,,
GCJ,5,9,High,40,1200,11903,FSEPU,2,5,2,5,,,,,,,
MB,4,18,High,2,60,16366,FSEPU,2,4,2,4,,,,,,,
MB,4,18,High,2,60,16366,PACL,2,4,2,4,,,,,,,
GCJ,5,9,High,18,540,11243,MHASE,1,4,1,4,,,,,,,
GCJ,5,9,High,20,600,11303,PACL,2,4,2,4,,,,,,,
GCJ,5,9,High,30,900,11603,FSEPU,1,4,1,4,,,,,,,
TG,4,18,High,8,240,16547,PACL,1,3,1,3,,,,,,,
GCJ,5,9,High,4,120,10823,FSEPU,1,3,1,3,,,,,,,
GCJ,5,9,High,14,420,11123,FHASE,2,3,2,3,,,,,,,
GCJ,5,9,High,14,420,11123,FSEPU,1,3,1,3,,,,,,,
TG,4,18,High,8,240,16547,FHASE,1,2,1,2,,,,,,,
TG,4,18,High,12,360,16667,FSEPU,1,2,1,2,,,,,,,
TG,4,18,High,18,540,16847,PACL,2,2,2,2,,,,,,,
MB,5,15,High,2,60,18433,FSEPU,1,2,1,2,,,,,,,
MB,5,15,High,2,60,18433,MHASE,3,2,3,2,,,,,,,
MB,5,15,High,12,360,18733,MHASE,2,2,2,2,,,,,,,
GCJ,5,9,High,14,420,11123,MHASE,3,2,3,2,,,,,,,
GCJ,5,9,High,30,900,11603,HYRU,1,2,1,2,,,,,,,
TG,4,18,High,10,300,16607,FHASE,1,1,1,1,,,,,,,
TG,4,18,High,10,300,16607,PACL,1,1,1,1,,,,,,,
TG,4,18,High,12,360,16667,PACL,1,1,1,1,,,,,,,
TG,4,18,High,16,480,16787,PACL,1,1,1,1,,,,,,,
GCJ,5,9,High,28,840,11543,FSEPU,1,1,1,1,,,,,,,
GCJ,5,9,High,30,900,11603,MHASE,1,1,1,1,,,,,,,
GCJ,5,9,High,40,1200,11903,MSEPU,1,1,1,1,,,,,,,
TG,4,18,High,2,60,16367,CAPR,,,0,0,,,,,,,
TG,4,18,High,2,60,16367,FHASE,,,0,0,,,,,,,
TG,4,18,High,2,60,16367,FSEPU,,,0,0,,,,,,,
TG,4,18,High,2,60,16367,HYRU,,,0,0,,,,,,,
TG,4,18,High,2,60,16367,MHASE,,,0,0,,,,,,,
TG,4,18,High,2,60,16367,MSEPU,,,0,0,,,,,,,
TG,4,18,High,2,60,16367,PACL,,,0,0,,,,,,,
TG,4,18,High,2,60,16367,PANE,,,0,0,,,,,,,
TG,4,18,High,4,120,16427,CAPR,,,0,0,,,,,,,
TG,4,18,High,4,120,16427,FHASE,,,0,0,,,,,,,
TG,4,18,High,4,120,16427,FSEPU,,,0,0,,,,,,,
TG,4,18,High,4,120,16427,HYRU,,,0,0,,,,,,,
TG,4,18,High,4,120,16427,MHASE,,,0,0,,,,,,,
TG,4,18,High,4,120,16427,MSEPU,,,0,0,,,,,,,
TG,4,18,High,4,120,16427,PACL,,,0,0,,,,,,,
TG,4,18,High,4,120,16427,PANE,,,0,0,,,,,,,
TG,4,18,High,6,180,16487,CAPR,,,0,0,,,,,,,
TG,4,18,High,6,180,16487,FHASE,,,0,0,,,,,,,
TG,4,18,High,6,180,16487,FSEPU,,,0,0,,,,,,,
TG,4,18,High,6,180,16487,HYRU,,,0,0,,,,,,,
TG,4,18,High,6,180,16487,MHASE,,,0,0,,,,,,,
TG,4,18,High,6,180,16487,MSEPU,,,0,0,,,,,,,
TG,4,18,High,6,180,16487,PACL,,,0,0,,,,,,,
TG,4,18,High,6,180,16487,PANE,,,0,0,,,,,,,
TG,4,18,High,8,240,16547,CAPR,,,0,0,,,,,,,
TG,4,18,High,8,240,16547,FSEPU,,,0,0,,,,,,,
TG,4,18,High,8,240,16547,HYRU,,,0,0,,,,,,,
TG,4,18,High,8,240,16547,MHASE,,,0,0,,,,,,,
TG,4,18,High,8,240,16547,MSEPU,,,0,0,,,,,,,
TG,4,18,High,8,240,16547,PANE,,,0,0,,,,,,,
TG,4,18,High,10,300,16607,CAPR,,,0,0,,,,,,,
TG,4,18,High,10,300,16607,FSEPU,,,0,0,,,,,,,
TG,4,18,High,10,300,16607,HYRU,,,0,0,,,,,,,
TG,4,18,High,10,300,16607,MHASE,,,0,0,,,,,,,
TG,4,18,High,10,300,16607,MSEPU,,,0,0,,,,,,,
TG,4,18,High,10,300,16607,PANE,,,0,0,,,,,,,
TG,4,18,High,12,360,16667,CAPR,,,0,0,,,,,,,
TG,4,18,High,12,360,16667,FHASE,,,0,0,,,,,,,
TG,4,18,High,12,360,16667,HYRU,,,0,0,,,,,,,
TG,4,18,High,12,360,16667,MHASE,,,0,0,,,,,,,
TG,4,18,High,12,360,16667,MSEPU,,,0,0,,,,,,,
TG,4,18,High,12,360,16667,PANE,,,0,0,,,,,,,
TG,4,18,High,14,420,16727,CAPR,,,0,0,,,,,,,
TG,4,18,High,14,420,16727,FHASE,,,0,0,,,,,,,
TG,4,18,High,14,420,16727,FSEPU,,,0,0,,,,,,,
TG,4,18,High,14,420,16727,HYRU,,,0,0,,,,,,,
TG,4,18,High,14,420,16727,MHASE,,,0,0,,,,,,,
TG,4,18,High,14,420,16727,MSEPU,,,0,0,,,,,,,
TG,4,18,High,14,420,16727,PACL,,,0,0,,,,,,,
TG,4,18,High,14,420,16727,PANE,,,0,0,,,,,,,
TG,4,18,High,16,480,16787,CAPR,,,0,0,,,,,,,
TG,4,18,High,16,480,16787,FHASE,,,0,0,,,,,,,
TG,4,18,High,16,480,16787,FSEPU,,,0,0,,,,,,,
TG,4,18,High,16,480,16787,HYRU,,,0,0,,,,,,,
TG,4,18,High,16,480,16787,MHASE,,,0,0,,,,,,,
TG,4,18,High,16,480,16787,MSEPU,,,0,0,,,,,,,
TG,4,18,High,16,480,16787,PANE,,,0,0,,,,,,,
TG,4,18,High,18,540,16847,CAPR,,,0,0,,,,,,,
TG,4,18,High,18,540,16847,FHASE,,,0,0,,,,,,,
TG,4,18,High,18,540,16847,FSEPU,,,0,0,,,,,,,
TG,4,18,High,18,540,16847,HYRU,,,0,0,,,,,,,
TG,4,18,High,18,540,16847,MHASE,,,0,0,,,,,,,
TG,4,18,High,18,540,16847,MSEPU,,,0,0,,,,,,,
TG,4,18,High,18,540,16847,PANE,,,0,0,,,,,,,
MB,4,18,High,2,60,16366,MSEPU,,,0,0,,,,,,,
MB,4,18,High,2,60,16366,MHASE,,,0,0,,,,,,,
MB,4,18,High,2,60,16366,PANE,,,0,0,,,,,,,
MB,4,18,High,2,60,16366,CAPR,,,0,0,,,,,,,
MB,4,18,High,2,60,16366,HYRU,,,0,0,,,,,,,
MB,4,18,High,4,120,16424,MSEPU,,,0,0,,,,,,,
MB,4,18,High,4,120,16424,FSEPU,,,0,0,,,,,,,
MB,4,18,High,4,120,16424,MHASE,,,0,0,,,,,,,
MB,4,18,High,4,120,16424,FHASE,,,0,0,,,,,,,
MB,4,18,High,4,120,16424,PACL,,,0,0,,,,,,,
MB,4,18,High,4,120,16424,PANE,,,0,0,,,,,,,
MB,4,18,High,4,120,16424,CAPR,,,0,0,,,,,,,
MB,4,18,High,4,120,16424,HYRU,,,0,0,,,,,,,
MB,4,18,High,4,240,16547,CAPR,,,0,0,,,,,,,
MB,4,18,High,4,240,16547,FHASE,,,0,0,,,,,,,
MB,4,18,High,4,240,16547,FSEPU,,,0,0,,,,,,,
MB,4,18,High,4,240,16547,HYRU,,,0,0,,,,,,,
MB,4,18,High,4,240,16547,MHASE,,,0,0,,,,,,,
MB,4,18,High,4,240,16547,MSEPU,,,0,0,,,,,,,
MB,4,18,High,4,240,16547,PACL,,,0,0,,,,,,,
MB,4,18,High,4,240,16547,PANE,,,0,0,,,,,,,
MB,4,18,High,8,270,16577,CAPR,,,0,0,,,,,,,
MB,4,18,High,8,270,16577,FHASE,,,0,0,,,,,,,
MB,4,18,High,8,270,16577,FSEPU,,,0,0,,,,,,,
MB,4,18,High,8,270,16577,HYRU,,,0,0,,,,,,,
MB,4,18,High,8,270,16577,MHASE,,,0,0,,,,,,,
MB,4,18,High,8,270,16577,MSEPU,,,0,0,,,,,,,
MB,4,18,High,8,270,16577,PACL,,,0,0,,,,,,,
MB,4,18,High,8,270,16577,PANE,,,0,0,,,,,,,
MB,4,18,High,10,330,16637,CAPR,,,0,0,,,,,,,
MB,4,18,High,10,330,16637,FHASE,,,0,0,,,,,,,
MB,4,18,High,10,330,16637,FSEPU,,,0,0,,,,,,,
MB,4,18,High,10,330,16637,HYRU,,,0,0,,,,,,,
MB,4,18,High,10,330,16637,MHASE,,,0,0,,,,,,,
MB,4,18,High,10,330,16637,MSEPU,,,0,0,,,,,,,
MB,4,18,High,10,330,16637,PACL,,,0,0,,,,,,,
MB,4,18,High,10,330,16637,PANE,,,0,0,,,,,,,
MB,4,18,High,12,390,16697,CAPR,,,0,0,,,,,,,
MB,4,18,High,12,390,16697,FHASE,,,0,0,,,,,,,
MB,4,18,High,12,390,16697,FSEPU,,,0,0,,,,,,,
MB,4,18,High,12,390,16697,HYRU,,,0,0,,,,,,,
MB,4,18,High,12,390,16697,MHASE,,,0,0,,,,,,,
MB,4,18,High,12,390,16697,MSEPU,,,0,0,,,,,,,
MB,4,18,High,12,390,16697,PACL,,,0,0,,,,,,,
MB,4,18,High,12,390,16697,PANE,,,0,0,,,,,,,
MB,4,18,High,14,450,16757,CAPR,,,0,0,,,,,,,
MB,4,18,High,14,450,16757,FHASE,,,0,0,,,,,,,
MB,4,18,High,14,450,16757,FSEPU,,,0,0,,,,,,,
MB,4,18,High,14,450,16757,HYRU,,,0,0,,,,,,,
MB,4,18,High,14,450,16757,MHASE,,,0,0,,,,,,,
MB,4,18,High,14,450,16757,MSEPU,,,0,0,,,,,,,
MB,4,18,High,14,450,16757,PACL,,,0,0,,,,,,,
MB,4,18,High,14,450,16757,PANE,,,0,0,,,,,,,
MB,4,18,High,16,510,16817,CAPR,,,0,0,,,,,,,
MB,4,18,High,16,510,16817,FHASE,,,0,0,,,,,,,
MB,4,18,High,16,510,16817,FSEPU,,,0,0,,,,,,,
MB,4,18,High,16,510,16817,HYRU,,,0,0,,,,,,,
MB,4,18,High,16,510,16817,MHASE,,,0,0,,,,,,,
MB,4,18,High,16,510,16817,MSEPU,,,0,0,,,,,,,
MB,4,18,High,16,510,16817,PACL,,,0,0,,,,,,,
MB,4,18,High,16,510,16817,PANE,,,0,0,,,,,,,
MB,4,18,High,18,570,16877,CAPR,,,0,0,,,,,,,
MB,4,18,High,18,570,16877,FHASE,,,0,0,,,,,,,
MB,4,18,High,18,570,16877,FSEPU,,,0,0,,,,,,,
MB,4,18,High,18,570,16877,HYRU,,,0,0,,,,,,,
MB,4,18,High,18,570,16877,MHASE,,,0,0,,,,,,,
MB,4,18,High,18,570,16877,MSEPU,,,0,0,,,,,,,
MB,4,18,High,18,570,16877,PACL,,,0,0,,,,,,,
MB,4,18,High,18,570,16877,PANE,,,0,0,,,,,,,
MB,4,18,High,20,630,16937,CAPR,,,0,0,,,,,,,
MB,4,18,High,20,630,16937,FHASE,,,0,0,,,,,,,
MB,4,18,High,20,630,16937,FSEPU,,,0,0,,,,,,,
MB,4,18,High,20,630,16937,HYRU,,,0,0,,,,,,,
MB,4,18,High,20,630,16937,MHASE,,,0,0,,,,,,,
MB,4,18,High,20,630,16937,MSEPU,,,0,0,,,,,,,
MB,4,18,High,20,630,16937,PACL,,,0,0,,,,,,,
MB,4,18,High,20,630,16937,PANE,,,0,0,,,,,,,
MB,4,18,High,22,690,16997,CAPR,,,0,0,,,,,,,
MB,4,18,High,22,690,16997,FHASE,,,0,0,,,,,,,
MB,4,18,High,22,690,16997,FSEPU,,,0,0,,,,,,,
MB,4,18,High,22,690,16997,HYRU,,,0,0,,,,,,,
MB,4,18,High,22,690,16997,MHASE,,,0,0,,,,,,,
MB,4,18,High,22,690,16997,MSEPU,,,0,0,,,,,,,
MB,4,18,High,22,690,16997,PACL,,,0,0,,,,,,,
MB,4,18,High,22,690,16997,PANE,,,0,0,,,,,,,
MB,4,18,High,24,750,17057,CAPR,,,0,0,,,,,,,
MB,4,18,High,24,750,17057,FHASE,,,0,0,,,,,,,
MB,4,18,High,24,750,17057,FSEPU,,,0,0,,,,,,,
MB,4,18,High,24,750,17057,HYRU,,,0,0,,,,,,,
MB,4,18,High,24,750,17057,MHASE,,,0,0,,,,,,,
MB,4,18,High,24,750,17057,MSEPU,,,0,0,,,,,,,
MB,4,18,High,24,750,17057,PACL,,,0,0,,,,,,,
MB,4,18,High,24,750,17057,PANE,,,0,0,,,,,,,
MB,4,18,High,26,810,17117,CAPR,,,0,0,,,,,,,
MB,4,18,High,26,810,17117,FHASE,,,0,0,,,,,,,
MB,4,18,High,26,810,17117,FSEPU,,,0,0,,,,,,,
MB,4,18,High,26,810,17117,HYRU,,,0,0,,,,,,,
MB,4,18,High,26,810,17117,MHASE,,,0,0,,,,,,,
MB,4,18,High,26,810,17117,MSEPU,,,0,0,,,,,,,
MB,4,18,High,26,810,17117,PACL,,,0,0,,,,,,,
MB,4,18,High,26,810,17117,PANE,,,0,0,,,,,,,
MB,5,15,High,2,60,18433,MSEPU,,,0,0,,,,,,,
MB,5,15,High,2,60,18433,FHASE,,,0,0,,,,,,,
MB,5,15,High,2,60,18433,PACL,,,0,0,,,,,,,
MB,5,15,High,2,60,18433,PANE,,,0,0,,,,,,,
MB,5,15,High,2,60,18433,CAPR,,,0,0,,,,,,,
MB,5,15,High,2,60,18433,HYRU,,,0,0,,,,,,,
MB,5,15,High,4,120,18493,MSEPU,,,0,0,,,,,,,
MB,5,15,High,4,120,18493,FSEPU,,,0,0,,,,,,,
MB,5,15,High,4,120,18493,MHASE,,,0,0,,,,,,,
MB,5,15,High,4,120,18493,FHASE,,,0,0,,,,,,,
MB,5,15,High,4,120,18493,PACL,,,0,0,,,,,,,
MB,5,15,High,4,120,18493,PANE,,,0,0,,,,,,,
MB,5,15,High,4,120,18493,CAPR,,,0,0,,,,,,,
MB,5,15,High,4,120,18493,HYRU,,,0,0,,,,,,,
MB,5,15,High,6,180,18553,MSEPU,,,0,0,,,,,,,
MB,5,15,High,6,180,18553,FSEPU,,,0,0,,,,,,,
MB,5,15,High,6,180,18553,MHASE,,,0,0,,,,,,,
MB,5,15,High,6,180,18553,FHASE,,,0,0,,,,,,,
MB,5,15,High,6,180,18553,PACL,,,0,0,,,,,,,
MB,5,15,High,6,180,18553,PANE,,,0,0,,,,,,,
MB,5,15,High,6,180,18553,CAPR,,,0,0,,,,,,,
MB,5,15,High,6,180,18553,HYRU,,,0,0,,,,,,,
MB,5,15,High,8,240,18613,MSEPU,,,0,0,,,,,,,
MB,5,15,High,8,240,18613,FSEPU,,,0,0,,,,,,,
MB,5,15,High,8,240,18613,MHASE,,,0,0,,,,,,,
MB,5,15,High,8,240,18613,FHASE,,,0,0,,,,,,,
MB,5,15,High,8,240,18613,PACL,,,0,0,,,,,,,
MB,5,15,High,8,240,18613,PANE,,,0,0,,,,,,,
MB,5,15,High,8,240,18613,CAPR,,,0,0,,,,,,,
MB,5,15,High,8,240,18613,HYRU,,,0,0,,,,,,,
MB,5,15,High,10,300,18673,MSEPU,,,0,0,,,,,,,
MB,5,15,High,10,300,18673,FSEPU,,,0,0,,,,,,,
MB,5,15,High,10,300,18673,MHASE,,,0,0,,,,,,,
MB,5,15,High,10,300,18673,FHASE,,,0,0,,,,,,,
MB,5,15,High,10,300,18673,PACL,,,0,0,,,,,,,
MB,5,15,High,10,300,18673,PANE,,,0,0,,,,,,,
MB,5,15,High,10,300,18673,CAPR,,,0,0,,,,,,,
MB,5,15,High,10,300,18673,HYRU,,,0,0,,,,,,,
MB,5,15,High,12,360,18733,MSEPU,,,0,0,,,,,,,
MB,5,15,High,12,360,18733,FSEPU,,,0,0,,,,,,,
MB,5,15,High,12,360,18733,FHASE,,,0,0,,,,,,,
MB,5,15,High,12,360,18733,PACL,,,0,0,,,,,,,
MB,5,15,High,12,360,18733,PANE,,,0,0,,,,,,,
MB,5,15,High,12,360,18733,CAPR,,,0,0,,,,,,,
MB,5,15,High,12,360,18733,HYRU,,,0,0,,,,,,,
MB,4,18,High,2,60,16366,FHASE,,,0,0,,,,,,,
GCJ,5,9,High,2,60,10763,CAPR,,,0,0,,,,,,,
GCJ,5,9,High,2,60,10763,FHASE,,,0,0,,,,,,,
GCJ,5,9,High,2,60,10763,FSEPU,,,0,0,,,,,,,
GCJ,5,9,High,2,60,10763,HYRU,,,0,0,,,,,,,
GCJ,5,9,High,2,60,10763,MHASE,,,0,0,,,,,,,
GCJ,5,9,High,2,60,10763,MSEPU,,,0,0,,,,,,,
GCJ,5,9,High,2,60,10763,PACL,,,0,0,,,,,,,
GCJ,5,9,High,2,60,10763,PANE,,,0,0,,,,,,,
GCJ,5,9,High,4,120,10823,CAPR,,,0,0,,,,,,,
GCJ,5,9,High,4,120,10823,FHASE,,,0,0,,,,,,,
GCJ,5,9,High,4,120,10823,HYRU,,,0,0,,,,,,,
GCJ,5,9,High,4,120,10823,MHASE,,,0,0,,,,,,,
GCJ,5,9,High,4,120,10823,MSEPU,,,0,0,,,,,,,
GCJ,5,9,High,4,120,10823,PACL,,,0,0,,,,,,,
GCJ,5,9,High,4,120,10823,PANE,,,0,0,,,,,,,
GCJ,5,9,High,6,180,10883,CAPR,,,0,0,,,,,,,
GCJ,5,9,High,6,180,10883,FHASE,,,0,0,,,,,,,
GCJ,5,9,High,6,180,10883,FSEPU,,,0,0,,,,,,,
GCJ,5,9,High,6,180,10883,HYRU,,,0,0,,,,,,,
GCJ,5,9,High,6,180,10883,MHASE,,,0,0,,,,,,,
GCJ,5,9,High,6,180,10883,PACL,,,0,0,,,,,,,
GCJ,5,9,High,6,180,10883,PANE,,,0,0,,,,,,,
GCJ,5,9,High,8,240,10943,CAPR,,,0,0,,,,,,,
GCJ,5,9,High,8,240,10943,FHASE,,,0,0,,,,,,,
GCJ,5,9,High,8,240,10943,FSEPU,,,0,0,,,,,,,
GCJ,5,9,High,8,240,10943,HYRU,,,0,0,,,,,,,
GCJ,5,9,High,8,240,10943,MHASE,,,0,0,,,,,,,
GCJ,5,9,High,8,240,10943,MSEPU,,,0,0,,,,,,,
GCJ,5,9,High,8,240,10943,PACL,,,0,0,,,,,,,
GCJ,5,9,High,8,240,10943,PANE,,,0,0,,,,,,,
GCJ,5,9,High,10,300,11003,CAPR,,,0,0,,,,,,,
GCJ,5,9,High,10,300,11003,FHASE,,,0,0,,,,,,,
GCJ,5,9,High,10,300,11003,FSEPU,,,0,0,,,,,,,
GCJ,5,9,High,10,300,11003,HYRU,,,0,0,,,,,,,
GCJ,5,9,High,10,300,11003,MHASE,,,0,0,,,,,,,
GCJ,5,9,High,10,300,11003,MSEPU,,,0,0,,,,,,,
GCJ,5,9,High,10,300,11003,PACL,,,0,0,,,,,,,
GCJ,5,9,High,10,300,11003,PANE,,,0,0,,,,,,,
GCJ,5,9,High,12,360,11063,CAPR,,,0,0,,,,,,,
GCJ,5,9,High,12,360,11063,FHASE,,,0,0,,,,,,,
GCJ,5,9,High,12,360,11063,FSEPU,,,0,0,,,,,,,
GCJ,5,9,High,12,360,11063,HYRU,,,0,0,,,,,,,
GCJ,5,9,High,12,360,11063,MHASE,,,0,0,,,,,,,
GCJ,5,9,High,12,360,11063,MSEPU,,,0,0,,,,,,,
GCJ,5,9,High,12,360,11063,PACL,,,0,0,,,,,,,
GCJ,5,9,High,12,360,11063,PANE,,,0,0,,,,,,,
GCJ,5,9,High,14,420,11123,CAPR,,,0,0,,,,,,,
GCJ,5,9,High,14,420,11123,HYRU,,,0,0,,,,,,,
GCJ,5,9,High,14,420,11123,MSEPU,,,0,0,,,,,,,
GCJ,5,9,High,14,420,11123,PACL,,,0,0,,,,,,,
GCJ,5,9,High,14,420,11123,PANE,,,0,0,,,,,,,
GCJ,5,9,High,16,480,11183,CAPR,,,0,0,,,,,,,
GCJ,5,9,High,16,480,11183,FHASE,,,0,0,,,,,,,
GCJ,5,9,High,16,480,11183,FSEPU,,,0,0,,,,,,,
GCJ,5,9,High,16,480,11183,HYRU,,,0,0,,,,,,,
GCJ,5,9,High,16,480,11183,MHASE,,,0,0,,,,,,,
GCJ,5,9,High,16,480,11183,MSEPU,,,0,0,,,,,,,
GCJ,5,9,High,16,480,11183,PACL,,,0,0,,,,,,,
GCJ,5,9,High,16,480,11183,PANE,,,0,0,,,,,,,
GCJ,5,9,High,18,540,11243,CAPR,,,0,0,,,,,,,
GCJ,5,9,High,18,540,11243,FHASE,,,0,0,,,,,,,
GCJ,5,9,High,18,540,11243,FSEPU,,,0,0,,,,,,,
GCJ,5,9,High,18,540,11243,HYRU,,,0,0,,,,,,,
GCJ,5,9,High,18,540,11243,MSEPU,,,0,0,,,,,,,
GCJ,5,9,High,18,540,11243,PACL,,,0,0,,,,,,,
GCJ,5,9,High,18,540,11243,PANE,,,0,0,,,,,,,
GCJ,5,9,High,20,600,11303,CAPR,,,0,0,,,,,,,
GCJ,5,9,High,20,600,11303,FHASE,,,0,0,,,,,,,
GCJ,5,9,High,20,600,11303,FSEPU,,,0,0,,,,,,,
GCJ,5,9,High,20,600,11303,HYRU,,,0,0,,,,,,,
GCJ,5,9,High,20,600,11303,MHASE,,,0,0,,,,,,,
GCJ,5,9,High,20,600,11303,MSEPU,,,0,0,,,,,,,
GCJ,5,9,High,20,600,11303,PANE,,,0,0,,,,,,,
GCJ,5,9,High,22,660,11363,CAPR,,,0,0,,,,,,,
GCJ,5,9,High,22,660,11363,FHASE,,,0,0,,,,,,,
GCJ,5,9,High,22,660,11363,FSEPU,,,0,0,,,,,,,
GCJ,5,9,High,22,660,11363,HYRU,,,0,0,,,,,,,
GCJ,5,9,High,22,660,11363,MHASE,,,0,0,,,,,,,
GCJ,5,9,High,22,660,11363,MSEPU,,,0,0,,,,,,,
GCJ,5,9,High,22,660,11363,PACL,,,0,0,,,,,,,
GCJ,5,9,High,22,660,11363,PANE,,,0,0,,,,,,,
GCJ,5,9,High,24,720,11423,CAPR,,,0,0,,,,,,,
GCJ,5,9,High,24,720,11423,FHASE,,,0,0,,,,,,,
GCJ,5,9,High,24,720,11423,FSEPU,,,0,0,,,,,,,
GCJ,5,9,High,24,720,11423,HYRU,,,0,0,,,,,,,
GCJ,5,9,High,24,720,11423,MHASE,,,0,0,,,,,,,
GCJ,5,9,High,24,720,11423,MSEPU,,,0,0,,,,,,,
GCJ,5,9,High,24,720,11423,PACL,,,0,0,,,,,,,
GCJ,5,9,High,24,720,11423,PANE,,,0,0,,,,,,,
GCJ,5,9,High,26,780,11483,CAPR,,,0,0,,,,,,,
GCJ,5,9,High,26,780,11483,FHASE,,,0,0,,,,,,,
GCJ,5,9,High,26,780,11483,FSEPU,,,0,0,,,,,,,
GCJ,5,9,High,26,780,11483,HYRU,,,0,0,,,,,,,
GCJ,5,9,High,26,780,11483,MHASE,,,0,0,,,,,,,
GCJ,5,9,High,26,780,11483,MSEPU,,,0,0,,,,,,,
GCJ,5,9,High,26,780,11483,PACL,,,0,0,,,,,,,
GCJ,5,9,High,26,780,11483,PANE,,,0,0,,,,,,,
GCJ,5,9,High,28,840,11543,CAPR,,,0,0,,,,,,,
GCJ,5,9,High,28,840,11543,FHASE,,,0,0,,,,,,,
GCJ,5,9,High,28,840,11543,HYRU,,,0,0,,,,,,,
GCJ,5,9,High,28,840,11543,MHASE,,,0,0,,,,,,,
GCJ,5,9,High,28,840,11543,MSEPU,,,0,0,,,,,,,
GCJ,5,9,High,28,840,11543,PANE,,,0,0,,,,,,,
GCJ,5,9,High,30,900,11603,CAPR,,,0,0,,,,,,,
GCJ,5,9,High,30,900,11603,FHASE,,,0,0,,,,,,,
GCJ,5,9,High,30,900,11603,MSEPU,,,0,0,,,,,,,
GCJ,5,9,High,30,900,11603,PACL,,,0,0,,,,,,,
GCJ,5,9,High,30,900,11603,PANE,,,0,0,,,,,,,
GCJ,5,9,High,32,960,11663,CAPR,,,0,0,,,,,,,
GCJ,5,9,High,32,960,11663,FHASE,,,0,0,,,,,,,
GCJ,5,9,High,32,960,11663,FSEPU,,,0,0,,,,,,,
GCJ,5,9,High,32,960,11663,HYRU,,,0,0,,,,,,,
GCJ,5,9,High,32,960,11663,MHASE,,,0,0,,,,,,,
GCJ,5,9,High,32,960,11663,MSEPU,,,0,0,,,,,,,
GCJ,5,9,High,32,960,11663,PACL,,,0,0,,,,,,,
GCJ,5,9,High,32,960,11663,PANE,,,0,0,,,,,,,
GCJ,5,9,High,34,1020,11723,CAPR,,,0,0,,,,,,,
GCJ,5,9,High,34,1020,11723,FHASE,,,0,0,,,,,,,
GCJ,5,9,High,34,1020,11723,FSEPU,,,0,0,,,,,,,
GCJ,5,9,High,34,1020,11723,HYRU,,,0,0,,,,,,,
GCJ,5,9,High,34,1020,11723,MHASE,,,0,0,,,,,,,
GCJ,5,9,High,34,1020,11723,MSEPU,,,0,0,,,,,,,
GCJ,5,9,High,34,1020,11723,PACL,,,0,0,,,,,,,
GCJ,5,9,High,36,1080,11783,CAPR,,,0,0,,,,,,,
GCJ,5,9,High,36,1080,11783,FHASE,,,0,0,,,,,,,
GCJ,5,9,High,36,1080,11783,FSEPU,,,0,0,,,,,,,
GCJ,5,9,High,36,1080,11783,HYRU,,,0,0,,,,,,,
GCJ,5,9,High,36,1080,11783,MHASE,,,0,0,,,,,,,
GCJ,5,9,High,36,1080,11783,MSEPU,,,0,0,,,,,,,
GCJ,5,9,High,36,1080,11783,PACL,,,0,0,,,,,,,
GCJ,5,9,High,36,1080,11783,PANE,,,0,0,,,,,,,
GCJ,5,9,High,38,1140,11843,CAPR,,,0,0,,,,,,,
GCJ,5,9,High,38,1140,11843,FHASE,,,0,0,,,,,,,
GCJ,5,9,High,38,1140,11843,FSEPU,,,0,0,,,,,,,
GCJ,5,9,High,38,1140,11843,HYRU,,,0,0,,,,,,,
GCJ,5,9,High,38,1140,11843,MHASE,,,0,0,,,,,,,
GCJ,5,9,High,38,1140,11843,MSEPU,,,0,0,,,,,,,
GCJ,5,9,High,38,1140,11843,PACL,,,0,0,,,,,,,
GCJ,5,9,High,38,1140,11843,PANE,,,0,0,,,,,,,
GCJ,5,9,High,40,1200,11903,CAPR,,,0,0,,,,,,,
GCJ,5,9,High,40,1200,11903,FHASE,,,0,0,,,,,,,
GCJ,5,9,High,40,1200,11903,HYRU,,,0,0,,,,,,,
GCJ,5,9,High,40,1200,11903,MHASE,,,0,0,,,,,,,
GCJ,5,9,High,40,1200,11903,PACL,,,0,0,,,,,,,
GCJ,5,9,High,40,1200,11903,PANE,,,0,0,,,,,,,
TG,4,15,Low,2,60,15983,PACL,3,3,3,3,,,,,,,
TG,4,15,Low,4,120,16043,PACL,1,3,1,3,,,,,,,
TG,4,15,Low,6,180,16103,PACL,1,3,1,3,,,,,,,
TG,4,15,Low,14,420,16343,PACL,1,3,1,3,,,,,,,
TG,4,15,Low,20,600,16523,PACL,1,3,1,3,,,,,,,
TG,4,15,Low,22,660,16583,MHASE,1,3,1,3,,,,,,,
GCJ,5,11,Low,4,120,19681,MHASE,1,3,1,3,,,,,,,
GCJ,5,11,Low,4,120,19681,PACL,1,3,1,3,,,,,,,
GCJ,5,11,Low,10,300,19861,FSEPU,2,3,2,3,,,,,,,
GCJ,5,11,Low,22,660,20221,PACL,1,3,1,3,,,,,,,
GCJ,5,11,Low,24,720,20281,MHASE,1,3,1,3,,,,,,,
GCJ,5,11,Low,24,720,20281,MSEPU,1,3,1,3,,,,,,,
GCJ,5,11,Low,30,900,20471,FSEPU,1,3,1,3,,,,,,,
GCJ,5,11,Low,30,900,20471,PACL,1,3,1,3,,,,,,,
GCJ,5,13,Low,16,480,19472,MHASE,1,3,1,3,,,,,,,
GCJ,5,13,Low,20,600,19592,PACL,1,3,1,3,,,,,,,
GCJ,5,13,Low,22,660,19652,PACL,1,3,1,3,,,,,,,
GCJ,5,13,Low,28,840,19832,MHASE,1,3,1,3,,,,,,,
GCJ,5,13,Low,30,900,19892,GINI,1,3,1,3,,,,,,,
GCJ,5,4,Low,2,60,22919,PACL,1,3,1,3,,,,,,,
GCJ,5,4,Low,4,120,22979,PACL,1,3,1,3,,,,,,,
GCJ,5,4,Low,6,180,23039,HYRU,1,3,1,3,,,,,,,
GCJ,5,4,Low,8,240,23099,HYRU,1,3,1,3,,,,,,,
GCJ,5,4,Low,18,540,23399,HYRU,1,3,1,3,,,,,,,
GCJ,5,4,Low,30,900,23759,PACL,1,3,1,3,,,,,,,
GCJ,5,4,Low,36,1080,23939,PACL,1,3,1,3,,,,,,,
GCJ,5,8,Low,2,60,13129,MHASE,2,3,2,3,,,,,,,
GCJ,5,8,Low,4,120,13189,HYRU,1,3,1,3,,,,,,,
GCJ,5,8,Low,10,300,13369,MHASE,1,3,1,3,,,,,,,
TG,4,15,Low,2,60,15983,FSEPU,1,2,1,2,,,,,,,
TG,4,15,Low,12,360,16283,FHASE,1,2,1,2,,,,,,,
TG,4,15,Low,12,360,16283,MHASE,1,2,1,2,,,,,,,
TG,4,15,Low,16,480,16403,PACL,1,2,1,2,,,,,,,
TG,4,15,Low,20,600,16523,MHASE,1,2,1,2,,,,,,,
GCJ,5,11,Low,4,120,19681,FSEPU,1,2,1,2,,,,,,,
GCJ,5,11,Low,10,300,19861,MSEPU,1,2,1,2,,,,,,,
GCJ,5,11,Low,10,300,19861,PACL,1,2,1,2,,,,,,,
GCJ,5,11,Low,12,360,19921,MHASE,1,2,1,2,,,,,,,
GCJ,5,11,Low,16,480,20041,PACL,1,2,1,2,,,,,,,
GCJ,5,11,Low,18,540,20101,MHASE,1,2,1,2,,,,,,,
GCJ,5,11,Low,28,840,20401,FSEPU,1,2,1,2,,,,,,,
GCJ,5,13,Low,8,240,19232,FSEPU,1,2,1,2,,,,,,,
GCJ,5,4,Low,6,180,23039,FHASE,1,2,1,2,,,,,,,
GCJ,5,4,Low,6,180,23039,PACL,1,2,1,2,,,,,,,
GCJ,5,4,Low,14,420,23279,HYRU,1,2,1,2,,,,,,,
GCJ,5,4,Low,16,480,23339,MHASE,1,2,1,2,,,,,,,
GCJ,5,8,Low,18,540,13609,FHASE,1,2,1,2,,,,,,,
TG,4,15,Low,10,300,16223,PACL,1,1,1,1,,,,,,,
TG,4,15,Low,14,420,16343,FHASE,1,1,1,1,,,,,,,
GCJ,5,11,Low,10,300,19861,MHASE,1,1,1,1,,,,,,,
GCJ,5,11,Low,26,780,20341,FHASE,1,1,1,1,,,,,,,
GCJ,5,4,Low,2,60,22919,FHASE,1,1,1,1,,,,,,,
GCJ,5,4,Low,22,660,23519,FSEPU,1,1,1,1,,,,,,,
TG,4,15,Low,2,60,15983,CAPR,,,0,0,,,,,,,
TG,4,15,Low,2,60,15983,FHASE,,,0,0,,,,,,,
TG,4,15,Low,2,60,15983,HYRU,,,0,0,,,,,,,
TG,4,15,Low,2,60,15983,MHASE,,,0,0,,,,,,,
TG,4,15,Low,2,60,15983,MSEPU,,,0,0,,,,,,,
TG,4,15,Low,2,60,15983,PANE,,,0,0,,,,,,,
TG,4,15,Low,4,120,16043,CAPR,,,0,0,,,,,,,
TG,4,15,Low,4,120,16043,FHASE,,,0,0,,,,,,,
TG,4,15,Low,4,120,16043,FSEPU,,,0,0,,,,,,,
TG,4,15,Low,4,120,16043,HYRU,,,0,0,,,,,,,
TG,4,15,Low,4,120,16043,MHASE,,,0,0,,,,,,,
TG,4,15,Low,4,120,16043,MSEPU,,,0,0,,,,,,,
TG,4,15,Low,4,120,16043,PANE,,,0,0,,,,,,,
TG,4,15,Low,6,180,16103,CAPR,,,0,0,,,,,,,
TG,4,15,Low,6,180,16103,FHASE,,,0,0,,,,,,,
TG,4,15,Low,6,180,16103,FSEPU,,,0,0,,,,,,,
TG,4,15,Low,6,180,16103,HYRU,,,0,0,,,,,,,
TG,4,15,Low,6,180,16103,MHASE,,,0,0,,,,,,,
TG,4,15,Low,6,180,16103,PANE,,,0,0,,,,,,,
TG,4,15,Low,8,240,16163,CAPR,,,0,0,,,,,,,
TG,4,15,Low,8,240,16163,FHASE,,,0,0,,,,,,,
TG,4,15,Low,8,240,16163,FSEPU,,,0,0,,,,,,,
TG,4,15,Low,8,240,16163,HYRU,,,0,0,,,,,,,
TG,4,15,Low,8,240,16163,MHASE,,,0,0,,,,,,,
TG,4,15,Low,8,240,16193,MSEPU,,,0,0,,,,,,,
TG,4,15,Low,8,240,16163,PACL,,,0,0,,,,,,,
TG,4,15,Low,8,240,16163,PANE,,,0,0,,,,,,,
TG,4,15,Low,10,300,16223,CAPR,,,0,0,,,,,,,
TG,4,15,Low,10,300,16223,FHASE,,,0,0,,,,,,,
TG,4,15,Low,10,300,16223,FSEPU,,,0,0,,,,,,,
TG,4,15,Low,10,300,16223,HYRU,,,0,0,,,,,,,
TG,4,15,Low,10,300,16223,MHASE,,,0,0,,,,,,,
TG,4,15,Low,10,300,16253,MSEPU,,,0,0,,,,,,,
TG,4,15,Low,10,300,16223,PANE,,,0,0,,,,,,,
TG,4,15,Low,12,360,16283,CAPR,,,0,0,,,,,,,
TG,4,15,Low,12,360,16283,FSEPU,,,0,0,,,,,,,
TG,4,15,Low,12,360,16283,HYRU,,,0,0,,,,,,,
TG,4,15,Low,12,360,16313,MSEPU,,,0,0,,,,,,,
TG,4,15,Low,12,360,16283,PACL,,,0,0,,,,,,,
TG,4,15,Low,12,360,16283,PANE,,,0,0,,,,,,,
TG,4,15,Low,14,420,16343,CAPR,,,0,0,,,,,,,
TG,4,15,Low,14,420,16343,FSEPU,,,0,0,,,,,,,
TG,4,15,Low,14,420,16343,HYRU,,,0,0,,,,,,,
TG,4,15,Low,14,420,16343,MHASE,,,0,0,,,,,,,
TG,4,15,Low,14,420,16373,MSEPU,,,0,0,,,,,,,
TG,4,15,Low,14,420,16343,PANE,,,0,0,,,,,,,
TG,4,15,Low,16,480,16403,CAPR,,,0,0,,,,,,,
TG,4,15,Low,16,480,16403,FHASE,,,0,0,,,,,,,
TG,4,15,Low,16,480,16403,FSEPU,,,0,0,,,,,,,
TG,4,15,Low,16,480,16403,HYRU,,,0,0,,,,,,,
TG,4,15,Low,16,480,16403,MHASE,,,0,0,,,,,,,
TG,4,15,Low,16,480,16433,MSEPU,,,0,0,,,,,,,
TG,4,15,Low,16,480,16403,PANE,,,0,0,,,,,,,
TG,4,15,Low,18,540,16463,CAPR,,,0,0,,,,,,,
TG,4,15,Low,18,540,16463,FHASE,,,0,0,,,,,,,
TG,4,15,Low,18,540,16463,FSEPU,,,0,0,,,,,,,
TG,4,15,Low,18,540,16463,HYRU,,,0,0,,,,,,,
TG,4,15,Low,18,540,16463,MHASE,,,0,0,,,,,,,
TG,4,15,Low,18,540,16493,MSEPU,,,0,0,,,,,,,
TG,4,15,Low,18,540,16463,PACL,,,0,0,,,,,,,
TG,4,15,Low,18,540,16463,PANE,,,0,0,,,,,,,
TG,4,15,Low,20,600,16523,CAPR,,,0,0,,,,,,,
TG,4,15,Low,20,600,16523,FHASE,,,0,0,,,,,,,
TG,4,15,Low,20,600,16523,FSEPU,,,0,0,,,,,,,
TG,4,15,Low,20,600,16523,HYRU,,,0,0,,,,,,,
TG,4,15,Low,20,600,16553,MSEPU,,,0,0,,,,,,,
TG,4,15,Low,20,600,16523,PANE,,,0,0,,,,,,,
TG,4,15,Low,22,660,16583,CAPR,,,0,0,,,,,,,
TG,4,15,Low,22,660,16583,FHASE,,,0,0,,,,,,,
TG,4,15,Low,22,660,16583,FSEPU,,,0,0,,,,,,,
TG,4,15,Low,22,660,16583,HYRU,,,0,0,,,,,,,
TG,4,15,Low,22,660,16583,MSEPU,,,0,0,,,,,,,
TG,4,15,Low,22,660,16583,PACL,,,0,0,,,,,,,
TG,4,15,Low,22,660,16583,PANE,,,0,0,,,,,,,
TG,4,15,Low,24,720,16643,CAPR,,,0,0,,,,,,,
TG,4,15,Low,24,720,16643,FHASE,,,0,0,,,,,,,
TG,4,15,Low,24,720,16643,FSEPU,,,0,0,,,,,,,
TG,4,15,Low,24,720,16643,HYRU,,,0,0,,,,,,,
TG,4,15,Low,24,720,16643,MHASE,,,0,0,,,,,,,
TG,4,15,Low,24,720,16643,MSEPU,,,0,0,,,,,,,
TG,4,15,Low,24,720,16643,PACL,,,0,0,,,,,,,
TG,4,15,Low,24,720,16643,PANE,,,0,0,,,,,,,
TG,4,15,Low,26,780,16703,CAPR,,,0,0,,,,,,,
TG,4,15,Low,26,780,16703,FHASE,,,0,0,,,,,,,
TG,4,15,Low,26,780,16703,FSEPU,,,0,0,,,,,,,
TG,4,15,Low,26,780,16703,HYRU,,,0,0,,,,,,,
TG,4,15,Low,26,780,16703,MHASE,,,0,0,,,,,,,
TG,4,15,Low,26,780,16703,MSEPU,,,0,0,,,,,,,
TG,4,15,Low,26,780,16703,PACL,,,0,0,,,,,,,
TG,4,15,Low,26,780,16703,PANE,,,0,0,,,,,,,
TG,4,15,Low,28,840,16763,CAPR,,,0,0,,,,,,,
TG,4,15,Low,28,840,16763,FHASE,,,0,0,,,,,,,
TG,4,15,Low,28,840,16763,FSEPU,,,0,0,,,,,,,
TG,4,15,Low,28,840,16763,HYRU,,,0,0,,,,,,,
TG,4,15,Low,28,840,16763,MHASE,,,0,0,,,,,,,
TG,4,15,Low,28,840,16763,MSEPU,,,0,0,,,,,,,
TG,4,15,Low,28,840,16763,PACL,,,0,0,,,,,,,
TG,4,15,Low,28,840,16763,PANE,,,0,0,,,,,,,
TG,4,15,Low,30,900,16823,CAPR,,,0,0,,,,,,,
TG,4,15,Low,30,900,16823,FHASE,,,0,0,,,,,,,
TG,4,15,Low,30,900,16823,FSEPU,,,0,0,,,,,,,
TG,4,15,Low,30,900,16823,HYRU,,,0,0,,,,,,,
TG,4,15,Low,30,900,16823,MHASE,,,0,0,,,,,,,
TG,4,15,Low,30,900,16823,MSEPU,,,0,0,,,,,,,
TG,4,15,Low,30,900,16823,PACL,,,0,0,,,,,,,
TG,4,15,Low,30,900,16823,PANE,,,0,0,,,,,,,
TG,4,15,Low,32,960,16883,CAPR,,,0,0,,,,,,,
TG,4,15,Low,32,960,16883,FHASE,,,0,0,,,,,,,
TG,4,15,Low,32,960,16883,FSEPU,,,0,0,,,,,,,
TG,4,15,Low,32,960,16883,HYRU,,,0,0,,,,,,,
TG,4,15,Low,32,960,16883,MHASE,,,0,0,,,,,,,
TG,4,15,Low,32,960,16883,MSEPU,,,0,0,,,,,,,
TG,4,15,Low,32,960,16883,PACL,,,0,0,,,,,,,
TG,4,15,Low,32,960,16883,PANE,,,0,0,,,,,,,
TG,4,15,Low,34,1020,16943,CAPR,,,0,0,,,,,,,
TG,4,15,Low,34,1020,16943,FHASE,,,0,0,,,,,,,
TG,4,15,Low,34,1020,16943,FSEPU,,,0,0,,,,,,,
TG,4,15,Low,34,1020,16943,HYRU,,,0,0,,,,,,,
TG,4,15,Low,34,1020,16943,MHASE,,,0,0,,,,,,,
TG,4,15,Low,34,1020,16943,MSEPU,,,0,0,,,,,,,
TG,4,15,Low,34,1020,16943,PACL,,,0,0,,,,,,,
TG,4,15,Low,34,1020,16943,PANE,,,0,0,,,,,,,
TG,4,15,Low,36,1080,17003,CAPR,,,0,0,,,,,,,
TG,4,15,Low,36,1080,17003,FHASE,,,0,0,,,,,,,
TG,4,15,Low,36,1080,17003,FSEPU,,,0,0,,,,,,,
TG,4,15,Low,36,1080,17003,HYRU,,,0,0,,,,,,,
TG,4,15,Low,36,1080,17003,MHASE,,,0,0,,,,,,,
TG,4,15,Low,36,1080,17003,MSEPU,,,0,0,,,,,,,
TG,4,15,Low,36,1080,17003,PACL,,,0,0,,,,,,,
TG,4,15,Low,36,1080,17003,PANE,,,0,0,,,,,,,
MB,5,17,Low,2,60,17604,MSEPU,,,0,0,,,,,,,
MB,5,17,Low,2,60,17604,FSEPU,,,0,0,,,,,,,
MB,5,17,Low,2,60,17604,MHASE,,,0,0,,,,,,,
MB,5,17,Low,2,60,17604,FHASE,,,0,0,,,,,,,
MB,5,17,Low,2,60,17604,PACL,,,0,0,,,,,,,
MB,5,17,Low,2,60,17604,PANE,,,0,0,,,,,,,
MB,5,17,Low,2,60,17604,CAPR,,,0,0,,,,,,,
MB,5,17,Low,2,60,17604,HYRU,,,0,0,,,,,,,
MB,5,17,Low,4,120,17664,MSEPU,,,0,0,,,,,,,
MB,5,17,Low,4,120,17664,FSEPU,,,0,0,,,,,,,
MB,5,17,Low,4,120,17664,MHASE,,,0,0,,,,,,,
MB,5,17,Low,4,120,17664,FHASE,,,0,0,,,,,,,
MB,5,17,Low,4,120,17664,PACL,,,0,0,,,,,,,
MB,5,17,Low,4,120,17664,PANE,,,0,0,,,,,,,
MB,5,17,Low,4,120,17664,CAPR,,,0,0,,,,,,,
MB,5,17,Low,4,120,17664,HYRU,,,0,0,,,,,,,
MB,5,17,Low,6,180,17724,MSEPU,,,0,0,,,,,,,
MB,5,17,Low,6,180,17724,FSEPU,,,0,0,,,,,,,
MB,5,17,Low,6,180,17724,MHASE,,,0,0,,,,,,,
MB,5,17,Low,6,180,17724,FHASE,,,0,0,,,,,,,
MB,5,17,Low,6,180,17724,PACL,,,0,0,,,,,,,
MB,5,17,Low,6,180,17724,PANE,,,0,0,,,,,,,
MB,5,17,Low,6,180,17724,CAPR,,,0,0,,,,,,,
MB,5,17,Low,6,180,17724,HYRU,,,0,0,,,,,,,
MB,5,17,Low,8,240,17784,MSEPU,,,0,0,,,,,,,
MB,5,17,Low,8,240,17784,FSEPU,,,0,0,,,,,,,
MB,5,17,Low,8,240,17784,MHASE,,,0,0,,,,,,,
MB,5,17,Low,8,240,17784,FHASE,,,0,0,,,,,,,
MB,5,17,Low,8,240,17784,PACL,,,0,0,,,,,,,
MB,5,17,Low,8,240,17784,PANE,,,0,0,,,,,,,
MB,5,17,Low,8,240,17784,CAPR,,,0,0,,,,,,,
MB,5,17,Low,8,240,17784,HYRU,,,0,0,,,,,,,
MB,5,17,Low,10,300,17844,MSEPU,,,0,0,,,,,,,
MB,5,17,Low,10,300,17844,FSEPU,,,0,0,,,,,,,
MB,5,17,Low,10,300,17844,MHASE,,,0,0,,,,,,,
MB,5,17,Low,10,300,17844,FHASE,,,0,0,,,,,,,
MB,5,17,Low,10,300,17844,PACL,,,0,0,,,,,,,
MB,5,17,Low,10,300,17844,PANE,,,0,0,,,,,,,
MB,5,17,Low,10,300,17844,CAPR,,,0,0,,,,,,,
MB,5,17,Low,10,300,17844,HYRU,,,0,0,,,,,,,
MB,5,17,Low,12,360,17904,MSEPU,,,0,0,,,,,,,
MB,5,17,Low,12,360,17904,FSEPU,,,0,0,,,,,,,
MB,5,17,Low,12,360,17904,MHASE,,,0,0,,,,,,,
MB,5,17,Low,12,360,17904,FHASE,,,0,0,,,,,,,
MB,5,17,Low,12,360,17904,PACL,,,0,0,,,,,,,
MB,5,17,Low,12,360,17904,PANE,,,0,0,,,,,,,
MB,5,17,Low,12,360,17904,CAPR,,,0,0,,,,,,,
MB,5,17,Low,12,360,17904,HYRU,,,0,0,,,,,,,
MB,5,17,Low,16,480,18197,MSEPU,,,0,0,,,,,,,
GCJ,5,11,Low,2,60,19621,CAPR,,,0,0,,,,,,,
GCJ,5,11,Low,2,60,19621,FHASE,,,0,0,,,,,,,
GCJ,5,11,Low,2,60,19621,FSEPU,,,0,0,,,,,,,
GCJ,5,11,Low,2,60,19621,HYRU,,,0,0,,,,,,,
GCJ,5,11,Low,2,60,19621,MHASE,,,0,0,,,,,,,
GCJ,5,11,Low,2,60,19621,MSEPU,,,0,0,,,,,,,
GCJ,5,11,Low,2,60,19621,PACL,,,0,0,,,,,,,
GCJ,5,11,Low,2,60,19621,PANE,,,0,0,,,,,,,
GCJ,5,11,Low,4,120,19681,CAPR,,,0,0,,,,,,,
GCJ,5,11,Low,4,120,19681,PANE,,,0,0,,,,,,,
GCJ,5,11,Low,6,180,19741,CAPR,,,0,0,,,,,,,
GCJ,5,11,Low,6,180,19741,FHASE,,,0,0,,,,,,,
GCJ,5,11,Low,6,180,19741,FSEPU,,,0,0,,,,,,,
GCJ,5,11,Low,6,180,19741,HYRU,,,0,0,,,,,,,
GCJ,5,11,Low,6,180,19741,MHASE,,,0,0,,,,,,,
GCJ,5,11,Low,6,180,19741,PACL,,,0,0,,,,,,,
GCJ,5,11,Low,6,180,19741,PANE,,,0,0,,,,,,,
GCJ,5,11,Low,8,240,19801,CAPR,,,0,0,,,,,,,
GCJ,5,11,Low,8,240,19801,FHASE,,,0,0,,,,,,,
GCJ,5,11,Low,8,240,19801,FSEPU,,,0,0,,,,,,,
GCJ,5,11,Low,8,240,19801,HYRU,,,0,0,,,,,,,
GCJ,5,11,Low,8,240,19801,MHASE,,,0,0,,,,,,,
GCJ,5,11,Low,8,240,19801,MSEPU,,,0,0,,,,,,,
GCJ,5,11,Low,8,240,19801,PACL,,,0,0,,,,,,,
GCJ,5,11,Low,8,240,19801,PANE,,,0,0,,,,,,,
GCJ,5,11,Low,10,300,19861,CAPR,,,0,0,,,,,,,
GCJ,5,11,Low,10,300,19861,FHASE,,,0,0,,,,,,,
GCJ,5,11,Low,10,300,19861,HYRU,,,0,0,,,,,,,
GCJ,5,11,Low,10,300,19861,PANE,,,0,0,,,,,,,
GCJ,5,11,Low,12,360,19921,PANE,,,0,0,,,,,,,
GCJ,5,11,Low,14,420,19981,CAPR,,,0,0,,,,,,,
GCJ,5,11,Low,14,420,19981,FHASE,,,0,0,,,,,,,
GCJ,5,11,Low,14,420,19981,FSEPU,,,0,0,,,,,,,
GCJ,5,11,Low,14,420,19981,HYRU,,,0,0,,,,,,,
GCJ,5,11,Low,14,420,19981,MHASE,,,0,0,,,,,,,
GCJ,5,11,Low,14,420,19981,MSEPU,,,0,0,,,,,,,
GCJ,5,11,Low,14,420,19981,PACL,,,0,0,,,,,,,
GCJ,5,11,Low,14,420,19981,PANE,,,0,0,,,,,,,
GCJ,5,11,Low,16,480,20041,PANE,,,0,0,,,,,,,
GCJ,5,11,Low,18,540,20101,CAPR,,,0,0,,,,,,,
GCJ,5,11,Low,18,540,20101,FHASE,,,0,0,,,,,,,
GCJ,5,11,Low,18,540,20101,FSEPU,,,0,0,,,,,,,
GCJ,5,11,Low,18,540,20101,HYRU,,,0,0,,,,,,,
GCJ,5,11,Low,18,540,20101,MSEPU,,,0,0,,,,,,,
GCJ,5,11,Low,18,540,20101,PACL,,,0,0,,,,,,,
GCJ,5,11,Low,18,540,20101,PANE,,,0,0,,,,,,,
GCJ,5,11,Low,20,600,20161,CAPR,,,0,0,,,,,,,
GCJ,5,11,Low,20,600,20161,FHASE,,,0,0,,,,,,,
GCJ,5,11,Low,20,600,20161,FSEPU,,,0,0,,,,,,,
GCJ,5,11,Low,20,600,20161,HYRU,,,0,0,,,,,,,
GCJ,5,11,Low,20,600,20161,MHASE,,,0,0,,,,,,,
GCJ,5,11,Low,20,600,20161,MSEPU,,,0,0,,,,,,,
GCJ,5,11,Low,20,600,20161,PACL,,,0,0,,,,,,,
GCJ,5,11,Low,20,600,20161,PANE,,,0,0,,,,,,,
GCJ,5,11,Low,22,660,20221,PANE,,,0,0,,,,,,,
GCJ,5,11,Low,24,720,20281,PANE,,,0,0,,,,,,,
GCJ,5,11,Low,26,780,20341,PANE,,,0,0,,,,,,,
GCJ,5,11,Low,28,840,20401,PANE,,,0,0,,,,,,,
GCJ,5,11,Low,30,900,20471,PANE,,,0,0,,,,,,,
GCJ,5,11,Low,32,960,20531,CAPR,,,0,0,,,,,,,
GCJ,5,11,Low,32,960,20531,FHASE,,,0,0,,,,,,,
GCJ,5,11,Low,32,960,20531,FSEPU,,,0,0,,,,,,,
GCJ,5,11,Low,32,960,20531,HYRU,,,0,0,,,,,,,
GCJ,5,11,Low,32,960,20531,MHASE,,,0,0,,,,,,,
GCJ,5,11,Low,32,960,20531,MSEPU,,,0,0,,,,,,,
GCJ,5,11,Low,32,960,20531,PACL,,,0,0,,,,,,,
GCJ,5,11,Low,32,960,20531,PANE,,,0,0,,,,,,,
GCJ,5,11,Low,34,1020,20591,CAPR,,,0,0,,,,,,,
GCJ,5,11,Low,34,1020,20591,FHASE,,,0,0,,,,,,,
GCJ,5,11,Low,34,1020,20591,FSEPU,,,0,0,,,,,,,
GCJ,5,11,Low,34,1020,20591,HYRU,,,0,0,,,,,,,
GCJ,5,11,Low,34,1020,20591,MHASE,,,0,0,,,,,,,
GCJ,5,11,Low,34,1020,20591,MSEPU,,,0,0,,,,,,,
GCJ,5,11,Low,34,1020,20591,PACL,,,0,0,,,,,,,
GCJ,5,11,Low,34,1020,20591,PANE,,,0,0,,,,,,,
GCJ,5,11,Low,36,1080,20651,CAPR,,,0,0,,,,,,,
GCJ,5,11,Low,36,1080,20651,FHASE,,,0,0,,,,,,,
GCJ,5,11,Low,36,1080,20651,FSEPU,,,0,0,,,,,,,
GCJ,5,11,Low,36,1080,20651,HYRU,,,0,0,,,,,,,
GCJ,5,11,Low,36,1080,20651,MHASE,,,0,0,,,,,,,
GCJ,5,11,Low,36,1080,20651,MSEPU,,,0,0,,,,,,,
GCJ,5,11,Low,36,1080,20651,PACL,,,0,0,,,,,,,
GCJ,5,11,Low,36,1080,20651,PANE,,,0,0,,,,,,,
GCJ,5,13,Low,2,60,19052,CAPR,,,0,0,,,,,,,
GCJ,5,13,Low,2,60,19052,FHASE,,,0,0,,,,,,,
GCJ,5,13,Low,2,60,19052,FSEPU,,,0,0,,,,,,,
GCJ,5,13,Low,2,60,19052,HYRU,,,0,0,,,,,,,
GCJ,5,13,Low,2,60,19052,MHASE,,,0,0,,,,,,,
GCJ,5,13,Low,2,60,19052,MSEPU,,,0,0,,,,,,,
GCJ,5,13,Low,2,60,19052,PACL,,,0,0,,,,,,,
GCJ,5,13,Low,2,60,19052,PANE,,,0,0,,,,,,,
GCJ,5,13,Low,4,120,19112,CAPR,,,0,0,,,,,,,
GCJ,5,13,Low,4,120,19112,FHASE,,,0,0,,,,,,,
GCJ,5,13,Low,4,120,19112,FSEPU,,,0,0,,,,,,,
GCJ,5,13,Low,4,120,19112,HYRU,,,0,0,,,,,,,
GCJ,5,13,Low,4,120,19112,MHASE,,,0,0,,,,,,,
GCJ,5,13,Low,4,120,19112,MSEPU,,,0,0,,,,,,,
GCJ,5,13,Low,4,120,19112,PACL,,,0,0,,,,,,,
GCJ,5,13,Low,4,120,19112,PANE,,,0,0,,,,,,,
GCJ,5,13,Low,6,180,19172,CAPR,,,0,0,,,,,,,
GCJ,5,13,Low,6,180,19172,FHASE,,,0,0,,,,,,,
GCJ,5,13,Low,6,180,19172,FSEPU,,,0,0,,,,,,,
GCJ,5,13,Low,6,180,19172,HYRU,,,0,0,,,,,,,
GCJ,5,13,Low,6,180,19172,MHASE,,,0,0,,,,,,,
GCJ,5,13,Low,6,180,19172,MSEPU,,,0,0,,,,,,,
GCJ,5,13,Low,6,180,19172,PACL,,,0,0,,,,,,,
GCJ,5,13,Low,6,180,19172,PANE,,,0,0,,,,,,,
GCJ,5,13,Low,8,240,19232,PANE,,,0,0,,,,,,,
GCJ,5,13,Low,10,300,19292,CAPR,,,0,0,,,,,,,
GCJ,5,13,Low,10,300,19292,FHASE,,,0,0,,,,,,,
GCJ,5,13,Low,10,300,19292,FSEPU,,,0,0,,,,,,,
GCJ,5,13,Low,10,300,19292,HYRU,,,0,0,,,,,,,
GCJ,5,13,Low,10,300,19292,MHASE,,,0,0,,,,,,,
GCJ,5,13,Low,10,300,19292,MSEPU,,,0,0,,,,,,,
GCJ,5,13,Low,10,300,19292,PACL,,,0,0,,,,,,,
GCJ,5,13,Low,10,300,19292,PANE,,,0,0,,,,,,,
GCJ,5,13,Low,12,360,19352,CAPR,,,0,0,,,,,,,
GCJ,5,13,Low,12,360,19352,FHASE,,,0,0,,,,,,,
GCJ,5,13,Low,12,360,19352,FSEPU,,,0,0,,,,,,,
GCJ,5,13,Low,12,360,19352,HYRU,,,0,0,,,,,,,
GCJ,5,13,Low,12,360,19352,MHASE,,,0,0,,,,,,,
GCJ,5,13,Low,12,360,19352,MSEPU,,,0,0,,,,,,,
GCJ,5,13,Low,12,360,19352,PACL,,,0,0,,,,,,,
GCJ,5,13,Low,12,360,19352,PANE,,,0,0,,,,,,,
GCJ,5,13,Low,14,420,19412,CAPR,,,0,0,,,,,,,
GCJ,5,13,Low,14,420,19412,FHASE,,,0,0,,,,,,,
GCJ,5,13,Low,14,420,19412,FSEPU,,,0,0,,,,,,,
GCJ,5,13,Low,14,420,19412,HYRU,,,0,0,,,,,,,
GCJ,5,13,Low,14,420,19412,MHASE,,,0,0,,,,,,,
GCJ,5,13,Low,14,420,19412,MSEPU,,,0,0,,,,,,,
GCJ,5,13,Low,14,420,19412,PACL,,,0,0,,,,,,,
GCJ,5,13,Low,14,420,19412,PANE,,,0,0,,,,,,,
GCJ,5,13,Low,16,480,19472,PANE,,,0,0,,,,,,,
GCJ,5,13,Low,18,540,19532,CAPR,,,0,0,,,,,,,
GCJ,5,13,Low,18,540,19532,FHASE,,,0,0,,,,,,,
GCJ,5,13,Low,18,540,19532,FSEPU,,,0,0,,,,,,,
GCJ,5,13,Low,18,540,19532,HYRU,,,0,0,,,,,,,
GCJ,5,13,Low,18,540,19532,MHASE,,,0,0,,,,,,,
GCJ,5,13,Low,18,540,19532,MSEPU,,,0,0,,,,,,,
GCJ,5,13,Low,18,540,19532,PACL,,,0,0,,,,,,,
GCJ,5,13,Low,18,540,19532,PANE,,,0,0,,,,,,,
GCJ,5,13,Low,20,600,19592,PANE,,,0,0,,,,,,,
GCJ,5,13,Low,22,660,19652,PANE,,,0,0,,,,,,,
GCJ,5,13,Low,24,720,19712,PANE,,,0,0,,,,,,,
GCJ,5,13,Low,26,780,19772,PANE,,,0,0,,,,,,,
GCJ,5,13,Low,28,840,19832,PANE,,,0,0,,,,,,,
GCJ,5,13,Low,32,960,19952,CAPR,,,0,0,,,,,,,
GCJ,5,13,Low,32,960,19952,FHASE,,,0,0,,,,,,,
GCJ,5,13,Low,32,960,19952,FSEPU,,,0,0,,,,,,,
GCJ,5,13,Low,32,960,19952,HYRU,,,0,0,,,,,,,
GCJ,5,13,Low,32,960,19952,MHASE,,,0,0,,,,,,,
GCJ,5,13,Low,32,960,19952,MSEPU,,,0,0,,,,,,,
GCJ,5,13,Low,32,960,19952,PACL,,,0,0,,,,,,,
GCJ,5,13,Low,32,960,19952,PANE,,,0,0,,,,,,,
GCJ,5,4,Low,2,60,22919,PANE,,,0,0,,,,,,,
GCJ,5,4,Low,4,120,22979,PANE,,,0,0,,,,,,,
GCJ,5,4,Low,6,180,23039,PANE,,,0,0,,,,,,,
GCJ,5,4,Low,8,240,23099,PANE,,,0,0,,,,,,,
GCJ,5,4,Low,10,300,23159,CAPR,,,0,0,,,,,,,
GCJ,5,4,Low,10,300,23159,FHASE,,,0,0,,,,,,,
GCJ,5,4,Low,10,300,23159,FSEPU,,,0,0,,,,,,,
GCJ,5,4,Low,10,300,23159,HYRU,,,0,0,,,,,,,
GCJ,5,4,Low,10,300,23159,MHASE,,,0,0,,,,,,,
GCJ,5,4,Low,10,300,23159,MSEPU,,,0,0,,,,,,,
GCJ,5,4,Low,10,300,23159,PACL,,,0,0,,,,,,,
GCJ,5,4,Low,10,300,23159,PANE,,,0,0,,,,,,,
GCJ,5,4,Low,12,360,23219,CAPR,,,0,0,,,,,,,
GCJ,5,4,Low,12,360,23219,FHASE,,,0,0,,,,,,,
GCJ,5,4,Low,12,360,23219,FSEPU,,,0,0,,,,,,,
GCJ,5,4,Low,12,360,23219,HYRU,,,0,0,,,,,,,
GCJ,5,4,Low,12,360,23219,MHASE,,,0,0,,,,,,,
GCJ,5,4,Low,12,360,23219,MSEPU,,,0,0,,,,,,,
GCJ,5,4,Low,12,360,23219,PACL,,,0,0,,,,,,,
GCJ,5,4,Low,12,360,23219,PANE,,,0,0,,,,,,,
GCJ,5,4,Low,14,420,23279,PANE,,,0,0,,,,,,,
GCJ,5,4,Low,16,480,23339,PANE,,,0,0,,,,,,,
GCJ,5,4,Low,18,540,23399,PANE,,,0,0,,,,,,,
GCJ,5,4,Low,20,600,23459,CAPR,,,0,0,,,,,,,
GCJ,5,4,Low,20,600,23459,FHASE,,,0,0,,,,,,,
GCJ,5,4,Low,20,600,23459,FSEPU,,,0,0,,,,,,,
GCJ,5,4,Low,20,600,23459,HYRU,,,0,0,,,,,,,
GCJ,5,4,Low,20,600,23459,MHASE,,,0,0,,,,,,,
GCJ,5,4,Low,20,600,23459,MSEPU,,,0,0,,,,,,,
GCJ,5,4,Low,20,600,23459,PACL,,,0,0,,,,,,,
GCJ,5,4,Low,20,600,23459,PANE,,,0,0,,,,,,,
GCJ,5,4,Low,22,660,23519,PANE,,,0,0,,,,,,,
GCJ,5,4,Low,24,720,23579,CAPR,,,0,0,,,,,,,
GCJ,5,4,Low,24,720,23579,FHASE,,,0,0,,,,,,,
GCJ,5,4,Low,24,720,23579,FSEPU,,,0,0,,,,,,,
GCJ,5,4,Low,24,720,23579,HYRU,,,0,0,,,,,,,
GCJ,5,4,Low,24,720,23579,MHASE,,,0,0,,,,,,,
GCJ,5,4,Low,24,720,23579,MSEPU,,,0,0,,,,,,,
GCJ,5,4,Low,24,720,23579,PACL,,,0,0,,,,,,,
GCJ,5,4,Low,24,720,23579,PANE,,,0,0,,,,,,,
GCJ,5,4,Low,26,780,23639,CAPR,,,0,0,,,,,,,
GCJ,5,4,Low,26,780,23639,FHASE,,,0,0,,,,,,,
GCJ,5,4,Low,26,780,23639,FSEPU,,,0,0,,,,,,,
GCJ,5,4,Low,26,780,23639,HYRU,,,0,0,,,,,,,
GCJ,5,4,Low,26,780,23639,MHASE,,,0,0,,,,,,,
GCJ,5,4,Low,26,780,23639,MSEPU,,,0,0,,,,,,,
GCJ,5,4,Low,26,780,23639,PACL,,,0,0,,,,,,,
GCJ,5,4,Low,26,780,23639,PANE,,,0,0,,,,,,,
GCJ,5,4,Low,28,840,23699,CAPR,,,0,0,,,,,,,
GCJ,5,4,Low,28,840,23699,FHASE,,,0,0,,,,,,,
GCJ,5,4,Low,28,840,23699,FSEPU,,,0,0,,,,,,,
GCJ,5,4,Low,28,840,23699,HYRU,,,0,0,,,,,,,
GCJ,5,4,Low,28,840,23699,MHASE,,,0,0,,,,,,,
GCJ,5,4,Low,28,840,23699,MSEPU,,,0,0,,,,,,,
GCJ,5,4,Low,28,840,23699,PACL,,,0,0,,,,,,,
GCJ,5,4,Low,28,840,23699,PANE,,,0,0,,,,,,,
GCJ,5,4,Low,32,960,23819,CAPR,,,0,0,,,,,,,
GCJ,5,4,Low,32,960,23819,FHASE,,,0,0,,,,,,,
GCJ,5,4,Low,32,960,23819,FSEPU,,,0,0,,,,,,,
GCJ,5,4,Low,32,960,23819,HYRU,,,0,0,,,,,,,
GCJ,5,4,Low,32,960,23819,MHASE,,,0,0,,,,,,,
GCJ,5,4,Low,32,960,23819,MSEPU,,,0,0,,,,,,,
GCJ,5,4,Low,32,960,23819,PACL,,,0,0,,,,,,,
GCJ,5,4,Low,32,960,23819,PANE,,,0,0,,,,,,,
GCJ,5,4,Low,34,1020,23879,CAPR,,,0,0,,,,,,,
GCJ,5,4,Low,34,1020,23879,FHASE,,,0,0,,,,,,,
GCJ,5,4,Low,34,1020,23879,FSEPU,,,0,0,,,,,,,
GCJ,5,4,Low,34,1020,23879,HYRU,,,0,0,,,,,,,
GCJ,5,4,Low,34,1020,23879,MHASE,,,0,0,,,,,,,
GCJ,5,4,Low,34,1020,23879,MSEPU,,,0,0,,,,,,,
GCJ,5,4,Low,34,1020,23879,PACL,,,0,0,,,,,,,
GCJ,5,4,Low,34,1020,23879,PANE,,,0,0,,,,,,,
GCJ,5,4,Low,36,1080,23939,PANE,,,0,0,,,,,,,
GCJ,5,4,Low,38,1140,23999,CAPR,,,0,0,,,,,,,
GCJ,5,4,Low,38,1140,23999,FHASE,,,0,0,,,,,,,
GCJ,5,4,Low,38,1140,23999,FSEPU,,,0,0,,,,,,,
GCJ,5,4,Low,38,1140,23999,HYRU,,,0,0,,,,,,,
GCJ,5,4,Low,38,1140,23999,MHASE,,,0,0,,,,,,,
GCJ,5,4,Low,38,1140,23999,MSEPU,,,0,0,,,,,,,
GCJ,5,4,Low,38,1140,23999,PACL,,,0,0,,,,,,,
GCJ,5,4,Low,38,1140,23999,PANE,,,0,0,,,,,,,
GCJ,5,8,Low,2,60,13129,PANE,,,0,0,,,,,,,
GCJ,5,8,Low,4,120,13189,PANE,,,0,0,,,,,,,
GCJ,5,8,Low,6,180,13249,CAPR,,,0,0,,,,,,,
GCJ,5,8,Low,6,180,13249,FHASE,,,0,0,,,,,,,
GCJ,5,8,Low,6,180,13249,FSEPU,,,0,0,,,,,,,
GCJ,5,8,Low,6,180,13249,HYRU,,,0,0,,,,,,,
GCJ,5,8,Low,6,180,13249,MHASE,,,0,0,,,,,,,
GCJ,5,8,Low,6,180,13249,MSEPU,,,0,0,,,,,,,
GCJ,5,8,Low,6,180,13249,PACL,,,0,0,,,,,,,
GCJ,5,8,Low,6,180,13249,PANE,,,0,0,,,,,,,
GCJ,5,8,Low,8,240,13309,CAPR,,,0,0,,,,,,,
GCJ,5,8,Low,8,240,13309,FHASE,,,0,0,,,,,,,
GCJ,5,8,Low,8,240,13309,FSEPU,,,0,0,,,,,,,
GCJ,5,8,Low,8,240,13309,HYRU,,,0,0,,,,,,,
GCJ,5,8,Low,8,240,13309,MHASE,,,0,0,,,,,,,
GCJ,5,8,Low,8,240,13309,MSEPU,,,0,0,,,,,,,
GCJ,5,8,Low,8,240,13309,PACL,,,0,0,,,,,,,
GCJ,5,8,Low,8,240,13309,PANE,,,0,0,,,,,,,
GCJ,5,8,Low,10,300,13369,PANE,,,0,0,,,,,,,
GCJ,5,8,Low,12,360,13429,PANE,,,0,0,,,,,,,
MB,5,17,Low,14,420,17964,MSEPU,,,0,0,,,,,,,
MB,5,17,Low,14,420,17964,FSEPU,,,0,0,,,,,,,
MB,5,17,Low,14,420,17964,MHASE,,,0,0,,,,,,,
MB,5,17,Low,14,420,17964,FHASE,,,0,0,,,,,,,
MB,5,17,Low,14,420,17964,PACL,,,0,0,,,,,,,
MB,5,17,Low,14,420,17964,PANE,,,0,0,,,,,,,
MB,5,17,Low,14,420,17964,CAPR,,,0,0,,,,,,,
MB,5,17,Low,14,420,17964,HYRU,,,0,0,,,,,,,
GCJ,5,11,Low,4,120,19681,FHASE,,,0,0,,,,,,,
GCJ,5,11,Low,4,120,19681,HYRU,,,0,0,,,,,,,
GCJ,5,11,Low,4,120,19681,MSEPU,,,0,0,,,,,,,
GCJ,5,11,Low,6,180,19741,MSEPU,,,0,0,,,,,,,
GCJ,5,11,Low,12,360,19921,CAPR,,,0,0,,,,,,,
GCJ,5,11,Low,12,360,19921,FHASE,,,0,0,,,,,,,
GCJ,5,11,Low,12,360,19921,FSEPU,,,0,0,,,,,,,
GCJ,5,11,Low,12,360,19921,HYRU,,,0,0,,,,,,,
GCJ,5,11,Low,12,360,19921,MSEPU,,,0,0,,,,,,,
GCJ,5,11,Low,12,360,19921,PACL,,,0,0,,,,,,,
GCJ,5,11,Low,16,480,20041,CAPR,,,0,0,,,,,,,
GCJ,5,11,Low,16,480,20041,FHASE,,,0,0,,,,,,,
GCJ,5,11,Low,16,480,20041,FSEPU,,,0,0,,,,,,,
GCJ,5,11,Low,16,480,20041,HYRU,,,0,0,,,,,,,
GCJ,5,11,Low,16,480,20041,MHASE,,,0,0,,,,,,,
GCJ,5,11,Low,16,480,20041,MSEPU,,,0,0,,,,,,,
GCJ,5,11,Low,22,660,20221,CAPR,,,0,0,,,,,,,
GCJ,5,11,Low,22,660,20221,FHASE,,,0,0,,,,,,,
GCJ,5,11,Low,22,660,20221,FSEPU,,,0,0,,,,,,,
GCJ,5,11,Low,22,660,20221,HYRU,,,0,0,,,,,,,
GCJ,5,11,Low,22,660,20221,MHASE,,,0,0,,,,,,,
GCJ,5,11,Low,22,660,20221,MSEPU,,,0,0,,,,,,,
GCJ,5,11,Low,24,720,20281,CAPR,,,0,0,,,,,,,
GCJ,5,11,Low,24,720,20281,FHASE,,,0,0,,,,,,,
GCJ,5,11,Low,24,720,20281,FSEPU,,,0,0,,,,,,,
GCJ,5,11,Low,24,720,20281,HYRU,,,0,0,,,,,,,
GCJ,5,11,Low,24,720,20281,PACL,,,0,0,,,,,,,
GCJ,5,11,Low,26,780,20341,CAPR,,,0,0,,,,,,,
GCJ,5,11,Low,26,780,20341,FSEPU,,,0,0,,,,,,,
GCJ,5,11,Low,26,780,20341,HYRU,,,0,0,,,,,,,
GCJ,5,11,Low,26,780,20341,MHASE,,,0,0,,,,,,,
GCJ,5,11,Low,26,780,20341,MSEPU,,,0,0,,,,,,,
GCJ,5,11,Low,26,780,20341,PACL,,,0,0,,,,,,,
GCJ,5,11,Low,28,840,20401,CAPR,,,0,0,,,,,,,
GCJ,5,11,Low,28,840,20401,FHASE,,,0,0,,,,,,,
GCJ,5,11,Low,28,840,20401,HYRU,,,0,0,,,,,,,
GCJ,5,11,Low,28,840,20401,MHASE,,,0,0,,,,,,,
GCJ,5,11,Low,28,840,20401,MSEPU,,,0,0,,,,,,,
GCJ,5,11,Low,28,840,20401,PACL,,,0,0,,,,,,,
GCJ,5,11,Low,30,900,20471,CAPR,,,0,0,,,,,,,
GCJ,5,11,Low,30,900,20471,FHASE,,,0,0,,,,,,,
GCJ,5,11,Low,30,900,20471,HYRU,,,0,0,,,,,,,
GCJ,5,11,Low,30,900,20471,MHASE,,,0,0,,,,,,,
GCJ,5,11,Low,30,900,20471,MSEPU,,,0,0,,,,,,,
GCJ,5,13,Low,8,240,19232,CAPR,,,0,0,,,,,,,
GCJ,5,13,Low,8,240,19232,FHASE,,,0,0,,,,,,,
GCJ,5,13,Low,8,240,19232,HYRU,,,0,0,,,,,,,
GCJ,5,13,Low,8,240,19232,MHASE,,,0,0,,,,,,,
GCJ,5,13,Low,8,240,19232,MSEPU,,,0,0,,,,,,,
GCJ,5,13,Low,8,240,19232,PACL,,,0,0,,,,,,,
GCJ,5,13,Low,16,480,19472,CAPR,,,0,0,,,,,,,
GCJ,5,13,Low,16,480,19472,FHASE,,,0,0,,,,,,,
GCJ,5,13,Low,16,480,19472,FSEPU,,,0,0,,,,,,,
GCJ,5,13,Low,16,480,19472,HYRU,,,0,0,,,,,,,
GCJ,5,13,Low,16,480,19472,MSEPU,,,0,0,,,,,,,
GCJ,5,13,Low,16,480,19472,PACL,,,0,0,,,,,,,
GCJ,5,13,Low,20,600,19592,CAPR,,,0,0,,,,,,,
GCJ,5,13,Low,20,600,19592,FHASE,,,0,0,,,,,,,
GCJ,5,13,Low,20,600,19592,FSEPU,,,0,0,,,,,,,
GCJ,5,13,Low,20,600,19592,HYRU,,,0,0,,,,,,,
GCJ,5,13,Low,20,600,19592,MHASE,,,0,0,,,,,,,
GCJ,5,13,Low,20,600,19592,MSEPU,,,0,0,,,,,,,
GCJ,5,13,Low,22,660,19652,CAPR,,,0,0,,,,,,,
GCJ,5,13,Low,22,660,19652,FHASE,,,0,0,,,,,,,
GCJ,5,13,Low,22,660,19652,FSEPU,,,0,0,,,,,,,
GCJ,5,13,Low,22,660,19652,HYRU,,,0,0,,,,,,,
GCJ,5,13,Low,22,660,19652,MHASE,,,0,0,,,,,,,
GCJ,5,13,Low,22,660,19652,MSEPU,,,0,0,,,,,,,
GCJ,5,13,Low,24,720,19712,CAPR,,,0,0,,,,,,,
GCJ,5,13,Low,24,720,19712,FHASE,,,0,0,,,,,,,
GCJ,5,13,Low,24,720,19712,FSEPU,,,0,0,,,,,,,
GCJ,5,13,Low,24,720,19712,HYRU,,,0,0,,,,,,,
GCJ,5,13,Low,24,720,19712,MHASE,,,0,0,,,,,,,
GCJ,5,13,Low,24,720,19712,MSEPU,,,0,0,,,,,,,
GCJ,5,13,Low,24,720,19712,PACL,,,0,0,,,,,,,
GCJ,5,13,Low,26,780,19772,CAPR,,,0,0,,,,,,,
GCJ,5,13,Low,26,780,19772,FHASE,,,0,0,,,,,,,
GCJ,5,13,Low,26,780,19772,FSEPU,,,0,0,,,,,,,
GCJ,5,13,Low,26,780,19772,HYRU,,,0,0,,,,,,,
GCJ,5,13,Low,26,780,19772,MHASE,,,0,0,,,,,,,
GCJ,5,13,Low,26,780,19772,MSEPU,,,0,0,,,,,,,
GCJ,5,13,Low,26,780,19772,PACL,,,0,0,,,,,,,
GCJ,5,13,Low,28,840,19832,CAPR,,,0,0,,,,,,,
GCJ,5,13,Low,28,840,19832,FHASE,,,0,0,,,,,,,
GCJ,5,13,Low,28,840,19832,FSEPU,,,0,0,,,,,,,
GCJ,5,13,Low,28,840,19832,HYRU,,,0,0,,,,,,,
GCJ,5,13,Low,28,840,19832,MSEPU,,,0,0,,,,,,,
GCJ,5,13,Low,28,840,19832,PACL,,,0,0,,,,,,,
GCJ,5,13,Low,30,900,19892,CAPR,,,0,0,,,,,,,
GCJ,5,13,Low,30,900,19892,FHASE,,,0,0,,,,,,,
GCJ,5,13,Low,30,900,19892,FSEPU,,,0,0,,,,,,,
GCJ,5,13,Low,30,900,19892,HYRU,,,0,0,,,,,,,
GCJ,5,13,Low,30,900,19892,MHASE,,,0,0,,,,,,,
GCJ,5,13,Low,30,900,19892,MSEPU,,,0,0,,,,,,,
GCJ,5,13,Low,30,900,19892,PACL,,,0,0,,,,,,,
GCJ,5,13,Low,30,900,19892,PANE,,,0,0,,,,,,,
GCJ,5,4,Low,2,60,22919,CAPR,,,0,0,,,,,,,
GCJ,5,4,Low,2,60,22919,FSEPU,,,0,0,,,,,,,
GCJ,5,4,Low,2,60,22919,HYRU,,,0,0,,,,,,,
GCJ,5,4,Low,2,60,22919,MHASE,,,0,0,,,,,,,
GCJ,5,4,Low,2,60,22919,MSEPU,,,0,0,,,,,,,
GCJ,5,4,Low,4,120,22979,CAPR,,,0,0,,,,,,,
GCJ,5,4,Low,4,120,22979,FHASE,,,0,0,,,,,,,
GCJ,5,4,Low,4,120,22979,FSEPU,,,0,0,,,,,,,
GCJ,5,4,Low,4,120,22979,HYRU,,,0,0,,,,,,,
GCJ,5,4,Low,4,120,22979,MHASE,,,0,0,,,,,,,
GCJ,5,4,Low,4,120,22979,MSEPU,,,0,0,,,,,,,
GCJ,5,4,Low,6,180,23039,CAPR,,,0,0,,,,,,,
GCJ,5,4,Low,6,180,23039,FSEPU,,,0,0,,,,,,,
GCJ,5,4,Low,6,180,23039,MSEPU,,,0,0,,,,,,,
GCJ,5,4,Low,6,180,23039,MHASE,,,0,0,,,,,,,
GCJ,5,4,Low,8,240,23099,CAPR,,,0,0,,,,,,,
GCJ,5,4,Low,8,240,23099,FHASE,,,0,0,,,,,,,
GCJ,5,4,Low,8,240,23099,FSEPU,,,0,0,,,,,,,
GCJ,5,4,Low,8,240,23099,MHASE,,,0,0,,,,,,,
GCJ,5,4,Low,8,240,23099,MSEPU,,,0,0,,,,,,,
GCJ,5,4,Low,8,240,23099,PACL,,,0,0,,,,,,,
GCJ,5,4,Low,14,420,23279,CAPR,,,0,0,,,,,,,
GCJ,5,4,Low,14,420,23279,FHASE,,,0,0,,,,,,,
GCJ,5,4,Low,14,420,23279,FSEPU,,,0,0,,,,,,,
GCJ,5,4,Low,14,420,23279,MHASE,,,0,0,,,,,,,
GCJ,5,4,Low,14,420,23279,MSEPU,,,0,0,,,,,,,
GCJ,5,4,Low,14,420,23279,PACL,,,0,0,,,,,,,
GCJ,5,4,Low,16,480,23339,CAPR,,,0,0,,,,,,,
GCJ,5,4,Low,16,480,23339,FHASE,,,0,0,,,,,,,
GCJ,5,4,Low,16,480,23339,FSEPU,,,0,0,,,,,,,
GCJ,5,4,Low,16,480,23339,HYRU,,,0,0,,,,,,,
GCJ,5,4,Low,16,480,23339,MSEPU,,,0,0,,,,,,,
GCJ,5,4,Low,16,480,23339,PACL,,,0,0,,,,,,,
GCJ,5,4,Low,18,540,23399,CAPR,,,0,0,,,,,,,
GCJ,5,4,Low,18,540,23399,FHASE,,,0,0,,,,,,,
GCJ,5,4,Low,18,540,23399,FSEPU,,,0,0,,,,,,,
GCJ,5,4,Low,18,540,23399,MHASE,,,0,0,,,,,,,
GCJ,5,4,Low,18,540,23399,MSEPU,,,0,0,,,,,,,
GCJ,5,4,Low,18,540,23399,PACL,,,0,0,,,,,,,
GCJ,5,4,Low,22,660,23519,CAPR,,,0,0,,,,,,,
GCJ,5,4,Low,22,660,23519,FHASE,,,0,0,,,,,,,
GCJ,5,4,Low,22,660,23519,HYRU,,,0,0,,,,,,,
GCJ,5,4,Low,22,660,23519,MHASE,,,0,0,,,,,,,
GCJ,5,4,Low,22,660,23519,MSEPU,,,0,0,,,,,,,
GCJ,5,4,Low,22,660,23519,PACL,,,0,0,,,,,,,
GCJ,5,4,Low,30,900,23759,CAPR,,,0,0,,,,,,,
GCJ,5,4,Low,30,900,23759,FHASE,,,0,0,,,,,,,
GCJ,5,4,Low,30,900,23759,FSEPU,,,0,0,,,,,,,
GCJ,5,4,Low,30,900,23759,HYRU,,,0,0,,,,,,,
GCJ,5,4,Low,30,900,23759,MHASE,,,0,0,,,,,,,
GCJ,5,4,Low,30,900,23759,MSEPU,,,0,0,,,,,,,
GCJ,5,4,Low,30,900,23759,PANE,,,0,0,,,,,,,
GCJ,5,4,Low,36,1080,23939,CAPR,,,0,0,,,,,,,
GCJ,5,4,Low,36,1080,23939,FHASE,,,0,0,,,,,,,
GCJ,5,4,Low,36,1080,23939,FSEPU,,,0,0,,,,,,,
GCJ,5,4,Low,36,1080,23939,HYRU,,,0,0,,,,,,,
GCJ,5,4,Low,36,1080,23939,MHASE,,,0,0,,,,,,,
GCJ,5,4,Low,36,1080,23939,MSEPU,,,0,0,,,,,,,
GCJ,5,8,Low,2,60,13129,CAPR,,,0,0,,,,,,,
GCJ,5,8,Low,2,60,13129,FHASE,,,0,0,,,,,,,
GCJ,5,8,Low,2,60,13129,FSEPU,,,0,0,,,,,,,
GCJ,5,8,Low,2,60,13129,HYRU,,,0,0,,,,,,,
GCJ,5,8,Low,2,60,13129,MSEPU,,,0,0,,,,,,,
GCJ,5,8,Low,2,60,13129,PACL,,,0,0,,,,,,,
GCJ,5,8,Low,4,120,13189,CAPR,,,0,0,,,,,,,
GCJ,5,8,Low,4,120,13189,FHASE,,,0,0,,,,,,,
GCJ,5,8,Low,4,120,13189,FSEPU,,,0,0,,,,,,,
GCJ,5,8,Low,4,120,13189,MHASE,,,0,0,,,,,,,
GCJ,5,8,Low,4,120,13189,MSEPU,,,0,0,,,,,,,
GCJ,5,8,Low,4,120,13189,PACL,,,0,0,,,,,,,
GCJ,5,8,Low,10,300,13369,CAPR,,,0,0,,,,,,,
GCJ,5,8,Low,10,300,13369,FHASE,,,0,0,,,,,,,
GCJ,5,8,Low,10,300,13369,FSEPU,,,0,0,,,,,,,
GCJ,5,8,Low,10,300,13369,HYRU,,,0,0,,,,,,,
GCJ,5,8,Low,10,300,13369,MSEPU,,,0,0,,,,,,,
GCJ,5,8,Low,10,300,13369,PACL,,,0,0,,,,,,,
GCJ,5,8,Low,12,360,13429,CAPR,,,0,0,,,,,,,
GCJ,5,8,Low,12,360,13429,FHASE,,,0,0,,,,,,,
GCJ,5,8,Low,12,360,13429,FSEPU,,,0,0,,,,,,,
GCJ,5,8,Low,12,360,13429,HYRU,,,0,0,,,,,,,
GCJ,5,8,Low,12,360,13429,MHASE,,,0,0,,,,,,,
GCJ,5,8,Low,12,360,13429,MSEPU,,,0,0,,,,,,,
GCJ,5,8,Low,12,360,13429,PACL,,,0,0,,,,,,,
GCJ,5,8,Low,14,420,13489,CAPR,,,0,0,,,,,,,
GCJ,5,8,Low,14,420,13489,FHASE,,,0,0,,,,,,,
GCJ,5,8,Low,14,420,13489,FSEPU,,,0,0,,,,,,,
GCJ,5,8,Low,14,420,13489,HYRU,,,0,0,,,,,,,
GCJ,5,8,Low,14,420,13489,MHASE,,,0,0,,,,,,,
GCJ,5,8,Low,14,420,13489,MSEPU,,,0,0,,,,,,,
GCJ,5,8,Low,14,420,13489,PACL,,,0,0,,,,,,,
GCJ,5,8,Low,14,420,13489,PANE,,,0,0,,,,,,,
GCJ,5,8,Low,16,480,13549,CAPR,,,0,0,,,,,,,
GCJ,5,8,Low,16,480,13549,FHASE,,,0,0,,,,,,,
GCJ,5,8,Low,16,480,13549,FSEPU,,,0,0,,,,,,,
GCJ,5,8,Low,16,480,13549,HYRU,,,0,0,,,,,,,
GCJ,5,8,Low,16,480,13549,MHASE,,,0,0,,,,,,,
GCJ,5,8,Low,16,480,13549,MSEPU,,,0,0,,,,,,,
GCJ,5,8,Low,16,480,13549,PACL,,,0,0,,,,,,,
GCJ,5,8,Low,16,480,13549,PANE,,,0,0,,,,,,,
GCJ,5,8,Low,18,540,13609,CAPR,,,0,0,,,,,,,
GCJ,5,8,Low,18,540,13609,FSEPU,,,0,0,,,,,,,
GCJ,5,8,Low,18,540,13609,HYRU,,,0,0,,,,,,,
GCJ,5,8,Low,18,540,13609,MHASE,,,0,0,,,,,,,
GCJ,5,8,Low,18,540,13609,MSEPU,,,0,0,,,,,,,
GCJ,5,8,Low,18,540,13609,PACL,,,0,0,,,,,,,
GCJ,5,8,Low,18,540,13609,PANE,,,0,0,,,,,,,
GCJ,5,8,Low,20,600,13669,CAPR,,,0,0,,,,,,,
GCJ,5,8,Low,20,600,13669,FHASE,,,0,0,,,,,,,
GCJ,5,8,Low,20,600,13669,FSEPU,,,0,0,,,,,,,
GCJ,5,8,Low,20,600,13669,HYRU,,,0,0,,,,,,,
GCJ,5,8,Low,20,600,13669,MHASE,,,0,0,,,,,,,
GCJ,5,8,Low,20,600,13669,MSEPU,,,0,0,,,,,,,
GCJ,5,8,Low,20,600,13669,PACL,,,0,0,,,,,,,
GCJ,5,8,Low,20,600,13669,PANE,,,0,0,,,,,,,
GCJ,5,8,Low,22,660,13819,CAPR,,,0,0,,,,,,,
GCJ,5,8,Low,22,660,13819,FHASE,,,0,0,,,,,,,
GCJ,5,8,Low,22,660,13819,FSEPU,,,0,0,,,,,,,
GCJ,5,8,Low,22,660,13819,HYRU,,,0,0,,,,,,,
GCJ,5,8,Low,22,660,13819,MHASE,,,0,0,,,,,,,
GCJ,5,8,Low,22,660,13819,MSEPU,,,0,0,,,,,,,
GCJ,5,8,Low,22,660,13819,PACL,,,0,0,,,,,,,
GCJ,5,8,Low,22,660,13819,PANE,,,0,0,,,,,,,
GCJ,5,8,Low,24,720,13879,CAPR,,,0,0,,,,,,,
GCJ,5,8,Low,24,720,13879,FHASE,,,0,0,,,,,,,
GCJ,5,8,Low,24,720,13879,FSEPU,,,0,0,,,,,,,
GCJ,5,8,Low,24,720,13879,HYRU,,,0,0,,,,,,,
GCJ,5,8,Low,24,720,13879,MHASE,,,0,0,,,,,,,
GCJ,5,8,Low,24,720,13879,MSEPU,,,0,0,,,,,,,
GCJ,5,8,Low,24,720,13879,PACL,,,0,0,,,,,,,
GCJ,5,8,Low,24,720,13879,PANE,,,0,0,,,,,,,
GCJ,5,8,Low,26,780,13969,CAPR,,,0,0,,,,,,,
GCJ,5,8,Low,26,780,13969,FHASE,,,0,0,,,,,,,
GCJ,5,8,Low,26,780,13969,FSEPU,,,0,0,,,,,,,
GCJ,5,8,Low,26,780,13969,HYRU,,,0,0,,,,,,,
GCJ,5,8,Low,26,780,13969,MHASE,,,0,0,,,,,,,
GCJ,5,8,Low,26,780,13969,MSEPU,,,0,0,,,,,,,
GCJ,5,8,Low,26,780,13969,PACL,,,0,0,,,,,,,
GCJ,5,8,Low,26,780,13969,PANE,,,0,0,,,,,,,
GCJ,5,8,Low,28,840,14029,CAPR,,,0,0,,,,,,,
GCJ,5,8,Low,28,840,14029,FHASE,,,0,0,,,,,,,
GCJ,5,8,Low,28,840,14029,FSEPU,,,0,0,,,,,,,
GCJ,5,8,Low,28,840,14029,HYRU,,,0,0,,,,,,,
GCJ,5,8,Low,28,840,14029,MHASE,,,0,0,,,,,,,
GCJ,5,8,Low,28,840,14029,MSEPU,,,0,0,,,,,,,
GCJ,5,8,Low,28,840,14029,PACL,,,0,0,,,,,,,
GCJ,5,8,Low,28,840,14029,PANE,,,0,0,,,,,,,
GCJ,5,8,Low,30,900,14089,CAPR,,,0,0,,,,,,,
GCJ,5,8,Low,30,900,14089,FHASE,,,0,0,,,,,,,
GCJ,5,8,Low,30,900,14089,FSEPU,,,0,0,,,,,,,
GCJ,5,8,Low,30,900,14089,HYRU,,,0,0,,,,,,,
GCJ,5,8,Low,30,900,14089,MHASE,,,0,0,,,,,,,
GCJ,5,8,Low,30,900,14089,MSEPU,,,0,0,,,,,,,
GCJ,5,8,Low,30,900,14089,PACL,,,0,0,,,,,,,
GCJ,5,8,Low,30,900,14089,PANE,,,0,0,,,,,,,
GCJ,5,8,Low,32,960,14149,CAPR,,,0,0,,,,,,,
GCJ,5,8,Low,32,960,14149,FHASE,,,0,0,,,,,,,
GCJ,5,8,Low,32,960,14149,FSEPU,,,0,0,,,,,,,
GCJ,5,8,Low,32,960,14149,HYRU,,,0,0,,,,,,,
GCJ,5,8,Low,32,960,14149,MHASE,,,0,0,,,,,,,
GCJ,5,8,Low,32,960,14149,MSEPU,,,0,0,,,,,,,
GCJ,5,8,Low,32,960,14149,PACL,,,0,0,,,,,,,
GCJ,5,8,Low,32,960,14149,PANE,,,0,0,,,,,,,
GCJ,5,8,Low,34,1020,14209,CAPR,,,0,0,,,,,,,
GCJ,5,8,Low,34,1020,14209,FHASE,,,0,0,,,,,,,
GCJ,5,8,Low,34,1020,14209,FSEPU,,,0,0,,,,,,,
GCJ,5,8,Low,34,1020,14209,HYRU,,,0,0,,,,,,,
GCJ,5,8,Low,34,1020,14209,MHASE,,,0,0,,,,,,,
GCJ,5,8,Low,34,1020,14209,MSEPU,,,0,0,,,,,,,
GCJ,5,8,Low,34,1020,14209,PACL,,,0,0,,,,,,,
GCJ,5,8,Low,34,1020,14209,PANE,,,0,0,,,,,,,
GCJ,5,8,Low,36,1080,14269,CAPR,,,0,0,,,,,,,
GCJ,5,8,Low,36,1080,14269,FHASE,,,0,0,,,,,,,
GCJ,5,8,Low,36,1080,14269,FSEPU,,,0,0,,,,,,,
GCJ,5,8,Low,36,1080,14269,HYRU,,,0,0,,,,,,,
GCJ,5,8,Low,36,1080,14269,MHASE,,,0,0,,,,,,,
GCJ,5,8,Low,36,1080,14269,MSEPU,,,0,0,,,,,,,
GCJ,5,8,Low,36,1080,14269,PACL,,,0,0,,,,,,,
GCJ,5,8,Low,36,1080,14269,PANE,,,0,0,,,,,,,
GCJ,5,8,Low,38,1140,14329,CAPR,,,0,0,,,,,,,
GCJ,5,8,Low,38,1140,14329,FHASE,,,0,0,,,,,,,
GCJ,5,8,Low,38,1140,14329,FSEPU,,,0,0,,,,,,,
GCJ,5,8,Low,38,1140,14329,HYRU,,,0,0,,,,,,,
GCJ,5,8,Low,38,1140,14329,MHASE,,,0,0,,,,,,,
GCJ,5,8,Low,38,1140,14329,MSEPU,,,0,0,,,,,,,
GCJ,5,8,Low,38,1140,14329,PACL,,,0,0,,,,,,,
GCJ,5,8,Low,38,1140,14329,PANE,,,0,0,,,,,,,
GCJ,5,7,Medium,32,960,20915,FHASE,1,4,1,4,,,,,,,
GCJ,5,7,Medium,32,960,20915,MHASE,3,4,3,4,,,,,,,
MB,4,17,Medium,4,120,17849,FSEPU,1,3,1,3,,,,,,,
GCJ,5,7,Medium,14,420,20375,FHASE,1,3,1,3,,,,,,,
GCJ,5,7,Medium,14,420,20375,MHASE,1,3,1,3,,,,,,,
GCJ,5,7,Medium,18,540,20495,FHASE,1,3,1,3,,,,,,,
GCJ,5,7,Medium,26,780,20735,MHASE,1,3,1,3,,,,,,,
GCJ,5,7,Medium,30,900,20855,PACL,1,3,1,3,,,,,,,
MB,4,17,Medium,4,120,17849,FHASE,1,2,1,2,,,,,,,
GCJ,5,16,Medium,2,60,17895,FHASE,1,2,1,2,,,,,,,
GCJ,5,7,Medium,2,60,20015,PACL,1,2,1,2,,,,,,,
GCJ,5,7,Medium,16,480,20435,FHASE,1,2,1,2,,,,,,,
GCJ,5,7,Medium,18,540,20495,FSEPU,1,2,1,2,,,,,,,
GCJ,5,7,Medium,28,840,20795,MHASE,1,2,1,2,,,,,,,
MB,4,17,Medium,10,300,18023,FHASE,1,1,1,1,,,,,,,
GCJ,5,16,Medium,2,60,17895,FSEPU,1,1,1,1,,,,,,,
GCJ,5,16,Medium,2,60,17895,MHASE,1,1,1,1,,,,,,,
GCJ,5,16,Medium,34,1020,18825,CAPR,1,1,1,1,,,,,,,
GCJ,5,7,Medium,6,180,20135,FHASE,1,1,1,1,,,,,,,
GCJ,5,7,Medium,6,180,20135,FSEPU,1,1,1,1,,,,,,,
GCJ,5,7,Medium,24,720,20675,FHASE,1,1,1,1,,,,,,,
GCJ,5,7,Medium,30,900,20855,FHASE,1,1,1,1,,,,,,,
GCJ,5,7,Medium,32,960,20915,PACL,1,1,1,1,,,,,,,
MB,4,17,Medium,2,60,17791,CAPR,,,0,0,,,,,,,
MB,4,17,Medium,2,60,17791,FHASE,,,0,0,,,,,,,
MB,4,17,Medium,2,60,17791,FSEPU,,,0,0,,,,,,,
MB,4,17,Medium,2,60,17791,HYRU,,,0,0,,,,,,,
MB,4,17,Medium,2,60,17791,MHASE,,,0,0,,,,,,,
MB,4,17,Medium,2,60,17791,MSEPU,,,0,0,,,,,,,
MB,4,17,Medium,2,60,17791,PACL,,,0,0,,,,,,,
MB,4,17,Medium,2,60,17791,PANE,,,0,0,,,,,,,
MB,4,17,Medium,4,120,17849,CAPR,,,0,0,,,,,,,
MB,4,17,Medium,4,120,17849,HYRU,,,0,0,,,,,,,
MB,4,17,Medium,4,120,17849,MHASE,,,0,0,,,,,,,
MB,4,17,Medium,4,120,17849,MSEPU,,,0,0,,,,,,,
MB,4,17,Medium,4,120,17849,PACL,,,0,0,,,,,,,
MB,4,17,Medium,4,120,17849,PANE,,,0,0,,,,,,,
MB,4,17,Medium,6,180,17907,CAPR,,,0,0,,,,,,,
MB,4,17,Medium,6,180,17907,FHASE,,,0,0,,,,,,,
MB,4,17,Medium,6,180,17907,FSEPU,,,0,0,,,,,,,
MB,4,17,Medium,6,180,17907,HYRU,,,0,0,,,,,,,
MB,4,17,Medium,6,180,17907,MHASE,,,0,0,,,,,,,
MB,4,17,Medium,6,180,17907,MSEPU,,,0,0,,,,,,,
MB,4,17,Medium,6,180,17907,PACL,,,0,0,,,,,,,
MB,4,17,Medium,6,180,17907,PANE,,,0,0,,,,,,,
MB,4,17,Medium,8,240,17965,CAPR,,,0,0,,,,,,,
MB,4,17,Medium,8,240,17965,FHASE,,,0,0,,,,,,,
MB,4,17,Medium,8,240,17965,FSEPU,,,0,0,,,,,,,
MB,4,17,Medium,8,240,17965,HYRU,,,0,0,,,,,,,
MB,4,17,Medium,8,240,17965,MHASE,,,0,0,,,,,,,
MB,4,17,Medium,8,240,17965,MSEPU,,,0,0,,,,,,,
MB,4,17,Medium,8,240,17965,PACL,,,0,0,,,,,,,
MB,4,17,Medium,8,240,17965,PANE,,,0,0,,,,,,,
MB,4,17,Medium,10,300,18023,CAPR,,,0,0,,,,,,,
MB,4,17,Medium,10,300,18023,FSEPU,,,0,0,,,,,,,
MB,4,17,Medium,10,300,18023,HYRU,,,0,0,,,,,,,
MB,4,17,Medium,10,300,18023,MHASE,,,0,0,,,,,,,
MB,4,17,Medium,10,300,18023,MSEPU,,,0,0,,,,,,,
MB,4,17,Medium,10,300,18023,PACL,,,0,0,,,,,,,
MB,4,17,Medium,10,300,18023,PANE,,,0,0,,,,,,,
MB,4,17,Medium,12,360,18081,MSEPU,,,0,0,,,,,,,
MB,4,17,Medium,12,360,18081,FSEPU,,,0,0,,,,,,,
MB,4,17,Medium,12,360,18081,MHASE,,,0,0,,,,,,,
MB,4,17,Medium,12,360,18081,FHASE,,,0,0,,,,,,,
MB,4,17,Medium,12,360,18081,PACL,,,0,0,,,,,,,
MB,4,17,Medium,12,360,18081,PANE,,,0,0,,,,,,,
MB,4,17,Medium,12,360,18081,CAPR,,,0,0,,,,,,,
MB,4,17,Medium,12,360,18081,HYRU,,,0,0,,,,,,,
MB,4,17,Medium,14,420,18139,MSEPU,,,0,0,,,,,,,
MB,4,17,Medium,14,420,18139,FSEPU,,,0,0,,,,,,,
MB,4,17,Medium,14,420,18139,MHASE,,,0,0,,,,,,,
MB,4,17,Medium,14,420,18139,FHASE,,,0,0,,,,,,,
MB,4,17,Medium,14,420,18139,PACL,,,0,0,,,,,,,
MB,4,17,Medium,14,420,18139,PANE,,,0,0,,,,,,,
MB,4,17,Medium,14,420,18139,CAPR,,,0,0,,,,,,,
MB,4,17,Medium,14,420,18139,HYRU,,,0,0,,,,,,,
GCJ,5,16,Medium,2,60,17895,CAPR,,,0,0,,,,,,,
GCJ,5,16,Medium,2,60,17895,HYRU,,,0,0,,,,,,,
GCJ,5,16,Medium,2,60,17895,MSEPU,,,0,0,,,,,,,
GCJ,5,16,Medium,2,60,17895,PACL,,,0,0,,,,,,,
GCJ,5,16,Medium,2,60,17895,PANE,,,0,0,,,,,,,
GCJ,5,16,Medium,4,120,17955,CAPR,,,0,0,,,,,,,
GCJ,5,16,Medium,4,120,17955,FHASE,,,0,0,,,,,,,
GCJ,5,16,Medium,4,120,17955,FSEPU,,,0,0,,,,,,,
GCJ,5,16,Medium,4,120,17955,HYRU,,,0,0,,,,,,,
GCJ,5,16,Medium,4,120,17955,MHASE,,,0,0,,,,,,,
GCJ,5,16,Medium,4,120,17955,MSEPU,,,0,0,,,,,,,
GCJ,5,16,Medium,4,120,17955,PACL,,,0,0,,,,,,,
GCJ,5,16,Medium,4,120,17955,PANE,,,0,0,,,,,,,
GCJ,5,16,Medium,6,180,18015,CAPR,,,0,0,,,,,,,
GCJ,5,16,Medium,6,180,18015,FHASE,,,0,0,,,,,,,
GCJ,5,16,Medium,6,180,18015,FSEPU,,,0,0,,,,,,,
GCJ,5,16,Medium,6,180,18015,HYRU,,,0,0,,,,,,,
GCJ,5,16,Medium,6,180,18015,MHASE,,,0,0,,,,,,,
GCJ,5,16,Medium,6,180,18015,PACL,,,0,0,,,,,,,
GCJ,5,16,Medium,6,180,18015,PANE,,,0,0,,,,,,,
GCJ,5,16,Medium,8,240,18075,CAPR,,,0,0,,,,,,,
GCJ,5,16,Medium,8,240,18075,FHASE,,,0,0,,,,,,,
GCJ,5,16,Medium,8,240,18075,FSEPU,,,0,0,,,,,,,
GCJ,5,16,Medium,8,240,18075,HYRU,,,0,0,,,,,,,
GCJ,5,16,Medium,8,240,18075,MHASE,,,0,0,,,,,,,
GCJ,5,16,Medium,8,240,18075,MSEPU,,,0,0,,,,,,,
GCJ,5,16,Medium,8,240,18075,PACL,,,0,0,,,,,,,
GCJ,5,16,Medium,8,240,18075,PANE,,,0,0,,,,,,,
GCJ,5,16,Medium,10,300,18135,CAPR,,,0,0,,,,,,,
GCJ,5,16,Medium,10,300,18135,FHASE,,,0,0,,,,,,,
GCJ,5,16,Medium,10,300,18135,FSEPU,,,0,0,,,,,,,
GCJ,5,16,Medium,10,300,18135,HYRU,,,0,0,,,,,,,
GCJ,5,16,Medium,10,300,18135,MHASE,,,0,0,,,,,,,
GCJ,5,16,Medium,10,300,18135,MSEPU,,,0,0,,,,,,,
GCJ,5,16,Medium,10,300,18135,PACL,,,0,0,,,,,,,
GCJ,5,16,Medium,10,300,18135,PANE,,,0,0,,,,,,,
GCJ,5,16,Medium,12,360,18195,CAPR,,,0,0,,,,,,,
GCJ,5,16,Medium,12,360,18195,FHASE,,,0,0,,,,,,,
GCJ,5,16,Medium,12,360,18195,FSEPU,,,0,0,,,,,,,
GCJ,5,16,Medium,12,360,18195,HYRU,,,0,0,,,,,,,
GCJ,5,16,Medium,12,360,18195,MHASE,,,0,0,,,,,,,
GCJ,5,16,Medium,12,360,18195,MSEPU,,,0,0,,,,,,,
GCJ,5,16,Medium,12,360,18195,PACL,,,0,0,,,,,,,
GCJ,5,16,Medium,12,360,18195,PANE,,,0,0,,,,,,,
GCJ,5,16,Medium,14,420,18255,CAPR,,,0,0,,,,,,,
GCJ,5,16,Medium,14,420,18255,FHASE,,,0,0,,,,,,,
GCJ,5,16,Medium,14,420,18255,FSEPU,,,0,0,,,,,,,
GCJ,5,16,Medium,14,420,18255,HYRU,,,0,0,,,,,,,
GCJ,5,16,Medium,14,420,18255,MHASE,,,0,0,,,,,,,
GCJ,5,16,Medium,14,420,18255,MSEPU,,,0,0,,,,,,,
GCJ,5,16,Medium,14,420,18255,PACL,,,0,0,,,,,,,
GCJ,5,16,Medium,14,420,18255,PANE,,,0,0,,,,,,,
GCJ,5,16,Medium,16,480,18315,CAPR,,,0,0,,,,,,,
GCJ,5,16,Medium,16,480,18315,FHASE,,,0,0,,,,,,,
GCJ,5,16,Medium,16,480,18315,FSEPU,,,0,0,,,,,,,
GCJ,5,16,Medium,16,480,18315,HYRU,,,0,0,,,,,,,
GCJ,5,16,Medium,16,480,18315,MHASE,,,0,0,,,,,,,
GCJ,5,16,Medium,16,480,18315,MSEPU,,,0,0,,,,,,,
GCJ,5,16,Medium,16,480,18315,PACL,,,0,0,,,,,,,
GCJ,5,16,Medium,16,480,18315,PANE,,,0,0,,,,,,,
GCJ,5,16,Medium,18,540,18375,CAPR,,,0,0,,,,,,,
GCJ,5,16,Medium,18,540,18375,FHASE,,,0,0,,,,,,,
GCJ,5,16,Medium,18,540,18375,FSEPU,,,0,0,,,,,,,
GCJ,5,16,Medium,18,540,18375,HYRU,,,0,0,,,,,,,
GCJ,5,16,Medium,18,540,18375,MHASE,,,0,0,,,,,,,
GCJ,5,16,Medium,18,540,18375,MSEPU,,,0,0,,,,,,,
GCJ,5,16,Medium,18,540,18375,PACL,,,0,0,,,,,,,
GCJ,5,16,Medium,18,540,18375,PANE,,,0,0,,,,,,,
GCJ,5,16,Medium,20,600,18405,CAPR,,,0,0,,,,,,,
GCJ,5,16,Medium,20,600,18405,FHASE,,,0,0,,,,,,,
GCJ,5,16,Medium,20,600,18405,FSEPU,,,0,0,,,,,,,
GCJ,5,16,Medium,20,600,18405,HYRU,,,0,0,,,,,,,
GCJ,5,16,Medium,20,600,18405,MHASE,,,0,0,,,,,,,
GCJ,5,16,Medium,20,600,18405,MSEPU,,,0,0,,,,,,,
GCJ,5,16,Medium,20,600,18405,PACL,,,0,0,,,,,,,
GCJ,5,16,Medium,20,600,18405,PANE,,,0,0,,,,,,,
GCJ,5,16,Medium,22,660,18465,CAPR,,,0,0,,,,,,,
GCJ,5,16,Medium,22,660,18465,FHASE,,,0,0,,,,,,,
GCJ,5,16,Medium,22,660,18465,FSEPU,,,0,0,,,,,,,
GCJ,5,16,Medium,22,660,18465,HYRU,,,0,0,,,,,,,
GCJ,5,16,Medium,22,660,18465,MHASE,,,0,0,,,,,,,
GCJ,5,16,Medium,22,660,18465,MSEPU,,,0,0,,,,,,,
GCJ,5,16,Medium,22,660,18465,PACL,,,0,0,,,,,,,
GCJ,5,16,Medium,22,660,18465,PANE,,,0,0,,,,,,,
GCJ,5,16,Medium,24,720,18525,CAPR,,,0,0,,,,,,,
GCJ,5,16,Medium,24,720,18525,FHASE,,,0,0,,,,,,,
GCJ,5,16,Medium,24,720,18525,FSEPU,,,0,0,,,,,,,
GCJ,5,16,Medium,24,720,18525,HYRU,,,0,0,,,,,,,
GCJ,5,16,Medium,24,720,18525,MHASE,,,0,0,,,,,,,
GCJ,5,16,Medium,24,720,18525,MSEPU,,,0,0,,,,,,,
GCJ,5,16,Medium,24,720,18525,PACL,,,0,0,,,,,,,
GCJ,5,16,Medium,24,720,18525,PANE,,,0,0,,,,,,,
GCJ,5,16,Medium,26,780,18585,CAPR,,,0,0,,,,,,,
GCJ,5,16,Medium,26,780,18585,FHASE,,,0,0,,,,,,,
GCJ,5,16,Medium,26,780,18585,FSEPU,,,0,0,,,,,,,
GCJ,5,16,Medium,26,780,18585,HYRU,,,0,0,,,,,,,
GCJ,5,16,Medium,26,780,18585,MHASE,,,0,0,,,,,,,
GCJ,5,16,Medium,26,780,18585,MSEPU,,,0,0,,,,,,,
GCJ,5,16,Medium,26,780,18585,PACL,,,0,0,,,,,,,
GCJ,5,16,Medium,26,780,18585,PANE,,,0,0,,,,,,,
GCJ,5,16,Medium,28,840,18645,CAPR,,,0,0,,,,,,,
GCJ,5,16,Medium,28,840,18645,FHASE,,,0,0,,,,,,,
GCJ,5,16,Medium,28,840,18645,FSEPU,,,0,0,,,,,,,
GCJ,5,16,Medium,28,840,18645,HYRU,,,0,0,,,,,,,
GCJ,5,16,Medium,28,840,18645,MHASE,,,0,0,,,,,,,
GCJ,5,16,Medium,28,840,18645,MSEPU,,,0,0,,,,,,,
GCJ,5,16,Medium,28,840,18645,PACL,,,0,0,,,,,,,
GCJ,5,16,Medium,28,840,18645,PANE,,,0,0,,,,,,,
GCJ,5,16,Medium,30,900,18705,CAPR,,,0,0,,,,,,,
GCJ,5,16,Medium,30,900,18705,FHASE,,,0,0,,,,,,,
GCJ,5,16,Medium,30,900,18705,FSEPU,,,0,0,,,,,,,
GCJ,5,16,Medium,30,900,18705,HYRU,,,0,0,,,,,,,
GCJ,5,16,Medium,30,900,18705,MHASE,,,0,0,,,,,,,
GCJ,5,16,Medium,30,900,18705,MSEPU,,,0,0,,,,,,,
GCJ,5,16,Medium,30,900,18705,PACL,,,0,0,,,,,,,
GCJ,5,16,Medium,30,900,18705,PANE,,,0,0,,,,,,,
GCJ,5,16,Medium,32,960,18765,CAPR,,,0,0,,,,,,,
GCJ,5,16,Medium,32,960,18765,FHASE,,,0,0,,,,,,,
GCJ,5,16,Medium,32,960,18765,FSEPU,,,0,0,,,,,,,
GCJ,5,16,Medium,32,960,18765,HYRU,,,0,0,,,,,,,
GCJ,5,16,Medium,32,960,18765,MHASE,,,0,0,,,,,,,
GCJ,5,16,Medium,32,960,18765,MSEPU,,,0,0,,,,,,,
GCJ,5,16,Medium,32,960,18765,PACL,,,0,0,,,,,,,
GCJ,5,16,Medium,32,960,18765,PANE,,,0,0,,,,,,,
GCJ,5,16,Medium,34,1020,18825,FHASE,,,0,0,,,,,,,
GCJ,5,16,Medium,34,1020,18825,FSEPU,,,0,0,,,,,,,
GCJ,5,16,Medium,34,1020,18825,HYRU,,,0,0,,,,,,,
GCJ,5,16,Medium,34,1020,18825,MHASE,,,0,0,,,,,,,
GCJ,5,16,Medium,34,1020,18825,MSEPU,,,0,0,,,,,,,
GCJ,5,16,Medium,34,1020,18825,PACL,,,0,0,,,,,,,
GCJ,5,16,Medium,34,1020,18825,PANE,,,0,0,,,,,,,
GCJ,5,16,Medium,36,1080,18885,CAPR,,,0,0,,,,,,,
GCJ,5,16,Medium,36,1080,18885,FHASE,,,0,0,,,,,,,
GCJ,5,16,Medium,36,1080,18885,FSEPU,,,0,0,,,,,,,
GCJ,5,16,Medium,36,1080,18885,HYRU,,,0,0,,,,,,,
GCJ,5,16,Medium,36,1080,18885,MHASE,,,0,0,,,,,,,
GCJ,5,16,Medium,36,1080,18885,MSEPU,,,0,0,,,,,,,
GCJ,5,16,Medium,36,1080,18885,PACL,,,0,0,,,,,,,
GCJ,5,16,Medium,36,1080,18885,PANE,,,0,0,,,,,,,
GCJ,5,16,Medium,38,1140,18945,CAPR,,,0,0,,,,,,,
GCJ,5,16,Medium,38,1140,18945,FHASE,,,0,0,,,,,,,
GCJ,5,16,Medium,38,1140,18945,FSEPU,,,0,0,,,,,,,
GCJ,5,16,Medium,38,1140,18945,HYRU,,,0,0,,,,,,,
GCJ,5,16,Medium,38,1140,18945,MHASE,,,0,0,,,,,,,
GCJ,5,16,Medium,38,1140,18945,MSEPU,,,0,0,,,,,,,
GCJ,5,16,Medium,38,1140,18945,PACL,,,0,0,,,,,,,
GCJ,5,16,Medium,38,1140,18945,PANE,,,0,0,,,,,,,
GCJ,5,7,Medium,2,60,20015,CAPR,,,0,0,,,,,,,
GCJ,5,7,Medium,2,60,20015,FHASE,,,0,0,,,,,,,
GCJ,5,7,Medium,2,60,20015,FSEPU,,,0,0,,,,,,,
GCJ,5,7,Medium,2,60,20015,HYRU,,,0,0,,,,,,,
GCJ,5,7,Medium,2,60,20015,MHASE,,,0,0,,,,,,,
GCJ,5,7,Medium,2,60,20015,MSEPU,,,0,0,,,,,,,
GCJ,5,7,Medium,2,60,20015,PANE,,,0,0,,,,,,,
GCJ,5,7,Medium,4,120,20075,CAPR,,,0,0,,,,,,,
GCJ,5,7,Medium,4,120,20075,FHASE,,,0,0,,,,,,,
GCJ,5,7,Medium,4,120,20075,FSEPU,,,0,0,,,,,,,
GCJ,5,7,Medium,4,120,20075,HYRU,,,0,0,,,,,,,
GCJ,5,7,Medium,4,120,20075,MHASE,,,0,0,,,,,,,
GCJ,5,7,Medium,4,120,20075,MSEPU,,,0,0,,,,,,,
GCJ,5,7,Medium,4,120,20075,PACL,,,0,0,,,,,,,
GCJ,5,7,Medium,4,120,20075,PANE,,,0,0,,,,,,,
GCJ,5,7,Medium,6,180,20135,CAPR,,,0,0,,,,,,,
GCJ,5,7,Medium,6,180,20135,HYRU,,,0,0,,,,,,,
GCJ,5,7,Medium,6,180,20135,MHASE,,,0,0,,,,,,,
GCJ,5,7,Medium,6,180,20135,PACL,,,0,0,,,,,,,
GCJ,5,7,Medium,6,180,20135,PANE,,,0,0,,,,,,,
GCJ,5,7,Medium,8,240,20195,CAPR,,,0,0,,,,,,,
GCJ,5,7,Medium,8,240,20195,FHASE,,,0,0,,,,,,,
GCJ,5,7,Medium,8,240,20195,FSEPU,,,0,0,,,,,,,
GCJ,5,7,Medium,8,240,20195,HYRU,,,0,0,,,,,,,
GCJ,5,7,Medium,8,240,20195,MHASE,,,0,0,,,,,,,
GCJ,5,7,Medium,8,240,20195,MSEPU,,,0,0,,,,,,,
GCJ,5,7,Medium,8,240,20195,PACL,,,0,0,,,,,,,
GCJ,5,7,Medium,8,240,20195,PANE,,,0,0,,,,,,,
GCJ,5,7,Medium,10,300,20255,CAPR,,,0,0,,,,,,,
GCJ,5,7,Medium,10,300,20255,FHASE,,,0,0,,,,,,,
GCJ,5,7,Medium,10,300,20255,FSEPU,,,0,0,,,,,,,
GCJ,5,7,Medium,10,300,20255,HYRU,,,0,0,,,,,,,
GCJ,5,7,Medium,10,300,20255,MHASE,,,0,0,,,,,,,
GCJ,5,7,Medium,10,300,20255,MSEPU,,,0,0,,,,,,,
GCJ,5,7,Medium,10,300,20255,PACL,,,0,0,,,,,,,
GCJ,5,7,Medium,10,300,20255,PANE,,,0,0,,,,,,,
GCJ,5,7,Medium,12,360,20315,CAPR,,,0,0,,,,,,,
GCJ,5,7,Medium,12,360,20315,FHASE,,,0,0,,,,,,,
GCJ,5,7,Medium,12,360,20315,FSEPU,,,0,0,,,,,,,
GCJ,5,7,Medium,12,360,20315,HYRU,,,0,0,,,,,,,
GCJ,5,7,Medium,12,360,20315,MHASE,,,0,0,,,,,,,
GCJ,5,7,Medium,12,360,20315,MSEPU,,,0,0,,,,,,,
GCJ,5,7,Medium,12,360,20315,PACL,,,0,0,,,,,,,
GCJ,5,7,Medium,12,360,20315,PANE,,,0,0,,,,,,,
GCJ,5,7,Medium,14,420,20375,CAPR,,,0,0,,,,,,,
GCJ,5,7,Medium,14,420,20375,FSEPU,,,0,0,,,,,,,
GCJ,5,7,Medium,14,420,20375,HYRU,,,0,0,,,,,,,
GCJ,5,7,Medium,14,420,20375,MSEPU,,,0,0,,,,,,,
GCJ,5,7,Medium,14,420,20375,PACL,,,0,0,,,,,,,
GCJ,5,7,Medium,14,420,20375,PANE,,,0,0,,,,,,,
GCJ,5,7,Medium,16,480,20435,CAPR,,,0,0,,,,,,,
GCJ,5,7,Medium,16,480,20435,FSEPU,,,0,0,,,,,,,
GCJ,5,7,Medium,16,480,20435,HYRU,,,0,0,,,,,,,
GCJ,5,7,Medium,16,480,20435,MHASE,,,0,0,,,,,,,
GCJ,5,7,Medium,16,480,20435,MSEPU,,,0,0,,,,,,,
GCJ,5,7,Medium,16,480,20435,PACL,,,0,0,,,,,,,
GCJ,5,7,Medium,16,480,20435,PANE,,,0,0,,,,,,,
GCJ,5,7,Medium,18,540,20495,CAPR,,,0,0,,,,,,,
GCJ,5,7,Medium,18,540,20495,HYRU,,,0,0,,,,,,,
GCJ,5,7,Medium,18,540,20495,MHASE,,,0,0,,,,,,,
GCJ,5,7,Medium,18,540,20495,MSEPU,,,0,0,,,,,,,
GCJ,5,7,Medium,18,540,20495,PACL,,,0,0,,,,,,,
GCJ,5,7,Medium,18,540,20495,PANE,,,0,0,,,,,,,
GCJ,5,7,Medium,20,600,20555,CAPR,,,0,0,,,,,,,
GCJ,5,7,Medium,20,600,20555,FHASE,,,0,0,,,,,,,
GCJ,5,7,Medium,20,600,20555,FSEPU,,,0,0,,,,,,,
GCJ,5,7,Medium,20,600,20555,HYRU,,,0,0,,,,,,,
GCJ,5,7,Medium,20,600,20555,MHASE,,,0,0,,,,,,,
GCJ,5,7,Medium,20,600,20555,MSEPU,,,0,0,,,,,,,
GCJ,5,7,Medium,20,600,20555,PACL,,,0,0,,,,,,,
GCJ,5,7,Medium,20,600,20555,PANE,,,0,0,,,,,,,
GCJ,5,7,Medium,22,660,20615,CAPR,,,0,0,,,,,,,
GCJ,5,7,Medium,22,660,20615,FHASE,,,0,0,,,,,,,
GCJ,5,7,Medium,22,660,20615,FSEPU,,,0,0,,,,,,,
GCJ,5,7,Medium,22,660,20615,HYRU,,,0,0,,,,,,,
GCJ,5,7,Medium,22,660,20615,MHASE,,,0,0,,,,,,,
GCJ,5,7,Medium,22,660,20615,MSEPU,,,0,0,,,,,,,
GCJ,5,7,Medium,22,660,20615,PACL,,,0,0,,,,,,,
GCJ,5,7,Medium,22,660,20615,PANE,,,0,0,,,,,,,
GCJ,5,7,Medium,24,720,20675,CAPR,,,0,0,,,,,,,
GCJ,5,7,Medium,24,720,20675,FSEPU,,,0,0,,,,,,,
GCJ,5,7,Medium,24,720,20675,HYRU,,,0,0,,,,,,,
GCJ,5,7,Medium,24,720,20675,MHASE,,,0,0,,,,,,,
GCJ,5,7,Medium,24,720,20675,MSEPU,,,0,0,,,,,,,
GCJ,5,7,Medium,24,720,20675,PACL,,,0,0,,,,,,,
GCJ,5,7,Medium,24,720,20675,PANE,,,0,0,,,,,,,
GCJ,5,7,Medium,26,780,20735,CAPR,,,0,0,,,,,,,
GCJ,5,7,Medium,26,780,20735,FHASE,,,0,0,,,,,,,
GCJ,5,7,Medium,26,780,20735,FSEPU,,,0,0,,,,,,,
GCJ,5,7,Medium,26,780,20735,HYRU,,,0,0,,,,,,,
GCJ,5,7,Medium,26,780,20735,MSEPU,,,0,0,,,,,,,
GCJ,5,7,Medium,26,780,20735,PACL,,,0,0,,,,,,,
GCJ,5,7,Medium,26,780,20735,PANE,,,0,0,,,,,,,
GCJ,5,7,Medium,28,840,20795,CAPR,,,0,0,,,,,,,
GCJ,5,7,Medium,28,840,20795,FHASE,,,0,0,,,,,,,
GCJ,5,7,Medium,28,840,20795,FSEPU,,,0,0,,,,,,,
GCJ,5,7,Medium,28,840,20795,HYRU,,,0,0,,,,,,,
GCJ,5,7,Medium,28,840,20795,MSEPU,,,0,0,,,,,,,
GCJ,5,7,Medium,28,840,20795,PACL,,,0,0,,,,,,,
GCJ,5,7,Medium,28,840,20795,PANE,,,0,0,,,,,,,
GCJ,5,7,Medium,30,900,20855,CAPR,,,0,0,,,,,,,
GCJ,5,7,Medium,30,900,20855,FSEPU,,,0,0,,,,,,,
GCJ,5,7,Medium,30,900,20855,HYRU,,,0,0,,,,,,,
GCJ,5,7,Medium,30,900,20855,MHASE,,,0,0,,,,,,,
GCJ,5,7,Medium,30,900,20855,MSEPU,,,0,0,,,,,,,
GCJ,5,7,Medium,30,900,20855,PANE,,,0,0,,,,,,,
GCJ,5,7,Medium,32,960,20915,CAPR,,,0,0,,,,,,,
GCJ,5,7,Medium,32,960,20915,FSEPU,,,0,0,,,,,,,
GCJ,5,7,Medium,32,960,20915,HYRU,,,0,0,,,,,,,
GCJ,5,7,Medium,32,960,20915,MSEPU,,,0,0,,,,,,,
GCJ,5,7,Medium,32,960,20915,PANE,,,0,0,,,,,,,
GCJ,5,7,Medium,34,1020,20975,CAPR,,,0,0,,,,,,,
GCJ,5,7,Medium,34,1020,20975,FHASE,,,0,0,,,,,,,
GCJ,5,7,Medium,34,1020,20975,FSEPU,,,0,0,,,,,,,
GCJ,5,7,Medium,34,1020,20975,HYRU,,,0,0,,,,,,,
GCJ,5,7,Medium,34,1020,20975,MHASE,,,0,0,,,,,,,
GCJ,5,7,Medium,34,1020,20975,MSEPU,,,0,0,,,,,,,
GCJ,5,7,Medium,34,1020,20975,PACL,,,0,0,,,,,,,
GCJ,5,7,Medium,34,1020,20975,PANE,,,0,0,,,,,,,
GCJ,5,7,Medium,36,1080,21035,CAPR,,,0,0,,,,,,,
GCJ,5,7,Medium,36,1080,21035,FHASE,,,0,0,,,,,,,
GCJ,5,7,Medium,36,1080,21035,FSEPU,,,0,0,,,,,,,
GCJ,5,7,Medium,36,1080,21035,HYRU,,,0,0,,,,,,,
GCJ,5,7,Medium,36,1080,21035,MHASE,,,0,0,,,,,,,
GCJ,5,7,Medium,36,1080,21035,MSEPU,,,0,0,,,,,,,
GCJ,5,7,Medium,36,1080,21035,PACL,,,0,0,,,,,,,
GCJ,5,7,Medium,36,1080,21035,PANE,,,0,0,,,,,,,
