Reader,Trial,Reef,Treatment,Read.number.every.5.min,frame.number,IMG.num,Species,count.prop,prop.sublethal,prop.lethal
GJ,6,2,Control,1,60,29029,FHASE,0,0,0
GJ,6,2,Control,1,60,29029,FSEPU,0,0,0
GJ,6,2,Control,1,60,29029,MHASE,0,0,0
GJ,6,2,Control,1,60,29029,PACL,0,0,0
GJ,6,2,Control,2,120,29089,MHASE,1,0,0
GJ,6,2,Control,2,120,29089,FHASE,0,0,0
GJ,6,2,Control,2,120,29089,FSEPU,0,0,0
GJ,6,2,Control,2,120,29089,PACL,0,0,0
GJ,6,2,Control,3,180,29149,PACL,1,0,0
GJ,6,2,Control,3,180,29149,FHASE,0,0,0
GJ,6,2,Control,3,180,29149,FSEPU,0,0,0
GJ,6,2,Control,3,180,29149,MHASE,0,0,0
GJ,6,2,Control,4,240,29209,PACL,1,1,0
GJ,6,2,Control,4,240,29209,FHASE,0,0,0
GJ,6,2,Control,4,240,29209,FSEPU,0,0,0
GJ,6,2,Control,4,240,29209,MHASE,0,0,0
GJ,6,2,Control,5,300,29269,FHASE,0,0,0
GJ,6,2,Control,5,300,29269,FSEPU,0,0,0
GJ,6,2,Control,5,300,29269,MHASE,0,0,0
GJ,6,2,Control,5,300,29269,PACL,0,0,0
GJ,6,2,Control,6,360,29329,PACL,1,0,0
GJ,6,2,Control,6,360,29329,FHASE,0,0,0
GJ,6,2,Control,6,360,29329,FSEPU,0,0,0
GJ,6,2,Control,6,360,29329,MHASE,0,0,0
GJ,6,2,Control,7,420,29389,PACL,1,0,0
GJ,6,2,Control,7,420,29389,MHASE,1,0,0
GJ,6,2,Control,7,420,29389,FHASE,0,0,0
GJ,6,2,Control,7,420,29389,FSEPU,0,0,0
GJ,6,2,Control,8,480,29449,PACL,1,0,0
GJ,6,2,Control,8,480,29449,FHASE,0,0,0
GJ,6,2,Control,8,480,29449,FSEPU,0,0,0
GJ,6,2,Control,8,480,29449,MHASE,0,0,0
GJ,6,2,Control,9,540,29509,FHASE,1,0,0
GJ,6,2,Control,9,540,29509,FSEPU,0,0,0
GJ,6,2,Control,9,540,29509,MHASE,0,0,0
GJ,6,2,Control,9,540,29509,PACL,0,0,0
GJ,6,2,Control,10,600,29569,FHASE,1,0,0
GJ,6,2,Control,10,600,29569,FSEPU,0,0,0
GJ,6,2,Control,10,600,29569,MHASE,0,0,0
GJ,6,2,Control,10,600,29569,PACL,0,0,0
GJ,6,2,Control,11,660,29629,FHASE,1,0,0
GJ,6,2,Control,11,660,29629,PACL,1,0,0
GJ,6,2,Control,11,660,29629,FSEPU,0,0,0
GJ,6,2,Control,11,660,29629,MHASE,0,0,0
GJ,6,2,Control,12,720,29689,MHASE,1,0,0
GJ,6,2,Control,12,720,29689,FHASE,0,0,0
GJ,6,2,Control,12,720,29689,FSEPU,0,0,0
GJ,6,2,Control,12,720,29689,PACL,0,0,0
GJ,6,2,Control,13,780,29749,FHASE,1,0,0
GJ,6,2,Control,13,780,29749,FSEPU,0,0,0
GJ,6,2,Control,13,780,29749,MHASE,0,0,0
GJ,6,2,Control,13,780,29749,PACL,0,0,0
GJ,6,2,Control,14,840,29809,FHASE,0,0,0
GJ,6,2,Control,14,840,29809,FSEPU,0,0,0
GJ,6,2,Control,14,840,29809,MHASE,0,0,0
GJ,6,2,Control,14,840,29809,PACL,0,0,0
GJ,6,2,Control,15,900,29869,FHASE,1,0,0
GJ,6,2,Control,15,900,29869,MHASE,1,0,0
GJ,6,2,Control,15,900,29869,FSEPU,0,0,0
GJ,6,2,Control,15,900,29869,PACL,0,0,0
GJ,6,12,Control,1,60,36329,FHASE,1,0,0
GJ,6,12,Control,1,60,36329,FSEPU,0,0,0
GJ,6,12,Control,1,60,36329,MHASE,0,0,0
GJ,6,12,Control,1,60,36329,PACL,0,0,0
GJ,6,12,Control,2,120,36389,FHASE,0,0,0
GJ,6,12,Control,2,120,36389,FSEPU,0,0,0
GJ,6,12,Control,2,120,36389,MHASE,0,0,0
GJ,6,12,Control,2,120,36389,PACL,0,0,0
GJ,6,12,Control,3,180,36449,FHASE,0,0,0
GJ,6,12,Control,3,180,36449,FSEPU,0,0,0
GJ,6,12,Control,3,180,36449,MHASE,0,0,0
GJ,6,12,Control,3,180,36449,PACL,0,0,0
GJ,6,12,Control,4,240,36509,FSEPU,1,0,0
GJ,6,12,Control,4,240,36509,FHASE,0,0,0
GJ,6,12,Control,4,240,36509,MHASE,0,0,0
GJ,6,12,Control,4,240,36509,PACL,0,0,0
GJ,6,12,Control,5,300,36569,FHASE,0,0,0
GJ,6,12,Control,5,300,36569,FSEPU,0,0,0
GJ,6,12,Control,5,300,36569,MHASE,0,0,0
GJ,6,12,Control,5,300,36569,PACL,0,0,0
GJ,6,12,Control,6,360,36629,FHASE,1,0,0
GJ,6,12,Control,6,360,36629,FSEPU,0,0,0
GJ,6,12,Control,6,360,36629,MHASE,0,0,0
GJ,6,12,Control,6,360,36629,PACL,0,0,0
GJ,6,12,Control,7,420,36689,FHASE,0,0,0
GJ,6,12,Control,7,420,36689,FSEPU,0,0,0
GJ,6,12,Control,7,420,36689,MHASE,0,0,0
GJ,6,12,Control,7,420,36689,PACL,0,0,0
GJ,6,12,Control,8,480,36749,MHASE,1,0,0
GJ,6,12,Control,8,480,36749,FHASE,0,0,0
GJ,6,12,Control,8,480,36749,FSEPU,0,0,0
GJ,6,12,Control,8,480,36749,PACL,0,0,0
GJ,6,12,Control,9,540,36809,FHASE,0,0,0
GJ,6,12,Control,9,540,36809,FSEPU,0,0,0
GJ,6,12,Control,9,540,36809,MHASE,0,0,0
GJ,6,12,Control,9,540,36809,PACL,0,0,0
GJ,6,12,Control,10,600,36869,PACL,1,0,0
GJ,6,12,Control,10,600,36869,FHASE,0,0,0
GJ,6,12,Control,10,600,36869,FSEPU,0,0,0
GJ,6,12,Control,10,600,36869,MHASE,0,0,0
GJ,6,12,Control,11,660,36929,MHASE,1,0,0
GJ,6,12,Control,11,660,36929,FHASE,0,0,0
GJ,6,12,Control,11,660,36929,FSEPU,0,0,0
GJ,6,12,Control,11,660,36929,PACL,0,0,0
GJ,6,12,Control,12,720,36989,FSEPU,1,0,1
GJ,6,12,Control,12,720,36989,FHASE,1,0,0
GJ,6,12,Control,12,720,36989,MHASE,0,0,0
GJ,6,12,Control,12,720,36989,PACL,0,0,0
GJ,6,19,Control,1,60,40865,FHASE,0,0,0
GJ,6,19,Control,1,60,40865,FSEPU,0,0,0
GJ,6,19,Control,1,60,40865,MHASE,0,0,0
GJ,6,19,Control,1,60,40865,PACL,0,0,0
GJ,6,19,Control,2,120,40925,FHASE,1,1,0
GJ,6,19,Control,2,120,40925,FSEPU,0,0,0
GJ,6,19,Control,2,120,40925,MHASE,0,0,0
GJ,6,19,Control,2,120,40925,PACL,0,0,0
GJ,6,19,Control,3,180,40985,FHASE,0,0,0
GJ,6,19,Control,3,180,40985,FSEPU,0,0,0
GJ,6,19,Control,3,180,40985,MHASE,0,0,0
GJ,6,19,Control,3,180,40985,PACL,0,0,0
GJ,6,19,Control,4,240,41045,FHASE,1,0,0
GJ,6,19,Control,4,240,41045,PACL,1,0,0
GJ,6,19,Control,4,240,41045,FSEPU,0,0,0
GJ,6,19,Control,4,240,41045,MHASE,0,0,0
GJ,6,19,Control,5,300,41105,FHASE,1,1,0
GJ,6,19,Control,5,300,41105,FSEPU,0,0,0
GJ,6,19,Control,5,300,41105,MHASE,0,0,0
GJ,6,19,Control,5,300,41105,PACL,0,0,0
GJ,6,19,Control,6,360,41165,PACL,1,0,1
GJ,6,19,Control,6,360,41165,FHASE,0,0,0
GJ,6,19,Control,6,360,41165,FSEPU,0,0,0
GJ,6,19,Control,6,360,41165,MHASE,0,0,0
GJ,6,19,Control,7,420,41225,FHASE,1,1,0
GJ,6,19,Control,7,420,41225,PACL,1,0,0
GJ,6,19,Control,7,420,41225,FSEPU,0,0,0
GJ,6,19,Control,7,420,41225,MHASE,0,0,0
GJ,6,19,Control,8,480,41285,FHASE,1,0,0
GJ,6,19,Control,8,480,41285,FSEPU,0,0,0
GJ,6,19,Control,8,480,41285,MHASE,0,0,0
GJ,6,19,Control,8,480,41285,PACL,0,0,0
GJ,6,19,Control,9,540,41345,FHASE,1,0,0
GJ,6,19,Control,9,540,41345,FSEPU,0,0,0
GJ,6,19,Control,9,540,41345,MHASE,0,0,0
GJ,6,19,Control,9,540,41345,PACL,0,0,0
GJ,6,19,Control,10,600,41405,PACL,1,0,0
GJ,6,19,Control,10,600,41405,FHASE,0,0,0
GJ,6,19,Control,10,600,41405,FSEPU,0,0,0
GJ,6,19,Control,10,600,41405,MHASE,0,0,0
GJ,6,19,Control,11,660,41465,FHASE,1,0,0
GJ,6,19,Control,11,660,41465,FSEPU,0,0,0
GJ,6,19,Control,11,660,41465,MHASE,0,0,0
GJ,6,19,Control,11,660,41465,PACL,0,0,0
GJ,6,19,Control,12,720,41525,FHASE,0,0,0
GJ,6,19,Control,12,720,41525,FSEPU,0,0,0
GJ,6,19,Control,12,720,41525,MHASE,0,0,0
GJ,6,19,Control,12,720,41525,PACL,0,0,0
TG,6,8,Control,1,60,15342,FHASE,0,0,0
TG,6,8,Control,1,60,15342,FSEPU,0,0,0
TG,6,8,Control,1,60,15342,MHASE,0,0,0
TG,6,8,Control,1,60,15342,PACL,0,0,0
TG,6,8,Control,2,120,15402,FHASE,0,0,0
TG,6,8,Control,2,120,15402,FSEPU,0,0,0
TG,6,8,Control,2,120,15402,MHASE,0,0,0
TG,6,8,Control,2,120,15402,PACL,0,0,0
TG,6,8,Control,3,180,15462,FHASE,0,0,0
TG,6,8,Control,3,180,15462,FSEPU,0,0,0
TG,6,8,Control,3,180,15462,MHASE,0,0,0
TG,6,8,Control,3,180,15462,PACL,0,0,0
TG,6,8,Control,4,240,25462,FHASE,1,0,0
TG,6,8,Control,4,240,25462,FSEPU,0,0,0
TG,6,8,Control,4,240,25462,MHASE,0,0,0
TG,6,8,Control,4,240,25462,PACL,0,0,0
TG,6,8,Control,5,300,25522,FHASE,1,0,0
TG,6,8,Control,5,300,25522,FSEPU,0,0,0
TG,6,8,Control,5,300,25522,MHASE,1,0,0
TG,6,8,Control,5,300,25522,PACL,0,0,0
TG,6,8,Control,6,360,25582,FHASE,1,0,0
TG,6,8,Control,6,360,25582,FSEPU,0,0,0
TG,6,8,Control,6,360,25582,MHASE,0,0,0
TG,6,8,Control,6,360,25582,PACL,1,0,0
TG,6,8,Control,7,420,25642,FHASE,1,1,0
TG,6,8,Control,7,420,25642,FSEPU,0,0,0
TG,6,8,Control,7,420,25642,MHASE,0,0,0
TG,6,8,Control,7,420,25642,PACL,0,0,0
TG,6,8,Control,8,480,25702,FHASE,0,0,0
TG,6,8,Control,8,480,25702,FSEPU,1,0,0
TG,6,8,Control,8,480,25702,MHASE,0,0,0
TG,6,8,Control,8,480,25702,PACL,0,0,0
TG,6,8,Control,9,540,25762,FHASE,0,0,0
TG,6,8,Control,9,540,25762,FSEPU,0,0,0
TG,6,8,Control,9,540,25762,MHASE,0,0,0
TG,6,8,Control,9,540,25762,PACL,0,0,0
TG,6,8,Control,10,600,25822,FHASE,1,0,1
TG,6,8,Control,10,600,25822,FSEPU,1,1,0
TG,6,8,Control,10,600,25822,MHASE,1,0,0
TG,6,8,Control,10,600,25822,PACL,0,0,0
TG,6,8,Control,11,660,25882,FHASE,0,0,0
TG,6,8,Control,11,660,25882,FSEPU,0,0,0
TG,6,8,Control,11,660,25882,MHASE,1,0,0
TG,6,8,Control,11,660,25882,PACL,0,0,0
TG,6,8,Control,12,720,25942,FHASE,0,0,0
TG,6,8,Control,12,720,25942,FSEPU,0,0,0
TG,6,8,Control,12,720,25942,MHASE,0,0,0
TG,6,8,Control,12,720,25942,PACL,0,0,0
TG,6,8,Control,13,780,26002,FHASE,0,0,0
TG,6,8,Control,13,780,26002,FSEPU,0,0,0
TG,6,8,Control,13,780,26002,MHASE,0,0,0
TG,6,8,Control,13,780,26002,PACL,1,0,1
TG,6,8,Control,14,840,26062,FHASE,0,0,0
TG,6,8,Control,14,840,26062,FSEPU,0,0,0
TG,6,8,Control,14,840,26062,MHASE,0,0,0
TG,6,8,Control,14,840,26062,PACL,0,0,0
TG,6,8,Control,15,900,26122,FHASE,1,0,0
TG,6,8,Control,15,900,26122,FSEPU,1,0,0
TG,6,8,Control,15,900,26122,MHASE,1,0,1
TG,6,8,Control,15,900,26122,PACL,0,0,0
GJ,5,9,High,2,60,10763,FHASE,0,0,0
GJ,5,9,High,2,60,10763,FSEPU,0,0,0
GJ,5,9,High,2,60,10763,MHASE,0,0,0
GJ,5,9,High,2,60,10763,PACL,0,0,0
GJ,5,9,High,4,120,10823,FSEPU,1,0,0
GJ,5,9,High,4,120,10823,FHASE,0,0,0
GJ,5,9,High,4,120,10823,MHASE,0,0,0
GJ,5,9,High,4,120,10823,PACL,0,0,0
GJ,5,9,High,6,180,10883,FHASE,0,0,0
GJ,5,9,High,6,180,10883,FSEPU,0,0,0
GJ,5,9,High,6,180,10883,MHASE,0,0,0
GJ,5,9,High,6,180,10883,PACL,0,0,0
GJ,5,9,High,8,240,10943,FHASE,0,0,0
GJ,5,9,High,8,240,10943,FSEPU,0,0,0
GJ,5,9,High,8,240,10943,MHASE,0,0,0
GJ,5,9,High,8,240,10943,PACL,0,0,0
GJ,5,9,High,10,300,11003,FHASE,0,0,0
GJ,5,9,High,10,300,11003,FSEPU,0,0,0
GJ,5,9,High,10,300,11003,MHASE,0,0,0
GJ,5,9,High,10,300,11003,PACL,0,0,0
GJ,5,9,High,12,360,11063,FHASE,0,0,0
GJ,5,9,High,12,360,11063,FSEPU,0,0,0
GJ,5,9,High,12,360,11063,MHASE,0,0,0
GJ,5,9,High,12,360,11063,PACL,0,0,0
GJ,5,9,High,14,420,11123,FHASE,1,0,0
GJ,5,9,High,14,420,11123,FSEPU,1,0,0
GJ,5,9,High,14,420,11123,MHASE,1,0,0
GJ,5,9,High,14,420,11123,PACL,0,0,0
GJ,5,9,High,16,480,11183,FHASE,0,0,0
GJ,5,9,High,16,480,11183,FSEPU,0,0,0
GJ,5,9,High,16,480,11183,MHASE,0,0,0
GJ,5,9,High,16,480,11183,PACL,0,0,0
GJ,5,9,High,18,540,11243,MHASE,1,1,0
GJ,5,9,High,18,540,11243,FHASE,0,0,0
GJ,5,9,High,18,540,11243,FSEPU,0,0,0
GJ,5,9,High,18,540,11243,PACL,0,0,0
GJ,5,9,High,20,600,11303,PACL,1,1,0
GJ,5,9,High,20,600,11303,FHASE,0,0,0
GJ,5,9,High,20,600,11303,FSEPU,0,0,0
GJ,5,9,High,20,600,11303,MHASE,0,0,0
GJ,5,9,High,22,660,11363,FHASE,0,0,0
GJ,5,9,High,22,660,11363,FSEPU,0,0,0
GJ,5,9,High,22,660,11363,MHASE,0,0,0
GJ,5,9,High,22,660,11363,PACL,0,0,0
GJ,5,9,High,24,720,11423,FHASE,0,0,0
GJ,5,9,High,24,720,11423,FSEPU,0,0,0
GJ,5,9,High,24,720,11423,MHASE,0,0,0
GJ,5,9,High,24,720,11423,PACL,0,0,0
GJ,5,9,High,26,780,11483,FHASE,0,0,0
GJ,5,9,High,26,780,11483,FSEPU,0,0,0
GJ,5,9,High,26,780,11483,MHASE,0,0,0
GJ,5,9,High,26,780,11483,PACL,0,0,0
GJ,5,9,High,28,840,11543,PACL,1,0,1
GJ,5,9,High,28,840,11543,FSEPU,1,0,0
GJ,5,9,High,28,840,11543,FHASE,0,0,0
GJ,5,9,High,28,840,11543,MHASE,0,0,0
GJ,5,9,High,30,900,11603,FSEPU,1,1,0
GJ,5,9,High,30,900,11603,MHASE,1,0,0
GJ,5,9,High,30,900,11603,FHASE,0,0,0
GJ,5,9,High,30,900,11603,PACL,0,0,0
GJ,5,9,High,32,960,11663,FHASE,0,0,0
GJ,5,9,High,32,960,11663,FSEPU,0,0,0
GJ,5,9,High,32,960,11663,MHASE,0,0,0
GJ,5,9,High,32,960,11663,PACL,0,0,0
GJ,5,9,High,34,1020,11723,FHASE,0,0,0
GJ,5,9,High,34,1020,11723,FSEPU,0,0,0
GJ,5,9,High,34,1020,11723,MHASE,0,0,0
GJ,5,9,High,34,1020,11723,PACL,0,0,0
GJ,5,9,High,36,1080,11783,FHASE,0,0,0
GJ,5,9,High,36,1080,11783,FSEPU,0,0,0
GJ,5,9,High,36,1080,11783,MHASE,0,0,0
GJ,5,9,High,36,1080,11783,PACL,0,0,0
GJ,5,9,High,38,1140,11843,FHASE,0,0,0
GJ,5,9,High,38,1140,11843,FSEPU,0,0,0
GJ,5,9,High,38,1140,11843,MHASE,0,0,0
GJ,5,9,High,38,1140,11843,PACL,0,0,0
GJ,5,9,High,40,1200,11903,FSEPU,1,0,1
GJ,5,9,High,40,1200,11903,FHASE,0,0,0
GJ,5,9,High,40,1200,11903,MHASE,0,0,0
GJ,5,9,High,40,1200,11903,PACL,0,0,0
MB,5,15,High,2,60,18433,FSEPU,1,0,0
MB,5,15,High,2,60,18433,MHASE,1,0,0
MB,5,15,High,2,60,18433,FHASE,0,0,0
MB,5,15,High,2,60,18433,PACL,0,0,0
MB,5,15,High,4,120,18493,FHASE,0,0,0
MB,5,15,High,4,120,18493,FSEPU,0,0,0
MB,5,15,High,4,120,18493,MHASE,0,0,0
MB,5,15,High,4,120,18493,PACL,0,0,0
MB,5,15,High,6,180,18553,FHASE,0,0,0
MB,5,15,High,6,180,18553,FSEPU,0,0,0
MB,5,15,High,6,180,18553,MHASE,0,0,0
MB,5,15,High,6,180,18553,PACL,0,0,0
MB,5,15,High,8,240,18613,FHASE,0,0,0
MB,5,15,High,8,240,18613,FSEPU,0,0,0
MB,5,15,High,8,240,18613,MHASE,0,0,0
MB,5,15,High,8,240,18613,PACL,0,0,0
MB,5,15,High,10,300,18673,FHASE,0,0,0
MB,5,15,High,10,300,18673,FSEPU,0,0,0
MB,5,15,High,10,300,18673,MHASE,0,0,0
MB,5,15,High,10,300,18673,PACL,0,0,0
MB,5,15,High,12,360,18733,MHASE,1,0,0
MB,5,15,High,12,360,18733,FHASE,0,0,0
MB,5,15,High,12,360,18733,FSEPU,0,0,0
MB,5,15,High,12,360,18733,PACL,0,0,0
MB,5,15,High,14,420,18793,FHASE,1,0,0
MB,5,15,High,14,420,18793,FSEPU,0,0,0
MB,5,15,High,14,420,18793,MHASE,0,0,0
MB,5,15,High,14,420,18793,PACL,0,0,0
MB,5,15,High,15,480,18853,FHASE,0,0,0
MB,5,15,High,15,480,18853,FSEPU,0,0,0
MB,5,15,High,15,480,18853,MHASE,0,0,0
MB,5,15,High,15,480,18853,PACL,0,0,0
MB,5,15,High,16,540,18913,MHASE,1,0,0
MB,5,15,High,16,540,18913,FHASE,0,0,0
MB,5,15,High,16,540,18913,FSEPU,0,0,0
MB,5,15,High,16,540,18913,PACL,0,0,0
MB,5,15,High,17,600,18973,MHASE,1,1,0
MB,5,15,High,17,600,18973,PACL,1,0,0
MB,5,15,High,17,600,18973,FHASE,0,0,0
MB,5,15,High,17,600,18973,FSEPU,0,0,0
MB,5,15,High,18,660,19033,FHASE,1,1,0
MB,5,15,High,18,660,19033,MHASE,1,0,0
MB,5,15,High,18,660,19033,FSEPU,0,0,0
MB,5,15,High,18,660,19033,PACL,0,0,0
MB,5,15,High,18,720,19093,FHASE,0,0,0
MB,5,15,High,18,720,19093,FSEPU,0,0,0
MB,5,15,High,18,720,19093,MHASE,0,0,0
MB,5,15,High,18,720,19093,PACL,0,0,0
MB,5,15,High,19,780,19093,MHASE,1,0,0
MB,5,15,High,19,780,19093,FHASE,0,0,0
MB,5,15,High,19,780,19093,FSEPU,0,0,0
MB,5,15,High,19,780,19093,PACL,0,0,0
MB,5,15,High,20,840,19153,MHASE,1,0,0
MB,5,15,High,20,840,19153,FHASE,0,0,0
MB,5,15,High,20,840,19153,FSEPU,0,0,0
MB,5,15,High,20,840,19153,PACL,0,0,0
MB,5,15,High,21,900,19213,FHASE,1,0,0
MB,5,15,High,21,900,19213,FSEPU,0,0,0
MB,5,15,High,21,900,19213,MHASE,0,0,0
MB,5,15,High,21,900,19213,PACL,0,0,0
MB,5,15,High,22,960,19273,FHASE,0,0,0
MB,5,15,High,22,960,19273,FSEPU,0,0,0
MB,5,15,High,22,960,19273,MHASE,0,0,0
MB,5,15,High,22,960,19273,PACL,0,0,0
MB,5,15,High,23,1020,19333,FHASE,1,0,0
MB,5,15,High,23,1020,19333,FSEPU,0,0,0
MB,5,15,High,23,1020,19333,MHASE,0,0,0
MB,5,15,High,23,1020,19333,PACL,0,0,0
MB,5,15,High,24,1080,19393,FHASE,0,0,0
MB,5,15,High,24,1080,19393,FSEPU,0,0,0
MB,5,15,High,24,1080,19393,MHASE,0,0,0
MB,5,15,High,24,1080,19393,PACL,0,0,0
MB,5,15,High,25,1140,19453,FHASE,0,0,0
MB,5,15,High,25,1140,19453,FSEPU,0,0,0
MB,5,15,High,25,1140,19453,MHASE,0,0,0
MB,5,15,High,25,1140,19453,PACL,0,0,0
GJ,6,7,High,1,60,14383,FHASE,0,0,0
GJ,6,7,High,1,60,14383,FSEPU,0,0,0
GJ,6,7,High,1,60,14383,MHASE,0,0,0
GJ,6,7,High,1,60,14383,PACL,0,0,0
GJ,6,7,High,2,120,14443,FHASE,1,0,0
GJ,6,7,High,2,120,14443,FSEPU,0,0,0
GJ,6,7,High,2,120,14443,MHASE,0,0,0
GJ,6,7,High,2,120,14443,PACL,0,0,0
GJ,6,7,High,3,180,14503,PACL,1,0,0
GJ,6,7,High,3,180,14503,FHASE,0,0,0
GJ,6,7,High,3,180,14503,FSEPU,0,0,0
GJ,6,7,High,3,180,14503,MHASE,0,0,0
GJ,6,7,High,4,240,14563,FHASE,1,0,0
GJ,6,7,High,4,240,14563,FSEPU,0,0,0
GJ,6,7,High,4,240,14563,MHASE,0,0,0
GJ,6,7,High,4,240,14563,PACL,0,0,0
GJ,6,7,High,5,300,14623,MHASE,1,0,0
GJ,6,7,High,5,300,14623,FHASE,0,0,0
GJ,6,7,High,5,300,14623,FSEPU,0,0,0
GJ,6,7,High,5,300,14623,PACL,0,0,0
GJ,6,7,High,6,360,14683,FHASE,1,0,0
GJ,6,7,High,6,360,14683,MHASE,1,0,0
GJ,6,7,High,6,360,14683,FSEPU,0,0,0
GJ,6,7,High,6,360,14683,PACL,0,0,0
GJ,6,7,High,7,420,14743,MHASE,1,0,0
GJ,6,7,High,7,420,14743,FHASE,0,0,0
GJ,6,7,High,7,420,14743,FSEPU,0,0,0
GJ,6,7,High,7,420,14743,PACL,0,0,0
GJ,6,7,High,8,480,14803,FHASE,1,0,0
GJ,6,7,High,8,480,14803,MHASE,1,0,0
GJ,6,7,High,8,480,14803,FSEPU,0,0,0
GJ,6,7,High,8,480,14803,PACL,0,0,0
GJ,6,7,High,9,540,14863,FHASE,1,0,0
GJ,6,7,High,9,540,14863,MHASE,1,0,0
GJ,6,7,High,9,540,14863,FSEPU,0,0,0
GJ,6,7,High,9,540,14863,PACL,0,0,0
GJ,6,7,High,10,600,14923,MHASE,1,0,0
GJ,6,7,High,10,600,14923,FHASE,0,0,0
GJ,6,7,High,10,600,14923,FSEPU,0,0,0
GJ,6,7,High,10,600,14923,PACL,0,0,0
GJ,6,7,High,11,660,14983,MHASE,1,0,0
GJ,6,7,High,11,660,14983,FHASE,1,0,0
GJ,6,7,High,11,660,14983,FSEPU,0,0,0
GJ,6,7,High,11,660,14983,PACL,0,0,0
GJ,6,7,High,12,720,15043,FHASE,0,0,0
GJ,6,7,High,12,720,15043,FSEPU,0,0,0
GJ,6,7,High,12,720,15043,MHASE,0,0,0
GJ,6,7,High,12,720,15043,PACL,0,0,0
GJ,6,7,High,13,780,15103,FHASE,0,0,0
GJ,6,7,High,13,780,15103,FSEPU,0,0,0
GJ,6,7,High,13,780,15103,MHASE,0,0,0
GJ,6,7,High,13,780,15103,PACL,0,0,0
GJ,6,7,High,14,840,15163,FHASE,0,0,0
GJ,6,7,High,14,840,15163,FSEPU,0,0,0
GJ,6,7,High,14,840,15163,MHASE,0,0,0
GJ,6,7,High,14,840,15163,PACL,0,0,0
GJ,6,7,High,15,900,15223,FHASE,1,0,1
GJ,6,7,High,15,900,15223,FSEPU,0,0,0
GJ,6,7,High,15,900,15223,MHASE,0,0,0
GJ,6,7,High,15,900,15223,PACL,0,0,0
GJ,6,10,High,1,60,29976,MHASE,1,0,0
GJ,6,10,High,1,60,29976,FHASE,0,0,0
GJ,6,10,High,1,60,29976,FSEPU,0,0,0
GJ,6,10,High,1,60,29976,PACL,0,0,0
GJ,6,10,High,2,120,30037,FHASE,0,0,0
GJ,6,10,High,2,120,30037,FSEPU,0,0,0
GJ,6,10,High,2,120,30037,MHASE,0,0,0
GJ,6,10,High,2,120,30037,PACL,0,0,0
GJ,6,10,High,3,180,30097,PACL,1,0,0
GJ,6,10,High,3,180,30097,FHASE,0,0,0
GJ,6,10,High,3,180,30097,FSEPU,0,0,0
GJ,6,10,High,3,180,30097,MHASE,0,0,0
GJ,6,10,High,4,240,30157,FHASE,0,0,0
GJ,6,10,High,4,240,30157,FSEPU,0,0,0
GJ,6,10,High,4,240,30157,MHASE,0,0,0
GJ,6,10,High,4,240,30157,PACL,0,0,0
GJ,6,10,High,5,300,30217,FHASE,1,0,0
GJ,6,10,High,5,300,30217,FSEPU,0,0,0
GJ,6,10,High,5,300,30217,MHASE,0,0,0
GJ,6,10,High,5,300,30217,PACL,0,0,0
GJ,6,10,High,6,360,30277,FHASE,0,0,0
GJ,6,10,High,6,360,30277,FSEPU,0,0,0
GJ,6,10,High,6,360,30277,MHASE,0,0,0
GJ,6,10,High,6,360,30277,PACL,0,0,0
GJ,6,10,High,7,420,30337,FHASE,1,0,0
GJ,6,10,High,7,420,30337,FSEPU,0,0,0
GJ,6,10,High,7,420,30337,MHASE,0,0,0
GJ,6,10,High,7,420,30337,PACL,0,0,0
GJ,6,10,High,8,480,30397,FHASE,0,0,0
GJ,6,10,High,8,480,30397,FSEPU,0,0,0
GJ,6,10,High,8,480,30397,MHASE,0,0,0
GJ,6,10,High,8,480,30397,PACL,0,0,0
GJ,6,10,High,9,540,30457,FHASE,0,0,0
GJ,6,10,High,9,540,30457,FSEPU,0,0,0
GJ,6,10,High,9,540,30457,MHASE,0,0,0
GJ,6,10,High,9,540,30457,PACL,0,0,0
GJ,6,10,High,10,600,30507,FHASE,0,0,0
GJ,6,10,High,10,600,30507,FSEPU,0,0,0
GJ,6,10,High,10,600,30507,MHASE,0,0,0
GJ,6,10,High,10,600,30507,PACL,0,0,0
GJ,6,10,High,11,660,30567,FHASE,0,0,0
GJ,6,10,High,11,660,30567,FSEPU,0,0,0
GJ,6,10,High,11,660,30567,MHASE,0,0,0
GJ,6,10,High,11,660,30567,PACL,0,0,0
GJ,6,10,High,12,720,30627,FSEPU,1,0,0
GJ,6,10,High,12,720,30627,FHASE,0,0,0
GJ,6,10,High,12,720,30627,MHASE,0,0,0
GJ,6,10,High,12,720,30627,PACL,0,0,0
GJ,6,10,High,13,780,30687,FHASE,1,1,0
GJ,6,10,High,13,780,30687,FSEPU,0,0,0
GJ,6,10,High,13,780,30687,MHASE,0,0,0
GJ,6,10,High,13,780,30687,PACL,0,0,0
GJ,6,10,High,14,840,30747,FHASE,1,0,0
GJ,6,10,High,14,840,30747,MHASE,1,0,0
GJ,6,10,High,14,840,30747,FSEPU,0,0,0
GJ,6,10,High,14,840,30747,PACL,0,0,0
GJ,6,17,High,1,60,11636,FHASE,0,0,0
GJ,6,17,High,1,60,11636,FSEPU,0,0,0
GJ,6,17,High,1,60,11636,MHASE,0,0,0
GJ,6,17,High,1,60,11636,PACL,0,0,0
GJ,6,17,High,2,120,11696,FHASE,0,0,0
GJ,6,17,High,2,120,11696,FSEPU,0,0,0
GJ,6,17,High,2,120,11696,MHASE,0,0,0
GJ,6,17,High,2,120,11696,PACL,0,0,0
GJ,6,17,High,3,180,11756,FHASE,0,0,0
GJ,6,17,High,3,180,11756,FSEPU,0,0,0
GJ,6,17,High,3,180,11756,MHASE,0,0,0
GJ,6,17,High,3,180,11756,PACL,0,0,0
GJ,6,17,High,4,240,11816,FHASE,0,0,0
GJ,6,17,High,4,240,11816,FSEPU,0,0,0
GJ,6,17,High,4,240,11816,MHASE,0,0,0
GJ,6,17,High,4,240,11816,PACL,0,0,0
GJ,6,17,High,5,300,11876,FHASE,0,0,0
GJ,6,17,High,5,300,11876,FSEPU,0,0,0
GJ,6,17,High,5,300,11876,MHASE,0,0,0
GJ,6,17,High,5,300,11876,PACL,0,0,0
GJ,6,17,High,6,360,11936,PACL,1,0,1
GJ,6,17,High,6,360,11936,FHASE,0,0,0
GJ,6,17,High,6,360,11936,FSEPU,0,0,0
GJ,6,17,High,6,360,11936,MHASE,0,0,0
GJ,6,17,High,7,420,11996,FHASE,0,0,0
GJ,6,17,High,7,420,11996,FSEPU,0,0,0
GJ,6,17,High,7,420,11996,MHASE,0,0,0
GJ,6,17,High,7,420,11996,PACL,0,0,0
GJ,6,17,High,8,480,12056,FHASE,0,0,0
GJ,6,17,High,8,480,12056,FSEPU,0,0,0
GJ,6,17,High,8,480,12056,MHASE,0,0,0
GJ,6,17,High,8,480,12056,PACL,0,0,0
GJ,6,17,High,9,540,12116,FHASE,0,0,0
GJ,6,17,High,9,540,12116,FSEPU,0,0,0
GJ,6,17,High,9,540,12116,MHASE,0,0,0
GJ,6,17,High,9,540,12116,PACL,0,0,0
GJ,6,17,High,10,600,12176,FHASE,0,0,0
GJ,6,17,High,10,600,12176,FSEPU,0,0,0
GJ,6,17,High,10,600,12176,MHASE,0,0,0
GJ,6,17,High,10,600,12176,PACL,0,0,0
GJ,6,20,High,1,60,17108,FHASE,0,0,0
GJ,6,20,High,1,60,17108,FSEPU,0,0,0
GJ,6,20,High,1,60,17108,MHASE,0,0,0
GJ,6,20,High,1,60,17108,PACL,0,0,0
GJ,6,20,High,2,120,17168,MHASE,1,0,1
GJ,6,20,High,2,120,17168,PACL,1,0,1
GJ,6,20,High,2,120,17168,FHASE,0,0,0
GJ,6,20,High,2,120,17168,FSEPU,0,0,0
GJ,6,20,High,3,180,17228,PACL,1,0,1
GJ,6,20,High,3,180,17228,FHASE,0,0,0
GJ,6,20,High,3,180,17228,FSEPU,0,0,0
GJ,6,20,High,3,180,17228,MHASE,0,0,0
GJ,6,20,High,4,240,17288,FHASE,1,0,0
GJ,6,20,High,4,240,17288,FSEPU,0,0,0
GJ,6,20,High,4,240,17288,MHASE,0,0,0
GJ,6,20,High,4,240,17288,PACL,0,0,0
GJ,6,20,High,5,300,17348,PACL,1,1,0
GJ,6,20,High,5,300,17348,FHASE,0,0,0
GJ,6,20,High,5,300,17348,FSEPU,0,0,0
GJ,6,20,High,5,300,17348,MHASE,0,0,0
GJ,6,20,High,6,360,17408,FHASE,0,0,0
GJ,6,20,High,6,360,17408,FSEPU,0,0,0
GJ,6,20,High,6,360,17408,MHASE,0,0,0
GJ,6,20,High,6,360,17408,PACL,0,0,0
GJ,6,20,High,7,420,17468,FHASE,0,0,0
GJ,6,20,High,7,420,17468,FSEPU,0,0,0
GJ,6,20,High,7,420,17468,MHASE,0,0,0
GJ,6,20,High,7,420,17468,PACL,0,0,0
GJ,6,20,High,8,480,17528,FHASE,0,0,0
GJ,6,20,High,8,480,17528,FSEPU,0,0,0
GJ,6,20,High,8,480,17528,MHASE,0,0,0
GJ,6,20,High,8,480,17528,PACL,0,0,0
GJ,6,20,High,9,540,17588,FHASE,0,0,0
GJ,6,20,High,9,540,17588,FSEPU,0,0,0
GJ,6,20,High,9,540,17588,MHASE,0,0,0
GJ,6,20,High,9,540,17588,PACL,0,0,0
GJ,6,20,High,10,600,17648,FHASE,0,0,0
GJ,6,20,High,10,600,17648,FSEPU,0,0,0
GJ,6,20,High,10,600,17648,MHASE,0,0,0
GJ,6,20,High,10,600,17648,PACL,0,0,0
MB,5,15,High,26,1200,19513,FHASE,0,0,0
MB,5,15,High,26,1200,19513,FSEPU,0,0,0
MB,5,15,High,26,1200,19513,MHASE,0,0,0
MB,5,15,High,26,1200,19513,PACL,0,0,0
TG,4,18,High,2,60,16367,FHASE,0,0,0
TG,4,18,High,2,60,16367,FSEPU,0,0,0
TG,4,18,High,2,60,16367,MHASE,0,0,0
TG,4,18,High,2,60,16367,PACL,0,0,0
TG,4,18,High,4,120,16427,FHASE,0,0,0
TG,4,18,High,4,120,16427,FSEPU,0,0,0
TG,4,18,High,4,120,16427,MHASE,0,0,0
TG,4,18,High,4,120,16427,PACL,0,0,0
TG,4,18,High,6,180,16487,FHASE,0,0,0
TG,4,18,High,6,180,16487,FSEPU,0,0,0
TG,4,18,High,6,180,16487,MHASE,0,0,0
TG,4,18,High,6,180,16487,PACL,0,0,0
TG,4,18,High,8,240,16547,PACL,1,0,0
TG,4,18,High,8,240,16547,FHASE,1,0,0
TG,4,18,High,8,240,16547,FSEPU,0,0,0
TG,4,18,High,8,240,16547,MHASE,0,0,0
TG,4,18,High,10,300,16607,FHASE,1,0,0
TG,4,18,High,10,300,16607,PACL,1,0,0
TG,4,18,High,10,300,16607,FSEPU,0,0,0
TG,4,18,High,10,300,16607,MHASE,0,0,0
TG,4,18,High,12,360,16667,FSEPU,1,0,0
TG,4,18,High,12,360,16667,PACL,1,0,0
TG,4,18,High,12,360,16667,FHASE,0,0,0
TG,4,18,High,12,360,16667,MHASE,0,0,0
TG,4,18,High,14,420,16727,FHASE,0,0,0
TG,4,18,High,14,420,16727,FSEPU,0,0,0
TG,4,18,High,14,420,16727,MHASE,0,0,0
TG,4,18,High,14,420,16727,PACL,0,0,0
TG,4,18,High,16,480,16787,PACL,1,0,0
TG,4,18,High,16,480,16787,FHASE,0,0,0
TG,4,18,High,16,480,16787,FSEPU,0,0,0
TG,4,18,High,16,480,16787,MHASE,0,0,0
TG,4,18,High,18,540,16847,PACL,1,0,0
TG,4,18,High,18,540,16847,FHASE,0,0,0
TG,4,18,High,18,540,16847,FSEPU,0,0,0
TG,4,18,High,18,540,16847,MHASE,0,0,0
TG,4,18,High,20,600,16907,FHASE,1,1,0
TG,4,18,High,20,600,16907,FSEPU,0,0,0
TG,4,18,High,20,600,16907,MHASE,0,0,0
TG,4,18,High,20,600,16907,PACL,0,0,0
TG,4,18,High,22,690,16997,PACL,1,1,0
TG,4,18,High,22,690,16997,FHASE,0,0,0
TG,4,18,High,22,690,16997,FSEPU,0,0,0
TG,4,18,High,22,690,16997,MHASE,0,0,0
TG,4,18,High,23,750,17057,MHASE,1,0,0
TG,4,18,High,23,750,17057,PACL,1,0,0
TG,4,18,High,23,750,17057,FHASE,0,0,0
TG,4,18,High,23,750,17057,FSEPU,0,0,0
TG,4,18,High,24,810,17117,FHASE,1,0,0
TG,4,18,High,24,810,17117,FSEPU,0,0,0
TG,4,18,High,24,810,17117,MHASE,0,0,0
TG,4,18,High,24,810,17117,PACL,0,0,0
TG,4,18,High,25,870,17177,MHASE,1,1,0
TG,4,18,High,25,870,17177,FSEPU,1,0,1
TG,4,18,High,25,870,17177,PACL,1,0,0
TG,4,18,High,25,870,17177,FHASE,0,0,0
TG,4,18,High,26,930,17237,PACL,1,0,0
TG,4,18,High,26,930,17237,FHASE,0,0,0
TG,4,18,High,26,930,17237,FSEPU,0,0,0
TG,4,18,High,26,930,17237,MHASE,0,0,0
TG,4,18,High,27,990,17297,FHASE,0,0,0
TG,4,18,High,27,990,17297,FSEPU,0,0,0
TG,4,18,High,27,990,17297,MHASE,0,0,0
TG,4,18,High,27,990,17297,PACL,0,0,0
TG,4,18,High,28,1050,17357,FSEPU,1,1,0
TG,4,18,High,28,1050,17357,MHASE,1,0,0
TG,4,18,High,28,1050,17357,FHASE,0,0,0
TG,4,18,High,28,1050,17357,PACL,0,0,0
GJ,5,18,High,1,60,18285,FSEPU,0,0,0
GJ,5,18,High,1,60,18285,PACL,0,0,0
GJ,5,18,High,1,60,18285,FHASE,0,0,0
GJ,5,18,High,1,60,18285,MHASE,0,0,0
GJ,5,18,High,2,120,18345,FHASE,0,0,0
GJ,5,18,High,2,120,18345,FSEPU,0,0,0
GJ,5,18,High,2,120,18345,MHASE,0,0,0
GJ,5,18,High,2,120,18345,PACL,0,0,0
GJ,5,18,High,2,240,18405,FHASE,0,0,0
GJ,5,18,High,2,240,18405,FSEPU,0,0,0
GJ,5,18,High,2,240,18405,MHASE,0,0,0
GJ,5,18,High,2,240,18405,PACL,0,0,0
GJ,5,18,High,4,270,18465,FHASE,0,0,0
GJ,5,18,High,4,270,18465,FSEPU,0,0,0
GJ,5,18,High,4,270,18465,MHASE,0,0,0
GJ,5,18,High,4,270,18465,PACL,0,0,0
GJ,5,18,High,5,330,18515,FHASE,0,0,0
GJ,5,18,High,5,330,18515,FSEPU,0,0,0
GJ,5,18,High,5,330,18515,MHASE,0,0,0
GJ,5,18,High,5,330,18515,PACL,0,0,0
GJ,5,18,High,6,390,18575,FHASE,0,0,0
GJ,5,18,High,6,390,18575,FSEPU,0,0,0
GJ,5,18,High,6,390,18575,MHASE,0,0,0
GJ,5,18,High,6,390,18575,PACL,0,0,0
GJ,5,18,High,7,450,18635,FHASE,0,0,0
GJ,5,18,High,7,450,18635,FSEPU,0,0,0
GJ,5,18,High,7,450,18635,MHASE,0,0,0
GJ,5,18,High,7,450,18635,PACL,0,0,0
GJ,5,18,High,8,510,18695,FHASE,0,0,0
GJ,5,18,High,8,510,18695,FSEPU,0,0,0
GJ,5,18,High,8,510,18695,MHASE,0,0,0
GJ,5,18,High,8,510,18695,PACL,0,0,0
GJ,5,18,High,9,570,18755,FHASE,1,0,0
GJ,5,18,High,9,570,18755,FSEPU,0,0,0
GJ,5,18,High,9,570,18755,MHASE,0,0,0
GJ,5,18,High,9,570,18755,PACL,0,0,0
GJ,5,6,High,1,60,19482,FHASE,0,0,0
GJ,5,6,High,1,60,19482,FSEPU,1,1,0
GJ,5,6,High,1,60,19482,MHASE,0,0,0
GJ,5,6,High,1,60,19482,PACL,0,0,0
GJ,5,6,High,2,120,19542,FHASE,0,0,0
GJ,5,6,High,2,120,19542,FSEPU,1,0,0
GJ,5,6,High,2,120,19542,MHASE,0,0,0
GJ,5,6,High,2,120,19542,PACL,0,0,0
GJ,5,6,High,3,180,19602,FHASE,0,0,0
GJ,5,6,High,3,180,19602,FSEPU,1,0,0
GJ,5,6,High,3,180,19602,MHASE,0,0,0
GJ,5,6,High,3,180,19602,PACL,0,0,0
GJ,5,6,High,4,240,19662,FHASE,1,0,0
GJ,5,6,High,4,240,19662,FSEPU,1,0,1
GJ,5,6,High,4,240,19662,MHASE,0,0,0
GJ,5,6,High,4,240,19662,PACL,0,0,0
GJ,5,6,High,5,300,19722,FHASE,0,0,0
GJ,5,6,High,5,300,19722,FSEPU,1,0,0
GJ,5,6,High,5,300,19722,MHASE,1,0,0
GJ,5,6,High,5,300,19722,PACL,0,0,0
GJ,5,6,High,6,360,19782,FHASE,1,0,0
GJ,5,6,High,6,360,19782,FSEPU,0,0,0
GJ,5,6,High,6,360,19782,MHASE,0,0,0
GJ,5,6,High,6,360,19782,PACL,0,0,0
GJ,5,6,High,7,420,19842,FHASE,0,0,0
GJ,5,6,High,7,420,19842,FSEPU,1,1,0
GJ,5,6,High,7,420,19842,MHASE,0,0,0
GJ,5,6,High,7,420,19842,PACL,0,0,0
GJ,5,6,High,8,480,19902,FHASE,0,0,0
GJ,5,6,High,8,480,19902,FSEPU,1,0,0
GJ,5,6,High,8,480,19902,MHASE,0,0,0
GJ,5,6,High,8,480,19902,PACL,0,0,0
GJ,5,6,High,9,540,19962,FHASE,0,0,0
GJ,5,6,High,9,540,19962,FSEPU,1,0,0
GJ,5,6,High,9,540,19962,MHASE,0,0,0
GJ,5,6,High,9,540,19962,PACL,0,0,0
GJ,5,6,High,10,600,20022,FHASE,1,0,0
GJ,5,6,High,10,600,20022,FSEPU,1,0,0
GJ,5,6,High,10,600,20022,MHASE,0,0,0
GJ,5,6,High,10,600,20022,PACL,0,0,0
GJ,5,12,High,1,60,18869,FHASE,0,0,0
GJ,5,12,High,1,60,18869,FSEPU,0,0,0
GJ,5,12,High,1,60,18869,MHASE,0,0,0
GJ,5,12,High,1,60,18869,PACL,1,1,0
GJ,5,12,High,2,120,18929,FHASE,0,0,0
GJ,5,12,High,2,120,18929,FSEPU,0,0,0
GJ,5,12,High,2,120,18929,MHASE,0,0,0
GJ,5,12,High,2,120,18929,PACL,0,0,0
GJ,5,12,High,3,180,18989,FHASE,0,0,0
GJ,5,12,High,3,180,18989,FSEPU,0,0,0
GJ,5,12,High,3,180,18989,MHASE,1,0,0
GJ,5,12,High,3,180,18989,PACL,0,0,0
GJ,5,12,High,4,240,19049,FHASE,0,0,0
GJ,5,12,High,4,240,19049,FSEPU,0,0,0
GJ,5,12,High,4,240,19049,MHASE,0,0,0
GJ,5,12,High,4,240,19049,PACL,0,0,0
GJ,5,12,High,5,300,19109,FHASE,1,0,0
GJ,5,12,High,5,300,19109,FSEPU,0,0,0
GJ,5,12,High,5,300,19109,MHASE,0,0,0
GJ,5,12,High,5,300,19109,PACL,0,0,0
GJ,5,12,High,6,360,19169,FHASE,1,0,0
GJ,5,12,High,6,360,19169,FSEPU,0,0,0
GJ,5,12,High,6,360,19169,MHASE,0,0,0
GJ,5,12,High,6,360,19169,PACL,1,0,0
GJ,5,12,High,7,420,19229,FHASE,0,0,0
GJ,5,12,High,7,420,19229,FSEPU,0,0,0
GJ,5,12,High,7,420,19229,MHASE,0,0,0
GJ,5,12,High,7,420,19229,PACL,0,0,0
GJ,5,12,High,8,480,19289,FHASE,0,0,0
GJ,5,12,High,8,480,19289,FSEPU,0,0,0
GJ,5,12,High,8,480,19289,MHASE,0,0,0
GJ,5,12,High,8,480,19289,PACL,0,0,0
GJ,5,12,High,9,540,19349,FHASE,1,0,0
GJ,5,12,High,9,540,19349,FSEPU,0,0,0
GJ,5,12,High,9,540,19349,MHASE,0,0,0
GJ,5,12,High,9,540,19349,PACL,0,0,0
GJ,5,12,High,10,600,19409,FHASE,0,0,0
GJ,5,12,High,10,600,19409,FSEPU,0,0,0
GJ,5,12,High,10,600,19409,MHASE,0,0,0
GJ,5,12,High,10,600,19409,PACL,1,0,0
GJ,1,4,High,1,60,10628,FHASE,0,0,0
GJ,1,4,High,1,60,10628,FSEPU,0,0,0
GJ,1,4,High,1,60,10628,MHASE,0,0,0
GJ,1,4,High,1,60,10628,PACL,0,0,0
GJ,1,4,High,2,120,10688,FHASE,0,0,0
GJ,1,4,High,2,120,10688,FSEPU,0,0,0
GJ,1,4,High,2,120,10688,MHASE,0,0,0
GJ,1,4,High,2,120,10688,PACL,0,0,0
GJ,1,6,High,1,60,12383,FHASE,0,0,0
GJ,1,6,High,1,60,12383,FSEPU,0,0,0
GJ,1,6,High,1,60,12383,MHASE,0,0,0
GJ,1,6,High,1,60,12383,PACL,0,0,0
GJ,1,6,High,2,120,12443,FHASE,0,0,0
GJ,1,6,High,2,120,12443,FSEPU,0,0,0
GJ,1,6,High,2,120,12443,MHASE,0,0,0
GJ,1,6,High,2,120,12443,PACL,0,0,0
GJ,1,9,High,1,60,22189,FHASE,0,0,0
GJ,1,9,High,1,60,22189,FSEPU,0,0,0
GJ,1,9,High,1,60,22189,MHASE,0,0,0
GJ,1,9,High,1,60,22189,PACL,0,0,0
GJ,1,9,High,2,120,22249,FHASE,1,0,0
GJ,1,9,High,2,120,22249,FSEPU,1,0,1
GJ,1,9,High,2,120,22249,MHASE,0,0,0
GJ,1,9,High,2,120,22249,PACL,0,0,0
GJ,1,9,High,3,180,22309,FHASE,1,1,0
GJ,1,9,High,3,180,22309,FSEPU,0,0,0
GJ,1,9,High,3,180,22309,MHASE,0,0,0
GJ,1,9,High,3,180,22309,PACL,0,0,0
GJ,1,12,High,1,60,10441,FHASE,1,0,1
GJ,1,12,High,1,60,10441,FSEPU,0,0,0
GJ,1,12,High,1,60,10441,MHASE,1,1,0
GJ,1,12,High,1,60,10441,PACL,0,0,0
GJ,1,12,High,2,120,10501,FHASE,1,0,0
GJ,1,12,High,2,120,10501,FSEPU,0,0,0
GJ,1,12,High,2,120,10501,MHASE,1,0,0
GJ,1,12,High,2,120,10501,PACL,0,0,0
GJ,1,12,High,3,180,10561,FHASE,1,0,1
GJ,1,12,High,3,180,10561,FSEPU,0,0,0
GJ,1,12,High,3,180,10561,MHASE,1,1,0
GJ,1,12,High,3,180,10561,PACL,1,0,0
GJ,1,15,High,1,60,42854,FHASE,0,0,0
GJ,1,15,High,1,60,42854,FSEPU,0,0,0
GJ,1,15,High,1,60,42854,MHASE,0,0,0
GJ,1,15,High,1,60,42854,PACL,1,1,0
GJ,1,15,High,2,120,42904,FHASE,0,0,0
GJ,1,15,High,2,120,42904,FSEPU,0,0,0
GJ,1,15,High,2,120,42904,MHASE,0,0,0
GJ,1,15,High,2,120,42904,PACL,0,0,0
GJ,1,15,High,3,180,42964,FHASE,0,0,0
GJ,1,15,High,3,180,42964,FSEPU,0,0,0
GJ,1,15,High,3,180,42964,MHASE,0,0,0
GJ,1,15,High,3,180,42964,PACL,0,0,0
GJ,1,18,High,1,60,32680,FHASE,0,0,0
GJ,1,18,High,1,60,32680,FSEPU,0,0,0
GJ,1,18,High,1,60,32680,MHASE,0,0,0
GJ,1,18,High,1,60,32680,PACL,0,0,0
GJ,1,18,High,2,120,32740,FHASE,0,0,0
GJ,1,18,High,2,120,32740,FSEPU,1,0,1
GJ,1,18,High,2,120,32740,MHASE,0,0,0
GJ,1,18,High,2,120,32740,PACL,0,0,0
GJ,2,15,High,1,60,44107,FHASE,0,0,0
GJ,2,15,High,1,60,44107,FSEPU,0,0,0
GJ,2,15,High,1,60,44107,MHASE,0,0,0
GJ,2,15,High,1,60,44107,PACL,0,0,0
GJ,2,15,High,2,120,44167,FHASE,0,0,0
GJ,2,15,High,2,120,44167,FSEPU,0,0,0
GJ,2,15,High,2,120,44167,MHASE,0,0,0
GJ,2,15,High,2,120,44167,PACL,0,0,0
GJ,2,15,High,3,180,44237,FHASE,0,0,0
GJ,2,15,High,3,180,44237,FSEPU,0,0,0
GJ,2,15,High,3,180,44237,MHASE,0,0,0
GJ,2,15,High,3,180,44237,PACL,0,0,0
GJ,2,15,High,4,240,44297,FHASE,0,0,0
GJ,2,15,High,4,240,44297,FSEPU,0,0,0
GJ,2,15,High,4,240,44297,MHASE,0,0,0
GJ,2,15,High,4,240,44297,PACL,0,0,0
GJ,2,15,High,5,300,44357,FHASE,0,0,0
GJ,2,15,High,5,300,44357,FSEPU,0,0,0
GJ,2,15,High,5,300,44357,MHASE,0,0,0
GJ,2,15,High,5,300,44357,PACL,0,0,0
GJ,2,15,High,6,360,44417,FHASE,0,0,0
GJ,2,15,High,6,360,44417,FSEPU,0,0,0
GJ,2,15,High,6,360,44417,MHASE,0,0,0
GJ,2,15,High,6,360,44417,PACL,0,0,0
GJ,2,15,High,7,420,44477,FHASE,0,0,0
GJ,2,15,High,7,420,44477,FSEPU,0,0,0
GJ,2,15,High,7,420,44477,MHASE,0,0,0
GJ,2,15,High,7,420,44477,PACL,0,0,0
GJ,2,15,High,8,480,44537,FHASE,0,0,0
GJ,2,15,High,8,480,44537,FSEPU,0,0,0
GJ,2,15,High,8,480,44537,MHASE,0,0,0
GJ,2,15,High,8,480,44537,PACL,0,0,0
GJ,2,15,High,9,540,44597,FHASE,0,0,0
GJ,2,15,High,9,540,44597,FSEPU,0,0,0
GJ,2,15,High,9,540,44597,MHASE,0,0,0
GJ,2,15,High,9,540,44597,PACL,0,0,0
GJ,2,17,High,1,60,34255,FHASE,0,0,0
GJ,2,17,High,1,60,34255,FSEPU,0,0,0
GJ,2,17,High,1,60,34255,MHASE,0,0,0
GJ,2,17,High,1,60,34255,PACL,0,0,0
GJ,2,17,High,2,120,34315,FHASE,0,0,0
GJ,2,17,High,2,120,34315,FSEPU,0,0,0
GJ,2,17,High,2,120,34315,MHASE,0,0,0
GJ,2,17,High,2,120,34315,PACL,1,0,1
GJ,2,17,High,3,180,34375,FHASE,0,0,0
GJ,2,17,High,3,180,34375,FSEPU,0,0,0
GJ,2,17,High,3,180,34375,MHASE,0,0,0
GJ,2,17,High,3,180,34375,PACL,0,0,0
GJ,2,17,High,4,240,34435,FHASE,0,0,0
GJ,2,17,High,4,240,34435,FSEPU,0,0,0
GJ,2,17,High,4,240,34435,MHASE,0,0,0
GJ,2,17,High,4,240,34435,PACL,0,0,0
GJ,2,17,High,5,300,34495,FHASE,1,0,0
GJ,2,17,High,5,300,34495,FSEPU,0,0,0
GJ,2,17,High,5,300,34495,MHASE,1,0,0
GJ,2,17,High,5,300,34495,PACL,0,0,0
GJ,3,10,High,1,60,35639,FHASE,0,0,0
GJ,3,10,High,1,60,35639,FSEPU,0,0,0
GJ,3,10,High,1,60,35639,MHASE,1,0,0
GJ,3,10,High,1,60,35639,PACL,0,0,0
GJ,3,10,High,2,120,35699,FHASE,1,0,0
GJ,3,10,High,2,120,35699,FSEPU,0,0,0
GJ,3,10,High,2,120,35699,MHASE,1,0,0
GJ,3,10,High,2,120,35699,PACL,0,0,0
GJ,3,10,High,3,180,35759,FHASE,1,0,0
GJ,3,10,High,3,180,35759,FSEPU,0,0,0
GJ,3,10,High,3,180,35759,MHASE,0,0,0
GJ,3,10,High,3,180,35759,PACL,0,0,0
GJ,3,10,High,4,240,35819,FHASE,0,0,0
GJ,3,10,High,4,240,35819,FSEPU,0,0,0
GJ,3,10,High,4,240,35819,MHASE,1,0,0
GJ,3,10,High,4,240,35819,PACL,0,0,0
GJ,3,10,High,5,300,35879,FHASE,0,0,0
GJ,3,10,High,5,300,35879,FSEPU,1,0,1
GJ,3,10,High,5,300,35879,MHASE,0,0,0
GJ,3,10,High,5,300,35879,PACL,0,0,0
GJ,3,14,High,1,60,25359,FHASE,0,0,0
GJ,3,14,High,1,60,25359,FSEPU,1,1,0
GJ,3,14,High,1,60,25359,MHASE,0,0,0
GJ,3,14,High,1,60,25359,PACL,0,0,0
GJ,3,14,High,2,120,25419,FHASE,0,0,0
GJ,3,14,High,2,120,25419,FSEPU,0,0,0
GJ,3,14,High,2,120,25419,MHASE,0,0,0
GJ,3,14,High,2,120,25419,PACL,0,0,0
GJ,3,14,High,3,180,25479,FHASE,0,0,0
GJ,3,14,High,3,180,25479,FSEPU,0,0,0
GJ,3,14,High,3,180,25479,MHASE,0,0,0
GJ,3,14,High,3,180,25479,PACL,0,0,0
GJ,3,14,High,4,240,25539,FHASE,0,0,0
GJ,3,14,High,4,240,25539,FSEPU,0,0,0
GJ,3,14,High,4,240,25539,MHASE,0,0,0
GJ,3,14,High,4,240,25539,PACL,0,0,0
GJ,3,17,High,1,60,14693,FHASE,0,0,0
GJ,3,17,High,1,60,14693,FSEPU,0,0,0
GJ,3,17,High,1,60,14693,MHASE,0,0,0
GJ,3,17,High,1,60,14693,PACL,1,0,1
GJ,3,17,High,2,120,14753,FHASE,0,0,0
GJ,3,17,High,2,120,14753,FSEPU,0,0,0
GJ,3,17,High,2,120,14753,MHASE,0,0,0
GJ,3,17,High,2,120,14753,PACL,0,0,0
GJ,3,17,High,3,180,14803,FHASE,0,0,0
GJ,3,17,High,3,180,14803,FSEPU,1,0,0
GJ,3,17,High,3,180,14803,MHASE,0,0,0
GJ,3,17,High,3,180,14803,PACL,1,0,0
GJ,3,17,High,4,240,14863,FHASE,0,0,0
GJ,3,17,High,4,240,14863,FSEPU,0,0,0
GJ,3,17,High,4,240,14863,MHASE,0,0,0
GJ,3,17,High,4,240,14863,PACL,0,0,0
GJ,3,17,High,5,300,14923,FHASE,0,0,0
GJ,3,17,High,5,300,14923,FSEPU,0,0,0
GJ,3,17,High,5,300,14923,MHASE,0,0,0
GJ,3,17,High,5,300,14923,PACL,0,0,0
GJ,3,17,High,6,360,14983,FHASE,0,0,0
GJ,3,17,High,6,360,14983,FSEPU,0,0,0
GJ,3,17,High,6,360,14983,MHASE,0,0,0
GJ,3,17,High,6,360,14983,PACL,1,0,1
GJ,3,17,High,7,420,15043,FHASE,0,0,0
GJ,3,17,High,7,420,15043,FSEPU,1,1,0
GJ,3,17,High,7,420,15043,MHASE,0,0,0
GJ,3,17,High,7,420,15043,PACL,1,1,0
GJ,3,17,High,8,480,15103,FHASE,0,0,0
GJ,3,17,High,8,480,15103,FSEPU,0,0,0
GJ,3,17,High,8,480,15103,MHASE,0,0,0
GJ,3,17,High,8,480,15103,PACL,0,0,0
GJ,3,17,High,9,540,15163,FHASE,0,0,0
GJ,3,17,High,9,540,15163,FSEPU,0,0,0
GJ,3,17,High,9,540,15163,MHASE,0,0,0
GJ,3,17,High,9,540,15163,PACL,1,0,1
GJ,3,17,High,10,600,15223,FHASE,0,0,0
GJ,3,17,High,10,600,15223,FSEPU,0,0,0
GJ,3,17,High,10,600,15223,MHASE,1,1,0
GJ,3,17,High,10,600,15223,PACL,1,0,0
GJ,3,17,High,11,660,15283,FHASE,0,0,0
GJ,3,17,High,11,660,15283,FSEPU,1,0,0
GJ,3,17,High,11,660,15283,MHASE,0,0,0
GJ,3,17,High,11,660,15283,PACL,0,0,0
MB,2,9,High,1,60,23017,FHASE,0,0,0
MB,2,9,High,1,60,23017,FSEPU,0,0,0
MB,2,9,High,1,60,23017,MHASE,0,0,0
MB,2,9,High,1,60,23017,PACL,0,0,0
MB,2,9,High,2,120,23077,FHASE,0,0,0
MB,2,9,High,2,120,23077,FSEPU,0,0,0
MB,2,9,High,2,120,23077,MHASE,0,0,0
MB,2,9,High,2,120,23077,PACL,0,0,0
MB,2,9,High,3,180,23137,FHASE,0,0,0
MB,2,9,High,3,180,23137,FSEPU,0,0,0
MB,2,9,High,3,180,23137,MHASE,0,0,0
MB,2,9,High,3,180,23137,PACL,0,0,0
MB,2,9,High,4,240,23197,FHASE,0,0,0
MB,2,9,High,4,240,23197,FSEPU,0,0,0
MB,2,9,High,4,240,23197,MHASE,0,0,0
MB,2,9,High,4,240,23197,PACL,0,0,0
MB,2,9,High,5,300,23257,FHASE,0,0,0
MB,2,9,High,5,300,23257,FSEPU,0,0,0
MB,2,9,High,5,300,23257,MHASE,0,0,0
MB,2,9,High,5,300,23257,PACL,0,0,0
MB,2,9,High,6,360,23317,FHASE,0,0,0
MB,2,9,High,6,360,23317,FSEPU,0,0,0
MB,2,9,High,6,360,23317,MHASE,0,0,0
MB,2,9,High,6,360,23317,PACL,0,0,0
MB,2,9,High,7,420,23377,FHASE,0,0,0
MB,2,9,High,7,420,23377,FSEPU,0,0,0
MB,2,9,High,7,420,23377,MHASE,0,0,0
MB,2,9,High,7,420,23377,PACL,0,0,0
MB,2,9,High,8,480,23437,FHASE,0,0,0
MB,2,9,High,8,480,23437,FSEPU,0,0,0
MB,2,9,High,8,480,23437,MHASE,0,0,0
MB,2,9,High,8,480,23437,PACL,0,0,0
MB,2,11,High,1,60,12045,FHASE,0,0,0
MB,2,11,High,1,60,12045,FSEPU,0,0,0
MB,2,11,High,1,60,12045,MHASE,0,0,0
MB,2,11,High,1,60,12045,PACL,0,0,0
MB,2,11,High,2,120,12105,FHASE,0,0,0
MB,2,11,High,2,120,12105,FSEPU,0,0,0
MB,2,11,High,2,120,12105,MHASE,1,0,0
MB,2,11,High,2,120,12105,PACL,0,0,0
MB,2,11,High,3,180,12165,FHASE,0,0,0
MB,2,11,High,3,180,12165,FSEPU,0,0,0
MB,2,11,High,3,180,12165,MHASE,0,0,0
MB,2,11,High,3,180,12165,PACL,0,0,0
MB,2,11,High,4,240,12225,FHASE,1,1,0
MB,2,11,High,4,240,12225,FSEPU,0,0,0
MB,2,11,High,4,240,12225,MHASE,0,0,0
MB,2,11,High,4,240,12225,PACL,0,0,0
TG,2,3,High,1,60,11968,FHASE,1,0,0
TG,2,3,High,1,60,11968,FSEPU,1,0,0
TG,2,3,High,1,60,11968,MHASE,0,0,0
TG,2,3,High,1,60,11968,PACL,0,0,0
TG,2,3,High,2,120,12028,FHASE,1,0,0
TG,2,3,High,2,120,12028,FSEPU,1,0,0
TG,2,3,High,2,120,12028,MHASE,1,0,0
TG,2,3,High,2,120,12028,PACL,0,0,0
TG,2,3,High,3,180,12088,FHASE,1,0,0
TG,2,3,High,3,180,12088,FSEPU,0,0,0
TG,2,3,High,3,180,12088,MHASE,0,0,0
TG,2,3,High,3,180,12088,PACL,0,0,0
TG,2,3,High,4,240,12148,FHASE,1,1,0
TG,2,3,High,4,240,12148,FSEPU,0,0,0
TG,2,3,High,4,240,12148,MHASE,0,0,0
TG,2,3,High,4,240,12148,PACL,0,0,0
TG,2,3,High,5,300,12208,FHASE,0,0,0
TG,2,3,High,5,300,12208,FSEPU,1,0,0
TG,2,3,High,5,300,12208,MHASE,1,0,0
TG,2,3,High,5,300,12208,PACL,0,0,0
TG,2,3,High,6,360,12268,FHASE,0,0,0
TG,2,3,High,6,360,12268,FSEPU,1,0,0
TG,2,3,High,6,360,12268,MHASE,0,0,0
TG,2,3,High,6,360,12268,PACL,0,0,0
TG,2,5,High,1,60,43493,FHASE,0,0,0
TG,2,5,High,1,60,43493,FSEPU,0,0,0
TG,2,5,High,1,60,43493,MHASE,0,0,0
TG,2,5,High,1,60,43493,PACL,1,1,0
TG,2,5,High,2,120,43553,FHASE,0,0,0
TG,2,5,High,2,120,43553,FSEPU,1,0,0
TG,2,5,High,2,120,43553,MHASE,0,0,0
TG,2,5,High,2,120,43553,PACL,0,0,0
TG,2,5,High,3,180,43613,FHASE,0,0,0
TG,2,5,High,3,180,43613,FSEPU,1,0,0
TG,2,5,High,3,180,43613,MHASE,0,0,0
TG,2,5,High,3,180,43613,PACL,1,1,0
TG,2,5,High,4,240,43673,FHASE,0,0,0
TG,2,5,High,4,240,43673,FSEPU,1,0,0
TG,2,5,High,4,240,43673,MHASE,0,0,0
TG,2,5,High,4,240,43673,PACL,1,1,0
TG,2,5,High,5,300,43733,FHASE,1,0,0
TG,2,5,High,5,300,43733,FSEPU,0,0,0
TG,2,5,High,5,300,43733,MHASE,1,0,0
TG,2,5,High,5,300,43733,PACL,1,0,0
TG,2,5,High,6,360,43793,FHASE,1,0,0
TG,2,5,High,6,360,43793,FSEPU,1,0,0
TG,2,5,High,6,360,43793,MHASE,0,0,0
TG,2,5,High,6,360,43793,PACL,0,0,0
GJ,5,4,Low,2,60,22919,PACL,1,0,0
GJ,5,4,Low,2,60,22919,PACL,1,0,0
GJ,5,4,Low,2,60,22919,FHASE,1,0,0
GJ,5,4,Low,2,60,22919,FHASE,1,0,0
GJ,5,4,Low,2,60,22919,FSEPU,0,0,0
GJ,5,4,Low,2,60,22919,FSEPU,0,0,0
GJ,5,4,Low,2,60,22919,MHASE,0,0,0
GJ,5,4,Low,2,60,22919,MHASE,0,0,0
GJ,5,4,Low,4,120,22979,PACL,1,0,0
GJ,5,4,Low,4,120,22979,PACL,1,0,0
GJ,5,4,Low,4,120,22979,FHASE,0,0,0
GJ,5,4,Low,4,120,22979,FHASE,0,0,0
GJ,5,4,Low,4,120,22979,FSEPU,0,0,0
GJ,5,4,Low,4,120,22979,FSEPU,0,0,0
GJ,5,4,Low,4,120,22979,MHASE,0,0,0
GJ,5,4,Low,4,120,22979,MHASE,0,0,0
GJ,5,4,Low,6,180,23039,FHASE,1,0,0
GJ,5,4,Low,6,180,23039,PACL,1,0,0
GJ,5,4,Low,6,180,23039,FSEPU,0,0,0
GJ,5,4,Low,6,180,23039,MHASE,0,0,0
GJ,5,4,Low,8,240,23099,FHASE,0,0,0
GJ,5,4,Low,8,240,23099,FSEPU,0,0,0
GJ,5,4,Low,8,240,23099,MHASE,0,0,0
GJ,5,4,Low,8,240,23099,PACL,0,0,0
GJ,5,4,Low,10,300,23159,FHASE,0,0,0
GJ,5,4,Low,10,300,23159,FSEPU,0,0,0
GJ,5,4,Low,10,300,23159,MHASE,0,0,0
GJ,5,4,Low,10,300,23159,PACL,0,0,0
GJ,5,4,Low,12,360,23219,FHASE,0,0,0
GJ,5,4,Low,12,360,23219,FSEPU,0,0,0
GJ,5,4,Low,12,360,23219,MHASE,0,0,0
GJ,5,4,Low,12,360,23219,PACL,0,0,0
GJ,5,4,Low,14,420,23279,FHASE,0,0,0
GJ,5,4,Low,14,420,23279,FSEPU,0,0,0
GJ,5,4,Low,14,420,23279,MHASE,0,0,0
GJ,5,4,Low,14,420,23279,PACL,0,0,0
GJ,5,4,Low,16,480,23339,MHASE,1,0,0
GJ,5,4,Low,16,480,23339,FHASE,0,0,0
GJ,5,4,Low,16,480,23339,FSEPU,0,0,0
GJ,5,4,Low,16,480,23339,PACL,0,0,0
GJ,5,4,Low,18,540,23399,FHASE,0,0,0
GJ,5,4,Low,18,540,23399,FSEPU,0,0,0
GJ,5,4,Low,18,540,23399,MHASE,0,0,0
GJ,5,4,Low,18,540,23399,PACL,0,0,0
GJ,5,4,Low,20,600,23459,FHASE,0,0,0
GJ,5,4,Low,20,600,23459,FSEPU,0,0,0
GJ,5,4,Low,20,600,23459,MHASE,0,0,0
GJ,5,4,Low,20,600,23459,PACL,0,0,0
GJ,5,4,Low,22,660,23519,FSEPU,1,0,0
GJ,5,4,Low,22,660,23519,FHASE,0,0,0
GJ,5,4,Low,22,660,23519,MHASE,0,0,0
GJ,5,4,Low,22,660,23519,PACL,0,0,0
GJ,5,4,Low,24,720,23579,FHASE,0,0,0
GJ,5,4,Low,24,720,23579,FSEPU,0,0,0
GJ,5,4,Low,24,720,23579,MHASE,0,0,0
GJ,5,4,Low,24,720,23579,PACL,0,0,0
GJ,5,4,Low,26,780,23639,FHASE,0,0,0
GJ,5,4,Low,26,780,23639,FSEPU,0,0,0
GJ,5,4,Low,26,780,23639,MHASE,0,0,0
GJ,5,4,Low,26,780,23639,PACL,0,0,0
GJ,5,4,Low,28,840,23699,FHASE,0,0,0
GJ,5,4,Low,28,840,23699,FSEPU,0,0,0
GJ,5,4,Low,28,840,23699,MHASE,0,0,0
GJ,5,4,Low,28,840,23699,PACL,0,0,0
GJ,5,4,Low,30,900,23759,PACL,1,0,0
GJ,5,4,Low,30,900,23759,FHASE,0,0,0
GJ,5,4,Low,30,900,23759,FSEPU,0,0,0
GJ,5,4,Low,30,900,23759,MHASE,0,0,0
GJ,5,4,Low,32,960,23819,FHASE,0,0,0
GJ,5,4,Low,32,960,23819,FSEPU,0,0,0
GJ,5,4,Low,32,960,23819,MHASE,0,0,0
GJ,5,4,Low,32,960,23819,PACL,0,0,0
GJ,5,4,Low,34,1020,23879,FHASE,0,0,0
GJ,5,4,Low,34,1020,23879,FSEPU,0,0,0
GJ,5,4,Low,34,1020,23879,MHASE,0,0,0
GJ,5,4,Low,34,1020,23879,PACL,0,0,0
GJ,5,4,Low,36,1080,23939,PACL,1,0,0
GJ,5,4,Low,36,1080,23939,FHASE,0,0,0
GJ,5,4,Low,36,1080,23939,FSEPU,0,0,0
GJ,5,4,Low,36,1080,23939,MHASE,0,0,0
GJ,5,4,Low,38,1140,23999,FHASE,0,0,0
GJ,5,4,Low,38,1140,23999,FSEPU,0,0,0
GJ,5,4,Low,38,1140,23999,MHASE,0,0,0
GJ,5,4,Low,38,1140,23999,PACL,0,0,0
GJ,5,8,Low,2,60,13129,MHASE,1,0,0
GJ,5,8,Low,2,60,13129,FHASE,0,0,0
GJ,5,8,Low,2,60,13129,FSEPU,0,0,0
GJ,5,8,Low,2,60,13129,PACL,0,0,0
GJ,5,8,Low,4,120,13189,FHASE,0,0,0
GJ,5,8,Low,4,120,13189,FSEPU,0,0,0
GJ,5,8,Low,4,120,13189,MHASE,0,0,0
GJ,5,8,Low,4,120,13189,PACL,0,0,0
GJ,5,8,Low,6,180,13249,FHASE,0,0,0
GJ,5,8,Low,6,180,13249,FSEPU,0,0,0
GJ,5,8,Low,6,180,13249,MHASE,0,0,0
GJ,5,8,Low,6,180,13249,PACL,0,0,0
GJ,5,8,Low,8,240,13309,FHASE,0,0,0
GJ,5,8,Low,8,240,13309,FSEPU,0,0,0
GJ,5,8,Low,8,240,13309,MHASE,0,0,0
GJ,5,8,Low,8,240,13309,PACL,0,0,0
GJ,5,8,Low,10,300,13369,MHASE,1,0,0
GJ,5,8,Low,10,300,13369,FHASE,0,0,0
GJ,5,8,Low,10,300,13369,FSEPU,0,0,0
GJ,5,8,Low,10,300,13369,PACL,0,0,0
GJ,5,8,Low,12,360,13429,FHASE,0,0,0
GJ,5,8,Low,12,360,13429,FSEPU,0,0,0
GJ,5,8,Low,12,360,13429,MHASE,0,0,0
GJ,5,8,Low,12,360,13429,PACL,0,0,0
GJ,5,8,Low,14,420,13489,FHASE,0,0,0
GJ,5,8,Low,14,420,13489,FSEPU,0,0,0
GJ,5,8,Low,14,420,13489,MHASE,0,0,0
GJ,5,8,Low,14,420,13489,PACL,0,0,0
GJ,5,8,Low,16,480,13549,FHASE,0,0,0
GJ,5,8,Low,16,480,13549,FSEPU,0,0,0
GJ,5,8,Low,16,480,13549,MHASE,0,0,0
GJ,5,8,Low,16,480,13549,PACL,0,0,0
GJ,5,8,Low,18,540,13609,FHASE,1,0,0
GJ,5,8,Low,18,540,13609,FSEPU,0,0,0
GJ,5,8,Low,18,540,13609,MHASE,0,0,0
GJ,5,8,Low,18,540,13609,PACL,0,0,0
GJ,5,8,Low,20,600,13669,FHASE,0,0,0
GJ,5,8,Low,20,600,13669,FSEPU,0,0,0
GJ,5,8,Low,20,600,13669,MHASE,0,0,0
GJ,5,8,Low,20,600,13669,PACL,0,0,0
GJ,5,8,Low,22,660,13819,FHASE,0,0,0
GJ,5,8,Low,22,660,13819,FSEPU,0,0,0
GJ,5,8,Low,22,660,13819,MHASE,0,0,0
GJ,5,8,Low,22,660,13819,PACL,0,0,0
GJ,5,8,Low,24,720,13879,FHASE,0,0,0
GJ,5,8,Low,24,720,13879,FSEPU,0,0,0
GJ,5,8,Low,24,720,13879,MHASE,0,0,0
GJ,5,8,Low,24,720,13879,PACL,0,0,0
GJ,5,8,Low,26,780,13969,FHASE,0,0,0
GJ,5,8,Low,26,780,13969,FSEPU,0,0,0
GJ,5,8,Low,26,780,13969,MHASE,0,0,0
GJ,5,8,Low,26,780,13969,PACL,0,0,0
GJ,5,8,Low,28,840,14029,FHASE,0,0,0
GJ,5,8,Low,28,840,14029,FSEPU,0,0,0
GJ,5,8,Low,28,840,14029,MHASE,0,0,0
GJ,5,8,Low,28,840,14029,PACL,0,0,0
GJ,5,8,Low,30,900,14089,FHASE,0,0,0
GJ,5,8,Low,30,900,14089,FSEPU,0,0,0
GJ,5,8,Low,30,900,14089,MHASE,0,0,0
GJ,5,8,Low,30,900,14089,PACL,0,0,0
GJ,5,8,Low,32,960,14149,FHASE,0,0,0
GJ,5,8,Low,32,960,14149,FSEPU,0,0,0
GJ,5,8,Low,32,960,14149,MHASE,0,0,0
GJ,5,8,Low,32,960,14149,PACL,0,0,0
GJ,5,8,Low,34,1020,14209,FHASE,0,0,0
GJ,5,8,Low,34,1020,14209,FSEPU,0,0,0
GJ,5,8,Low,34,1020,14209,MHASE,0,0,0
GJ,5,8,Low,34,1020,14209,PACL,0,0,0
GJ,5,8,Low,36,1080,14269,FHASE,0,0,0
GJ,5,8,Low,36,1080,14269,FSEPU,0,0,0
GJ,5,8,Low,36,1080,14269,MHASE,0,0,0
GJ,5,8,Low,36,1080,14269,PACL,0,0,0
GJ,5,8,Low,38,1140,14329,FHASE,0,0,0
GJ,5,8,Low,38,1140,14329,FSEPU,0,0,0
GJ,5,8,Low,38,1140,14329,MHASE,0,0,0
GJ,5,8,Low,38,1140,14329,PACL,0,0,0
GJ,5,11,Low,2,60,19621,FHASE,0,0,0
GJ,5,11,Low,2,60,19621,FSEPU,0,0,0
GJ,5,11,Low,2,60,19621,MHASE,0,0,0
GJ,5,11,Low,2,60,19621,PACL,0,0,0
GJ,5,11,Low,4,120,19681,MHASE,1,0,0
GJ,5,11,Low,4,120,19681,PACL,1,0,0
GJ,5,11,Low,4,120,19681,FSEPU,1,0,0
GJ,5,11,Low,4,120,19681,FHASE,0,0,0
GJ,5,11,Low,6,180,19741,FHASE,0,0,0
GJ,5,11,Low,6,180,19741,FSEPU,0,0,0
GJ,5,11,Low,6,180,19741,MHASE,0,0,0
GJ,5,11,Low,6,180,19741,PACL,0,0,0
GJ,5,11,Low,8,240,19801,FHASE,0,0,0
GJ,5,11,Low,8,240,19801,FSEPU,0,0,0
GJ,5,11,Low,8,240,19801,MHASE,0,0,0
GJ,5,11,Low,8,240,19801,PACL,0,0,0
GJ,5,11,Low,10,300,19861,FSEPU,1,0,0
GJ,5,11,Low,10,300,19861,PACL,1,0,0
GJ,5,11,Low,10,300,19861,MHASE,1,0,0
GJ,5,11,Low,10,300,19861,FHASE,0,0,0
GJ,5,11,Low,12,360,19921,MHASE,1,0,0
GJ,5,11,Low,12,360,19921,FHASE,0,0,0
GJ,5,11,Low,12,360,19921,FSEPU,0,0,0
GJ,5,11,Low,12,360,19921,PACL,0,0,0
GJ,5,11,Low,14,420,19981,FHASE,0,0,0
GJ,5,11,Low,14,420,19981,FSEPU,0,0,0
GJ,5,11,Low,14,420,19981,MHASE,0,0,0
GJ,5,11,Low,14,420,19981,PACL,0,0,0
GJ,5,11,Low,16,480,20041,PACL,1,0,0
GJ,5,11,Low,16,480,20041,FHASE,0,0,0
GJ,5,11,Low,16,480,20041,FSEPU,0,0,0
GJ,5,11,Low,16,480,20041,MHASE,0,0,0
GJ,5,11,Low,18,540,20101,MHASE,1,0,0
GJ,5,11,Low,18,540,20101,FHASE,0,0,0
GJ,5,11,Low,18,540,20101,FSEPU,0,0,0
GJ,5,11,Low,18,540,20101,PACL,0,0,0
GJ,5,11,Low,20,600,20161,FHASE,0,0,0
GJ,5,11,Low,20,600,20161,FSEPU,0,0,0
GJ,5,11,Low,20,600,20161,MHASE,0,0,0
GJ,5,11,Low,20,600,20161,PACL,0,0,0
GJ,5,11,Low,22,660,20221,PACL,1,0,0
GJ,5,11,Low,22,660,20221,FHASE,0,0,0
GJ,5,11,Low,22,660,20221,FSEPU,0,0,0
GJ,5,11,Low,22,660,20221,MHASE,0,0,0
GJ,5,11,Low,24,720,20281,MHASE,1,0,0
GJ,5,11,Low,24,720,20281,FHASE,0,0,0
GJ,5,11,Low,24,720,20281,FSEPU,0,0,0
GJ,5,11,Low,24,720,20281,PACL,0,0,0
GJ,5,11,Low,26,780,20341,FHASE,1,0,0
GJ,5,11,Low,26,780,20341,FSEPU,0,0,0
GJ,5,11,Low,26,780,20341,MHASE,0,0,0
GJ,5,11,Low,26,780,20341,PACL,0,0,0
GJ,5,11,Low,28,840,20401,FSEPU,1,0,0
GJ,5,11,Low,28,840,20401,FHASE,0,0,0
GJ,5,11,Low,28,840,20401,MHASE,0,0,0
GJ,5,11,Low,28,840,20401,PACL,0,0,0
GJ,5,11,Low,30,900,20471,FSEPU,1,0,0
GJ,5,11,Low,30,900,20471,PACL,1,0,0
GJ,5,11,Low,30,900,20471,FHASE,0,0,0
GJ,5,11,Low,30,900,20471,MHASE,0,0,0
GJ,5,11,Low,32,960,20531,FHASE,0,0,0
GJ,5,11,Low,32,960,20531,FSEPU,0,0,0
GJ,5,11,Low,32,960,20531,MHASE,0,0,0
GJ,5,11,Low,32,960,20531,PACL,0,0,0
GJ,5,11,Low,34,1020,20591,FHASE,0,0,0
GJ,5,11,Low,34,1020,20591,FSEPU,0,0,0
GJ,5,11,Low,34,1020,20591,MHASE,0,0,0
GJ,5,11,Low,34,1020,20591,PACL,0,0,0
GJ,5,11,Low,36,1080,20651,FHASE,0,0,0
GJ,5,11,Low,36,1080,20651,FSEPU,0,0,0
GJ,5,11,Low,36,1080,20651,MHASE,0,0,0
GJ,5,11,Low,36,1080,20651,PACL,0,0,0
GJ,5,13,Low,2,60,19052,FHASE,0,0,0
GJ,5,13,Low,2,60,19052,FSEPU,0,0,0
GJ,5,13,Low,2,60,19052,MHASE,0,0,0
GJ,5,13,Low,2,60,19052,PACL,0,0,0
GJ,5,13,Low,4,120,19112,FHASE,0,0,0
GJ,5,13,Low,4,120,19112,FSEPU,0,0,0
GJ,5,13,Low,4,120,19112,MHASE,0,0,0
GJ,5,13,Low,4,120,19112,PACL,0,0,0
GJ,5,13,Low,6,180,19172,FHASE,0,0,0
GJ,5,13,Low,6,180,19172,FSEPU,0,0,0
GJ,5,13,Low,6,180,19172,MHASE,0,0,0
GJ,5,13,Low,6,180,19172,PACL,0,0,0
GJ,5,13,Low,8,240,19232,FSEPU,1,0,0
GJ,5,13,Low,8,240,19232,FHASE,0,0,0
GJ,5,13,Low,8,240,19232,MHASE,0,0,0
GJ,5,13,Low,8,240,19232,PACL,0,0,0
GJ,5,13,Low,10,300,19292,FHASE,0,0,0
GJ,5,13,Low,10,300,19292,FSEPU,0,0,0
GJ,5,13,Low,10,300,19292,MHASE,0,0,0
GJ,5,13,Low,10,300,19292,PACL,0,0,0
GJ,5,13,Low,12,360,19352,FHASE,0,0,0
GJ,5,13,Low,12,360,19352,FSEPU,0,0,0
GJ,5,13,Low,12,360,19352,MHASE,0,0,0
GJ,5,13,Low,12,360,19352,PACL,0,0,0
GJ,5,13,Low,14,420,19412,FHASE,0,0,0
GJ,5,13,Low,14,420,19412,FSEPU,0,0,0
GJ,5,13,Low,14,420,19412,MHASE,0,0,0
GJ,5,13,Low,14,420,19412,PACL,0,0,0
GJ,5,13,Low,16,480,19472,MHASE,1,0,0
GJ,5,13,Low,16,480,19472,FHASE,0,0,0
GJ,5,13,Low,16,480,19472,FSEPU,0,0,0
GJ,5,13,Low,16,480,19472,PACL,0,0,0
GJ,5,13,Low,18,540,19532,FHASE,0,0,0
GJ,5,13,Low,18,540,19532,FSEPU,0,0,0
GJ,5,13,Low,18,540,19532,MHASE,0,0,0
GJ,5,13,Low,18,540,19532,PACL,0,0,0
GJ,5,13,Low,20,600,19592,PACL,1,0,0
GJ,5,13,Low,20,600,19592,FHASE,0,0,0
GJ,5,13,Low,20,600,19592,FSEPU,0,0,0
GJ,5,13,Low,20,600,19592,MHASE,0,0,0
GJ,5,13,Low,22,660,19652,PACL,1,0,0
GJ,5,13,Low,22,660,19652,FHASE,0,0,0
GJ,5,13,Low,22,660,19652,FSEPU,0,0,0
GJ,5,13,Low,22,660,19652,MHASE,0,0,0
GJ,5,13,Low,24,720,19712,FHASE,0,0,0
GJ,5,13,Low,24,720,19712,FSEPU,0,0,0
GJ,5,13,Low,24,720,19712,MHASE,0,0,0
GJ,5,13,Low,24,720,19712,PACL,0,0,0
GJ,5,13,Low,26,780,19772,FHASE,0,0,0
GJ,5,13,Low,26,780,19772,FSEPU,0,0,0
GJ,5,13,Low,26,780,19772,MHASE,0,0,0
GJ,5,13,Low,26,780,19772,PACL,0,0,0
GJ,5,13,Low,28,840,19832,MHASE,1,0,0
GJ,5,13,Low,28,840,19832,FHASE,0,0,0
GJ,5,13,Low,28,840,19832,FSEPU,0,0,0
GJ,5,13,Low,28,840,19832,PACL,0,0,0
GJ,5,13,Low,30,900,19892,FHASE,0,0,0
GJ,5,13,Low,30,900,19892,FSEPU,0,0,0
GJ,5,13,Low,30,900,19892,MHASE,0,0,0
GJ,5,13,Low,30,900,19892,PACL,0,0,0
GJ,5,13,Low,32,960,19952,FHASE,0,0,0
GJ,5,13,Low,32,960,19952,FSEPU,0,0,0
GJ,5,13,Low,32,960,19952,MHASE,0,0,0
GJ,5,13,Low,32,960,19952,PACL,0,0,0
MB,5,17,Low,2,60,17604,FHASE,0,0,0
MB,5,17,Low,2,60,17604,FSEPU,0,0,0
MB,5,17,Low,2,60,17604,MHASE,0,0,0
MB,5,17,Low,2,60,17604,PACL,0,0,0
MB,5,17,Low,4,120,17664,FHASE,0,0,0
MB,5,17,Low,4,120,17664,FSEPU,0,0,0
MB,5,17,Low,4,120,17664,MHASE,0,0,0
MB,5,17,Low,4,120,17664,PACL,0,0,0
MB,5,17,Low,6,180,17724,FHASE,0,0,0
MB,5,17,Low,6,180,17724,FSEPU,0,0,0
MB,5,17,Low,6,180,17724,MHASE,0,0,0
MB,5,17,Low,6,180,17724,PACL,0,0,0
MB,5,17,Low,8,240,17784,FHASE,0,0,0
MB,5,17,Low,8,240,17784,FSEPU,0,0,0
MB,5,17,Low,8,240,17784,MHASE,0,0,0
MB,5,17,Low,8,240,17784,PACL,0,0,0
MB,5,17,Low,8,480,18025,FHASE,0,0,0
MB,5,17,Low,8,480,18025,FSEPU,0,0,0
MB,5,17,Low,8,480,18025,MHASE,0,0,0
MB,5,17,Low,8,480,18025,PACL,0,0,0
MB,5,17,Low,9,540,18085,FHASE,0,0,0
MB,5,17,Low,9,540,18085,FSEPU,0,0,0
MB,5,17,Low,9,540,18085,MHASE,0,0,0
MB,5,17,Low,9,540,18085,PACL,0,0,0
MB,5,17,Low,10,300,17844,FHASE,0,0,0
MB,5,17,Low,10,300,17844,FSEPU,0,0,0
MB,5,17,Low,10,300,17844,MHASE,0,0,0
MB,5,17,Low,10,300,17844,PACL,0,0,0
MB,5,17,Low,10,600,18145,FHASE,0,0,0
MB,5,17,Low,10,600,18145,FSEPU,0,0,0
MB,5,17,Low,10,600,18145,MHASE,0,0,0
MB,5,17,Low,10,600,18145,PACL,0,0,0
MB,5,17,Low,11,660,18205,FHASE,0,0,0
MB,5,17,Low,11,660,18205,FSEPU,0,0,0
MB,5,17,Low,11,660,18205,MHASE,0,0,0
MB,5,17,Low,11,660,18205,PACL,0,0,0
MB,5,17,Low,12,360,17904,FHASE,0,0,0
MB,5,17,Low,12,360,17904,FSEPU,0,0,0
MB,5,17,Low,12,360,17904,MHASE,0,0,0
MB,5,17,Low,12,360,17904,PACL,0,0,0
MB,5,17,Low,12,720,18265,FHASE,0,0,0
MB,5,17,Low,12,720,18265,FSEPU,0,0,0
MB,5,17,Low,12,720,18265,MHASE,0,0,0
MB,5,17,Low,12,720,18265,PACL,0,0,0
MB,5,17,Low,13,780,18325,FHASE,0,0,0
MB,5,17,Low,13,780,18325,FSEPU,0,0,0
MB,5,17,Low,13,780,18325,MHASE,0,0,0
MB,5,17,Low,13,780,18325,PACL,0,0,0
MB,5,17,Low,14,420,17964,FHASE,0,0,0
MB,5,17,Low,14,420,17964,FSEPU,0,0,0
MB,5,17,Low,14,420,17964,MHASE,0,0,0
MB,5,17,Low,14,420,17964,PACL,0,0,0
TG,4,15,Low,2,60,15983,PACL,1,0,0
TG,4,15,Low,2,60,15983,FSEPU,1,0,0
TG,4,15,Low,2,60,15983,FHASE,0,0,0
TG,4,15,Low,2,60,15983,MHASE,0,0,0
TG,4,15,Low,4,120,16043,PACL,1,0,0
TG,4,15,Low,4,120,16043,FHASE,0,0,0
TG,4,15,Low,4,120,16043,FSEPU,0,0,0
TG,4,15,Low,4,120,16043,MHASE,0,0,0
TG,4,15,Low,6,180,16103,PACL,1,0,0
TG,4,15,Low,6,180,16103,FHASE,0,0,0
TG,4,15,Low,6,180,16103,FSEPU,0,0,0
TG,4,15,Low,6,180,16103,MHASE,0,0,0
TG,4,15,Low,8,240,16163,FHASE,0,0,0
TG,4,15,Low,8,240,16163,FSEPU,0,0,0
TG,4,15,Low,8,240,16163,MHASE,0,0,0
TG,4,15,Low,8,240,16163,PACL,0,0,0
TG,4,15,Low,10,300,16223,PACL,1,0,0
TG,4,15,Low,10,300,16223,FHASE,0,0,0
TG,4,15,Low,10,300,16223,FSEPU,0,0,0
TG,4,15,Low,10,300,16223,MHASE,0,0,0
TG,4,15,Low,12,360,16283,FHASE,1,0,0
TG,4,15,Low,12,360,16283,MHASE,1,0,0
TG,4,15,Low,12,360,16283,FSEPU,0,0,0
TG,4,15,Low,12,360,16283,PACL,0,0,0
TG,4,15,Low,14,420,16343,PACL,1,0,0
TG,4,15,Low,14,420,16343,FHASE,1,0,0
TG,4,15,Low,14,420,16343,FSEPU,0,0,0
TG,4,15,Low,14,420,16343,MHASE,0,0,0
TG,4,15,Low,16,480,16403,PACL,1,0,0
TG,4,15,Low,16,480,16403,FHASE,0,0,0
TG,4,15,Low,16,480,16403,FSEPU,0,0,0
TG,4,15,Low,16,480,16403,MHASE,0,0,0
TG,4,15,Low,18,540,16463,FHASE,0,0,0
TG,4,15,Low,18,540,16463,FSEPU,0,0,0
TG,4,15,Low,18,540,16463,MHASE,0,0,0
TG,4,15,Low,18,540,16463,PACL,0,0,0
TG,4,15,Low,20,600,16523,PACL,1,0,0
TG,4,15,Low,20,600,16523,MHASE,1,0,0
TG,4,15,Low,20,600,16523,FHASE,0,0,0
TG,4,15,Low,20,600,16523,FSEPU,0,0,0
TG,4,15,Low,22,660,16583,MHASE,1,0,0
TG,4,15,Low,22,660,16583,FHASE,0,0,0
TG,4,15,Low,22,660,16583,FSEPU,0,0,0
TG,4,15,Low,22,660,16583,PACL,0,0,0
TG,4,15,Low,24,720,16643,FHASE,0,0,0
TG,4,15,Low,24,720,16643,FSEPU,0,0,0
TG,4,15,Low,24,720,16643,MHASE,0,0,0
TG,4,15,Low,24,720,16643,PACL,0,0,0
TG,4,15,Low,26,780,16703,FHASE,0,0,0
TG,4,15,Low,26,780,16703,FSEPU,0,0,0
TG,4,15,Low,26,780,16703,MHASE,0,0,0
TG,4,15,Low,26,780,16703,PACL,0,0,0
TG,4,15,Low,28,840,16763,FHASE,0,0,0
TG,4,15,Low,28,840,16763,FSEPU,0,0,0
TG,4,15,Low,28,840,16763,MHASE,0,0,0
TG,4,15,Low,28,840,16763,PACL,0,0,0
TG,4,15,Low,30,900,16823,FHASE,0,0,0
TG,4,15,Low,30,900,16823,FSEPU,0,0,0
TG,4,15,Low,30,900,16823,MHASE,0,0,0
TG,4,15,Low,30,900,16823,PACL,0,0,0
TG,4,15,Low,32,960,16883,FHASE,0,0,0
TG,4,15,Low,32,960,16883,FSEPU,0,0,0
TG,4,15,Low,32,960,16883,MHASE,0,0,0
TG,4,15,Low,32,960,16883,PACL,0,0,0
TG,4,15,Low,34,1020,16943,FHASE,0,0,0
TG,4,15,Low,34,1020,16943,FSEPU,0,0,0
TG,4,15,Low,34,1020,16943,MHASE,0,0,0
TG,4,15,Low,34,1020,16943,PACL,0,0,0
TG,4,15,Low,36,1080,17003,FHASE,0,0,0
TG,4,15,Low,36,1080,17003,FSEPU,0,0,0
TG,4,15,Low,36,1080,17003,MHASE,0,0,0
TG,4,15,Low,36,1080,17003,PACL,0,0,0
GJ,1,1,Low,1,60,22521,FHASE,0,0,0
GJ,1,1,Low,1,60,22521,FSEPU,0,0,0
GJ,1,1,Low,1,60,22521,MHASE,0,0,0
GJ,1,1,Low,1,60,22521,PACL,0,0,0
GJ,1,1,Low,2,120,22581,FHASE,0,0,0
GJ,1,1,Low,2,120,22581,FSEPU,0,0,0
GJ,1,1,Low,2,120,22581,MHASE,0,0,0
GJ,1,1,Low,2,120,22581,PACL,0,0,0
GJ,1,3,Low,1,60,20793,FHASE,0,0,0
GJ,1,3,Low,1,60,20793,FSEPU,0,0,0
GJ,1,3,Low,1,60,20793,MHASE,0,0,0
GJ,1,3,Low,1,60,20793,PACL,0,0,0
GJ,1,3,Low,2,120,20853,FHASE,0,0,0
GJ,1,3,Low,2,120,20853,FSEPU,0,0,0
GJ,1,3,Low,2,120,20853,MHASE,0,0,0
GJ,1,3,Low,2,120,20853,PACL,0,0,0
GJ,1,8,Low,1,60,11956,FHASE,0,0,0
GJ,1,8,Low,1,60,11956,FSEPU,0,0,0
GJ,1,8,Low,1,60,11956,MHASE,0,0,0
GJ,1,8,Low,1,60,11956,PACL,0,0,0
GJ,1,8,Low,2,120,12016,FHASE,0,0,0
GJ,1,8,Low,2,120,12016,FSEPU,0,0,0
GJ,1,8,Low,2,120,12016,MHASE,0,0,0
GJ,1,8,Low,2,120,12016,PACL,0,0,0
GJ,1,8,Low,3,180,12076,FHASE,0,0,0
GJ,1,8,Low,3,180,12076,FSEPU,0,0,0
GJ,1,8,Low,3,180,12076,MHASE,0,0,0
GJ,1,8,Low,3,180,12076,PACL,0,0,0
GJ,1,10,Low,1,60,60809,FHASE,0,0,0
GJ,1,10,Low,1,60,60809,FSEPU,0,0,0
GJ,1,10,Low,1,60,60809,MHASE,0,0,0
GJ,1,10,Low,1,60,60809,PACL,0,0,0
GJ,1,10,Low,2,120,60869,FHASE,1,0,0
GJ,1,10,Low,2,120,60869,FSEPU,0,0,0
GJ,1,10,Low,2,120,60869,MHASE,1,0,0
GJ,1,10,Low,2,120,60869,PACL,0,0,0
GJ,1,10,Low,3,180,60929,FHASE,0,0,0
GJ,1,10,Low,3,180,60929,FSEPU,0,0,0
GJ,1,10,Low,3,180,60929,MHASE,0,0,0
GJ,1,10,Low,3,180,60929,PACL,0,0,0
GJ,1,13,Low,1,60,21143,FHASE,0,0,0
GJ,1,13,Low,1,60,21143,FSEPU,0,0,0
GJ,1,13,Low,1,60,21143,MHASE,0,0,0
GJ,1,13,Low,1,60,21143,PACL,1,0,0
GJ,1,13,Low,2,120,21203,FHASE,0,0,0
GJ,1,13,Low,2,120,21203,FSEPU,0,0,0
GJ,1,13,Low,2,120,21203,MHASE,1,0,0
GJ,1,13,Low,2,120,21203,PACL,0,0,0
GJ,1,16,Low,1,60,11589,FHASE,0,0,0
GJ,1,16,Low,1,60,11589,FSEPU,0,0,0
GJ,1,16,Low,1,60,11589,MHASE,0,0,0
GJ,1,16,Low,1,60,11589,PACL,1,0,0
GJ,1,16,Low,2,120,11649,FHASE,0,0,0
GJ,1,16,Low,2,120,11649,FSEPU,0,0,0
GJ,1,16,Low,2,120,11649,MHASE,0,0,0
GJ,1,16,Low,2,120,11649,PACL,1,0,0
GJ,1,16,Low,3,180,11709,FHASE,0,0,0
GJ,1,16,Low,3,180,11709,FSEPU,0,0,0
GJ,1,16,Low,3,180,11709,MHASE,0,0,0
GJ,1,16,Low,3,180,11709,PACL,0,0,0
GJ,2,13,Low,1,60,23182,FHASE,0,0,0
GJ,2,13,Low,1,60,23182,FSEPU,0,0,0
GJ,2,13,Low,1,60,23182,MHASE,0,0,0
GJ,2,13,Low,1,60,23182,PACL,1,0,0
GJ,2,13,Low,2,120,23242,FHASE,0,0,0
GJ,2,13,Low,2,120,23242,FSEPU,0,0,0
GJ,2,13,Low,2,120,23242,MHASE,0,0,0
GJ,2,13,Low,2,120,23242,PACL,0,0,0
GJ,2,13,Low,3,180,23302,FHASE,1,0,0
GJ,2,13,Low,3,180,23302,FSEPU,0,0,0
GJ,2,13,Low,3,180,23302,MHASE,0,0,0
GJ,2,13,Low,3,180,23302,PACL,0,0,0
GJ,2,13,Low,4,240,23362,FHASE,1,0,0
GJ,2,13,Low,4,240,23362,FSEPU,0,0,0
GJ,2,13,Low,4,240,23362,MHASE,1,0,0
GJ,2,13,Low,4,240,23362,PACL,0,0,0
GJ,2,13,Low,5,300,23422,FHASE,0,0,0
GJ,2,13,Low,5,300,23422,FSEPU,0,0,0
GJ,2,13,Low,5,300,23422,MHASE,0,0,0
GJ,2,13,Low,5,300,23422,PACL,0,0,0
GJ,2,13,Low,6,360,23482,FHASE,0,0,0
GJ,2,13,Low,6,360,23482,FSEPU,0,0,0
GJ,2,13,Low,6,360,23482,MHASE,0,0,0
GJ,2,13,Low,6,360,23482,PACL,0,0,0
GJ,2,13,Low,7,420,23542,FHASE,0,0,0
GJ,2,13,Low,7,420,23542,FSEPU,0,0,0
GJ,2,13,Low,7,420,23542,MHASE,0,0,0
GJ,2,13,Low,7,420,23542,PACL,0,0,0
GJ,2,13,Low,8,480,23602,FHASE,0,0,0
GJ,2,13,Low,8,480,23602,FSEPU,0,0,0
GJ,2,13,Low,8,480,23602,MHASE,0,0,0
GJ,2,13,Low,8,480,23602,PACL,0,0,0
GJ,2,13,Low,9,540,23662,FHASE,0,0,0
GJ,2,13,Low,9,540,23662,FSEPU,0,0,0
GJ,2,13,Low,9,540,23662,MHASE,0,0,0
GJ,2,13,Low,9,540,23662,PACL,0,0,0
GJ,2,16,Low,1,60,33790,FHASE,0,0,0
GJ,2,16,Low,1,60,33790,FSEPU,0,0,0
GJ,2,16,Low,1,60,33790,MHASE,0,0,0
GJ,2,16,Low,1,60,33790,PACL,0,0,0
GJ,2,16,Low,2,120,33850,FHASE,0,0,0
GJ,2,16,Low,2,120,33850,FSEPU,0,0,0
GJ,2,16,Low,2,120,33850,MHASE,0,0,0
GJ,2,16,Low,2,120,33850,PACL,0,0,0
GJ,2,16,Low,3,180,33910,FHASE,0,0,0
GJ,2,16,Low,3,180,33910,FSEPU,0,0,0
GJ,2,16,Low,3,180,33910,MHASE,0,0,0
GJ,2,16,Low,3,180,33910,PACL,0,0,0
GJ,2,16,Low,4,240,33970,FHASE,0,0,0
GJ,2,16,Low,4,240,33970,FSEPU,0,0,0
GJ,2,16,Low,4,240,33970,MHASE,0,0,0
GJ,2,16,Low,4,240,33970,PACL,0,0,0
GJ,2,16,Low,5,300,34030,FHASE,0,0,0
GJ,2,16,Low,5,300,34030,FSEPU,0,0,0
GJ,2,16,Low,5,300,34030,MHASE,0,0,0
GJ,2,16,Low,5,300,34030,PACL,0,0,0
GJ,3,11,Low,1,60,34658,FHASE,0,0,0
GJ,3,11,Low,1,60,34658,FSEPU,0,0,0
GJ,3,11,Low,1,60,34658,MHASE,0,0,0
GJ,3,11,Low,1,60,34658,PACL,0,0,0
GJ,3,11,Low,2,120,34718,FHASE,0,0,0
GJ,3,11,Low,2,120,34718,FSEPU,0,0,0
GJ,3,11,Low,2,120,34718,MHASE,0,0,0
GJ,3,11,Low,2,120,34718,PACL,0,0,0
GJ,3,11,Low,3,180,34778,FHASE,0,0,0
GJ,3,11,Low,3,180,34778,FSEPU,0,0,0
GJ,3,11,Low,3,180,34778,MHASE,0,0,0
GJ,3,11,Low,3,180,34778,PACL,0,0,0
GJ,3,11,Low,4,240,34838,FHASE,0,0,0
GJ,3,11,Low,4,240,34838,FSEPU,0,0,0
GJ,3,11,Low,4,240,34838,MHASE,0,0,0
GJ,3,11,Low,4,240,34838,PACL,0,0,0
GJ,3,11,Low,5,300,34898,FHASE,0,0,0
GJ,3,11,Low,5,300,34898,FSEPU,0,0,0
GJ,3,11,Low,5,300,34898,MHASE,0,0,0
GJ,3,11,Low,5,300,34898,PACL,0,0,0
GJ,3,13,Low,1,60,75841,FHASE,0,0,0
GJ,3,13,Low,1,60,75841,FSEPU,0,0,0
GJ,3,13,Low,1,60,75841,MHASE,0,0,0
GJ,3,13,Low,1,60,75841,PACL,0,0,0
GJ,3,13,Low,2,120,75901,FHASE,0,0,0
GJ,3,13,Low,2,120,75901,FSEPU,0,0,0
GJ,3,13,Low,2,120,75901,MHASE,1,0,0
GJ,3,13,Low,2,120,75901,PACL,0,0,0
GJ,3,13,Low,3,180,75961,FHASE,0,0,0
GJ,3,13,Low,3,180,75961,FSEPU,0,0,0
GJ,3,13,Low,3,180,75961,MHASE,0,0,0
GJ,3,13,Low,3,180,75961,PACL,0,0,0
GJ,3,15,Low,1,60,24428,FHASE,0,0,0
GJ,3,15,Low,1,60,24428,FSEPU,0,0,0
GJ,3,15,Low,1,60,24428,MHASE,0,0,0
GJ,3,15,Low,1,60,24428,PACL,0,0,0
GJ,3,15,Low,2,120,24488,FHASE,0,0,0
GJ,3,15,Low,2,120,24488,FSEPU,0,0,0
GJ,3,15,Low,2,120,24488,MHASE,0,0,0
GJ,3,15,Low,2,120,24488,PACL,0,0,0
GJ,3,15,Low,3,180,24548,FHASE,0,0,0
GJ,3,15,Low,3,180,24548,FSEPU,0,0,0
GJ,3,15,Low,3,180,24548,MHASE,0,0,0
GJ,3,15,Low,3,180,24548,PACL,0,0,0
GJ,3,15,Low,4,240,24608,FHASE,0,0,0
GJ,3,15,Low,4,240,24608,FSEPU,0,0,0
GJ,3,15,Low,4,240,24608,MHASE,0,0,0
GJ,3,15,Low,4,240,24608,PACL,0,0,0
MB,2,8,Low,1,60,33532,FHASE,0,0,0
MB,2,8,Low,1,60,33532,FSEPU,0,0,0
MB,2,8,Low,1,60,33532,MHASE,0,0,0
MB,2,8,Low,1,60,33532,PACL,0,0,0
MB,2,8,Low,2,120,33592,FHASE,0,0,0
MB,2,8,Low,2,120,33592,FSEPU,0,0,0
MB,2,8,Low,2,120,33592,MHASE,0,0,0
MB,2,8,Low,2,120,33592,PACL,0,0,0
MB,2,8,Low,3,180,33652,FHASE,0,0,0
MB,2,8,Low,3,180,33652,FSEPU,0,0,0
MB,2,8,Low,3,180,33652,MHASE,0,0,0
MB,2,8,Low,3,180,33652,PACL,0,0,0
MB,2,8,Low,4,240,33712,FHASE,0,0,0
MB,2,8,Low,4,240,33712,FSEPU,0,0,0
MB,2,8,Low,4,240,33712,MHASE,0,0,0
MB,2,8,Low,4,240,33712,PACL,1,0,0
MB,2,8,Low,5,300,33772,FHASE,0,0,0
MB,2,8,Low,5,300,33772,FSEPU,0,0,0
MB,2,8,Low,5,300,33772,MHASE,0,0,0
MB,2,8,Low,5,300,33772,PACL,0,0,0
MB,2,8,Low,6,360,33832,FHASE,0,0,0
MB,2,8,Low,6,360,33832,FSEPU,0,0,0
MB,2,8,Low,6,360,33832,MHASE,0,0,0
MB,2,8,Low,6,360,33832,PACL,0,0,0
MB,2,10,Low,1,60,22321,FHASE,0,0,0
MB,2,10,Low,1,60,22321,FSEPU,0,0,0
MB,2,10,Low,1,60,22321,MHASE,0,0,0
MB,2,10,Low,1,60,22321,PACL,0,0,0
MB,2,10,Low,2,120,22381,FHASE,1,0,0
MB,2,10,Low,2,120,22381,FSEPU,0,0,0
MB,2,10,Low,2,120,22381,MHASE,1,0,0
MB,2,10,Low,2,120,22381,PACL,0,0,0
MB,2,10,Low,3,180,22441,FHASE,1,0,0
MB,2,10,Low,3,180,22441,FSEPU,0,0,0
MB,2,10,Low,3,180,22441,MHASE,0,0,0
MB,2,10,Low,3,180,22441,PACL,0,0,0
MB,2,10,Low,4,240,22501,FHASE,0,0,0
MB,2,10,Low,4,240,22501,FSEPU,0,0,0
MB,2,10,Low,4,240,22501,MHASE,0,0,0
MB,2,10,Low,4,240,22501,PACL,0,0,0
MB,2,10,Low,5,300,22561,FHASE,0,0,0
MB,2,10,Low,5,300,22561,FSEPU,1,0,0
MB,2,10,Low,5,300,22561,MHASE,0,0,0
MB,2,10,Low,5,300,22561,PACL,0,0,0
MB,2,10,Low,6,360,22621,FHASE,0,0,0
MB,2,10,Low,6,360,22621,FSEPU,0,0,0
MB,2,10,Low,6,360,22621,MHASE,0,0,0
MB,2,10,Low,6,360,22621,PACL,0,0,0
MB,2,10,Low,7,420,22681,FHASE,0,0,0
MB,2,10,Low,7,420,22681,FSEPU,0,0,0
MB,2,10,Low,7,420,22681,MHASE,0,0,0
MB,2,10,Low,7,420,22681,PACL,0,0,0
MB,2,10,Low,8,480,22741,FHASE,0,0,0
MB,2,10,Low,8,480,22741,FSEPU,0,0,0
MB,2,10,Low,8,480,22741,MHASE,0,0,0
MB,2,10,Low,8,480,22741,PACL,1,0,0
TG,2,2,Low,1,60,11291,FHASE,1,0,0
TG,2,2,Low,1,60,11291,FSEPU,0,0,0
TG,2,2,Low,1,60,11291,MHASE,1,0,0
TG,2,2,Low,1,60,11291,PACL,0,0,0
TG,2,2,Low,2,120,11351,FHASE,0,0,0
TG,2,2,Low,2,120,11351,FSEPU,1,0,0
TG,2,2,Low,2,120,11351,MHASE,0,0,0
TG,2,2,Low,2,120,11351,PACL,0,0,0
TG,2,2,Low,3,180,11411,FHASE,0,0,0
TG,2,2,Low,3,180,11411,FSEPU,0,0,0
TG,2,2,Low,3,180,11411,MHASE,0,0,0
TG,2,2,Low,3,180,11411,PACL,0,0,0
TG,2,2,Low,4,240,11471,FHASE,0,0,0
TG,2,2,Low,4,240,11471,FSEPU,1,0,0
TG,2,2,Low,4,240,11471,MHASE,0,0,0
TG,2,2,Low,4,240,11471,PACL,0,0,0
TG,2,2,Low,5,300,11531,FHASE,0,0,0
TG,2,2,Low,5,300,11531,FSEPU,0,0,0
TG,2,2,Low,5,300,11531,MHASE,0,0,0
TG,2,2,Low,5,300,11531,PACL,0,0,0
TG,2,2,Low,6,360,11591,FHASE,1,0,0
TG,2,2,Low,6,360,11591,FSEPU,0,0,0
TG,2,2,Low,6,360,11591,MHASE,0,0,0
TG,2,2,Low,6,360,11591,PACL,0,0,0
TG,2,6,Low,1,60,21677,FHASE,0,0,0
TG,2,6,Low,1,60,21677,FSEPU,0,0,0
TG,2,6,Low,1,60,21677,MHASE,0,0,0
TG,2,6,Low,1,60,21677,PACL,0,0,0
TG,2,6,Low,2,120,21737,FHASE,1,0,0
TG,2,6,Low,2,120,21737,FSEPU,1,0,0
TG,2,6,Low,2,120,21737,MHASE,0,0,0
TG,2,6,Low,2,120,21737,PACL,1,0,0
TG,2,6,Low,3,180,21797,FHASE,0,0,0
TG,2,6,Low,3,180,21797,FSEPU,0,0,0
TG,2,6,Low,3,180,21797,MHASE,0,0,0
TG,2,6,Low,3,180,21797,PACL,0,0,0
TG,2,6,Low,4,240,21857,FHASE,0,0,0
TG,2,6,Low,4,240,21857,FSEPU,0,0,0
TG,2,6,Low,4,240,21857,MHASE,0,0,0
TG,2,6,Low,4,240,21857,PACL,1,0,0
TG,2,6,Low,5,300,21917,FHASE,1,0,0
TG,2,6,Low,5,300,21917,FSEPU,0,0,0
TG,2,6,Low,5,300,21917,MHASE,0,0,0
TG,2,6,Low,5,300,21917,PACL,0,0,0
TG,2,6,Low,6,360,21977,FHASE,1,0,0
TG,2,6,Low,6,360,21977,FSEPU,0,0,0
TG,2,6,Low,6,360,21977,MHASE,0,0,0
TG,2,6,Low,6,360,21977,PACL,1,0,0
GJ,5,7,Medium,2,60,20015,PACL,1,0,0
GJ,5,7,Medium,2,60,20015,FHASE,0,0,0
GJ,5,7,Medium,2,60,20015,FSEPU,0,0,0
GJ,5,7,Medium,2,60,20015,MHASE,0,0,0
GJ,5,7,Medium,4,120,20075,FHASE,0,0,0
GJ,5,7,Medium,4,120,20075,FSEPU,0,0,0
GJ,5,7,Medium,4,120,20075,MHASE,0,0,0
GJ,5,7,Medium,4,120,20075,PACL,0,0,0
GJ,5,7,Medium,6,180,20135,FHASE,1,0,0
GJ,5,7,Medium,6,180,20135,FSEPU,1,0,0
GJ,5,7,Medium,6,180,20135,MHASE,0,0,0
GJ,5,7,Medium,6,180,20135,PACL,0,0,0
GJ,5,7,Medium,8,240,20195,FHASE,0,0,0
GJ,5,7,Medium,8,240,20195,FSEPU,0,0,0
GJ,5,7,Medium,8,240,20195,MHASE,0,0,0
GJ,5,7,Medium,8,240,20195,PACL,0,0,0
GJ,5,7,Medium,10,300,20255,FHASE,0,0,0
GJ,5,7,Medium,10,300,20255,FSEPU,0,0,0
GJ,5,7,Medium,10,300,20255,MHASE,0,0,0
GJ,5,7,Medium,10,300,20255,PACL,0,0,0
GJ,5,7,Medium,12,360,20315,FHASE,0,0,0
GJ,5,7,Medium,12,360,20315,FSEPU,0,0,0
GJ,5,7,Medium,12,360,20315,MHASE,0,0,0
GJ,5,7,Medium,12,360,20315,PACL,0,0,0
GJ,5,7,Medium,14,420,20375,FHASE,1,0,0
GJ,5,7,Medium,14,420,20375,MHASE,1,0,0
GJ,5,7,Medium,14,420,20375,FSEPU,0,0,0
GJ,5,7,Medium,14,420,20375,PACL,0,0,0
GJ,5,7,Medium,16,480,20435,FHASE,1,0,0
GJ,5,7,Medium,16,480,20435,FSEPU,0,0,0
GJ,5,7,Medium,16,480,20435,MHASE,0,0,0
GJ,5,7,Medium,16,480,20435,PACL,0,0,0
GJ,5,7,Medium,18,540,20495,FHASE,1,0,0
GJ,5,7,Medium,18,540,20495,FSEPU,1,0,0
GJ,5,7,Medium,18,540,20495,MHASE,0,0,0
GJ,5,7,Medium,18,540,20495,PACL,0,0,0
GJ,5,7,Medium,20,600,20555,FHASE,0,0,0
GJ,5,7,Medium,20,600,20555,FSEPU,0,0,0
GJ,5,7,Medium,20,600,20555,MHASE,0,0,0
GJ,5,7,Medium,20,600,20555,PACL,0,0,0
GJ,5,7,Medium,22,660,20615,FHASE,0,0,0
GJ,5,7,Medium,22,660,20615,FSEPU,0,0,0
GJ,5,7,Medium,22,660,20615,MHASE,0,0,0
GJ,5,7,Medium,22,660,20615,PACL,0,0,0
GJ,5,7,Medium,24,720,20675,FHASE,1,0,0
GJ,5,7,Medium,24,720,20675,FSEPU,0,0,0
GJ,5,7,Medium,24,720,20675,MHASE,0,0,0
GJ,5,7,Medium,24,720,20675,PACL,0,0,0
GJ,5,7,Medium,26,780,20735,MHASE,1,0,0
GJ,5,7,Medium,26,780,20735,FHASE,0,0,0
GJ,5,7,Medium,26,780,20735,FSEPU,0,0,0
GJ,5,7,Medium,26,780,20735,PACL,0,0,0
GJ,5,7,Medium,28,840,20795,MHASE,1,0,0
GJ,5,7,Medium,28,840,20795,FHASE,0,0,0
GJ,5,7,Medium,28,840,20795,FSEPU,0,0,0
GJ,5,7,Medium,28,840,20795,PACL,0,0,0
GJ,5,7,Medium,30,900,20855,PACL,1,0,0
GJ,5,7,Medium,30,900,20855,FHASE,1,0,0
GJ,5,7,Medium,30,900,20855,FSEPU,0,0,0
GJ,5,7,Medium,30,900,20855,MHASE,0,0,0
GJ,5,7,Medium,32,960,20915,FHASE,1,1,0
GJ,5,7,Medium,32,960,20915,MHASE,1,1,0
GJ,5,7,Medium,32,960,20915,PACL,1,0,0
GJ,5,7,Medium,32,960,20915,FSEPU,0,0,0
GJ,5,7,Medium,34,1020,20975,FHASE,0,0,0
GJ,5,7,Medium,34,1020,20975,FSEPU,0,0,0
GJ,5,7,Medium,34,1020,20975,MHASE,0,0,0
GJ,5,7,Medium,34,1020,20975,PACL,0,0,0
GJ,5,7,Medium,36,1080,21035,FHASE,0,0,0
GJ,5,7,Medium,36,1080,21035,FSEPU,0,0,0
GJ,5,7,Medium,36,1080,21035,MHASE,0,0,0
GJ,5,7,Medium,36,1080,21035,PACL,0,0,0
MB,4,17,Medium,2,60,17791,FHASE,0,0,0
MB,4,17,Medium,2,60,17791,FSEPU,0,0,0
MB,4,17,Medium,2,60,17791,MHASE,0,0,0
MB,4,17,Medium,2,60,17791,PACL,0,0,0
MB,4,17,Medium,4,120,17849,FSEPU,1,0,0
MB,4,17,Medium,4,120,17849,FHASE,1,0,0
MB,4,17,Medium,4,120,17849,MHASE,0,0,0
MB,4,17,Medium,4,120,17849,PACL,0,0,0
MB,4,17,Medium,6,180,17907,FHASE,0,0,0
MB,4,17,Medium,6,180,17907,FSEPU,0,0,0
MB,4,17,Medium,6,180,17907,MHASE,0,0,0
MB,4,17,Medium,6,180,17907,PACL,0,0,0
MB,4,17,Medium,8,240,17965,FHASE,0,0,0
MB,4,17,Medium,8,240,17965,FSEPU,0,0,0
MB,4,17,Medium,8,240,17965,MHASE,0,0,0
MB,4,17,Medium,8,240,17965,PACL,0,0,0
MB,4,17,Medium,10,300,18023,FHASE,1,0,0
MB,4,17,Medium,10,300,18023,FSEPU,0,0,0
MB,4,17,Medium,10,300,18023,MHASE,0,0,0
MB,4,17,Medium,10,300,18023,PACL,0,0,0
MB,4,17,Medium,12,360,18081,FHASE,0,0,0
MB,4,17,Medium,12,360,18081,FSEPU,0,0,0
MB,4,17,Medium,12,360,18081,MHASE,0,0,0
MB,4,17,Medium,12,360,18081,PACL,0,0,0
MB,4,17,Medium,14,420,18139,FHASE,0,0,0
MB,4,17,Medium,14,420,18139,FSEPU,0,0,0
MB,4,17,Medium,14,420,18139,MHASE,0,0,0
MB,4,17,Medium,14,420,18139,PACL,0,0,0
GJ,5,16,Medium,2,60,17895,FHASE,1,0,0
GJ,5,16,Medium,2,60,17895,FSEPU,1,0,0
GJ,5,16,Medium,2,60,17895,MHASE,1,0,0
GJ,5,16,Medium,2,60,17895,PACL,0,0,0
GJ,5,16,Medium,4,120,17955,FHASE,0,0,0
GJ,5,16,Medium,4,120,17955,FSEPU,0,0,0
GJ,5,16,Medium,4,120,17955,MHASE,0,0,0
GJ,5,16,Medium,4,120,17955,PACL,0,0,0
GJ,5,16,Medium,6,180,18015,FHASE,0,0,0
GJ,5,16,Medium,6,180,18015,FSEPU,0,0,0
GJ,5,16,Medium,6,180,18015,MHASE,0,0,0
GJ,5,16,Medium,6,180,18015,PACL,0,0,0
GJ,5,16,Medium,8,240,18075,FHASE,0,0,0
GJ,5,16,Medium,8,240,18075,FSEPU,0,0,0
GJ,5,16,Medium,8,240,18075,MHASE,0,0,0
GJ,5,16,Medium,8,240,18075,PACL,0,0,0
GJ,5,16,Medium,10,300,18135,FHASE,0,0,0
GJ,5,16,Medium,10,300,18135,FSEPU,0,0,0
GJ,5,16,Medium,10,300,18135,MHASE,0,0,0
GJ,5,16,Medium,10,300,18135,PACL,0,0,0
GJ,5,16,Medium,12,360,18195,FHASE,0,0,0
GJ,5,16,Medium,12,360,18195,FSEPU,0,0,0
GJ,5,16,Medium,12,360,18195,MHASE,0,0,0
GJ,5,16,Medium,12,360,18195,PACL,0,0,0
GJ,5,16,Medium,14,420,18255,FHASE,0,0,0
GJ,5,16,Medium,14,420,18255,FSEPU,0,0,0
GJ,5,16,Medium,14,420,18255,MHASE,0,0,0
GJ,5,16,Medium,14,420,18255,PACL,0,0,0
GJ,5,16,Medium,16,480,18315,FHASE,0,0,0
GJ,5,16,Medium,16,480,18315,FSEPU,0,0,0
GJ,5,16,Medium,16,480,18315,MHASE,0,0,0
GJ,5,16,Medium,16,480,18315,PACL,0,0,0
GJ,5,16,Medium,18,540,18375,FHASE,0,0,0
GJ,5,16,Medium,18,540,18375,FSEPU,0,0,0
GJ,5,16,Medium,18,540,18375,MHASE,0,0,0
GJ,5,16,Medium,18,540,18375,PACL,0,0,0
GJ,5,16,Medium,20,600,18405,FHASE,0,0,0
GJ,5,16,Medium,20,600,18405,FSEPU,0,0,0
GJ,5,16,Medium,20,600,18405,MHASE,0,0,0
GJ,5,16,Medium,20,600,18405,PACL,0,0,0
GJ,5,16,Medium,22,660,18465,FHASE,0,0,0
GJ,5,16,Medium,22,660,18465,FSEPU,0,0,0
GJ,5,16,Medium,22,660,18465,MHASE,0,0,0
GJ,5,16,Medium,22,660,18465,PACL,0,0,0
GJ,5,16,Medium,24,720,18525,FHASE,0,0,0
GJ,5,16,Medium,24,720,18525,FSEPU,0,0,0
GJ,5,16,Medium,24,720,18525,MHASE,0,0,0
GJ,5,16,Medium,24,720,18525,PACL,0,0,0
GJ,5,16,Medium,26,780,18585,FHASE,0,0,0
GJ,5,16,Medium,26,780,18585,FSEPU,0,0,0
GJ,5,16,Medium,26,780,18585,MHASE,0,0,0
GJ,5,16,Medium,26,780,18585,PACL,0,0,0
GJ,5,16,Medium,28,840,18645,FHASE,0,0,0
GJ,5,16,Medium,28,840,18645,FSEPU,0,0,0
GJ,5,16,Medium,28,840,18645,MHASE,0,0,0
GJ,5,16,Medium,28,840,18645,PACL,0,0,0
GJ,5,16,Medium,30,900,18705,FHASE,0,0,0
GJ,5,16,Medium,30,900,18705,FSEPU,0,0,0
GJ,5,16,Medium,30,900,18705,MHASE,0,0,0
GJ,5,16,Medium,30,900,18705,PACL,0,0,0
GJ,5,16,Medium,32,960,18765,FHASE,0,0,0
GJ,5,16,Medium,32,960,18765,FSEPU,0,0,0
GJ,5,16,Medium,32,960,18765,MHASE,0,0,0
GJ,5,16,Medium,32,960,18765,PACL,0,0,0
GJ,5,16,Medium,34,1020,18825,FHASE,0,0,0
GJ,5,16,Medium,34,1020,18825,FSEPU,0,0,0
GJ,5,16,Medium,34,1020,18825,MHASE,0,0,0
GJ,5,16,Medium,34,1020,18825,PACL,0,0,0
GJ,5,16,Medium,36,1080,18885,FHASE,0,0,0
GJ,5,16,Medium,36,1080,18885,FSEPU,0,0,0
GJ,5,16,Medium,36,1080,18885,MHASE,0,0,0
GJ,5,16,Medium,36,1080,18885,PACL,0,0,0
GJ,5,16,Medium,38,1140,18945,FHASE,0,0,0
GJ,5,16,Medium,38,1140,18945,FSEPU,0,0,0
GJ,5,16,Medium,38,1140,18945,MHASE,0,0,0
GJ,5,16,Medium,38,1140,18945,PACL,0,0,0
GJ,5,5,Medium,1,60,31983,FHASE,0,0,0
GJ,5,5,Medium,1,60,31983,FSEPU,0,0,0
GJ,5,5,Medium,1,60,31983,MHASE,1,0,0
GJ,5,5,Medium,1,60,31983,PACL,0,0,0
GJ,5,5,Medium,2,120,32043,FHASE,1,0,0
GJ,5,5,Medium,2,120,32043,FSEPU,0,0,0
GJ,5,5,Medium,2,120,32043,MHASE,1,0,0
GJ,5,5,Medium,2,120,32043,PACL,0,0,0
GJ,5,5,Medium,3,180,32103,FHASE,0,0,0
GJ,5,5,Medium,3,180,32103,FSEPU,0,0,0
GJ,5,5,Medium,3,180,32103,MHASE,0,0,0
GJ,5,5,Medium,3,180,32103,PACL,0,0,0
GJ,5,5,Medium,4,240,32163,FHASE,0,0,0
GJ,5,5,Medium,4,240,32163,FSEPU,0,0,0
GJ,5,5,Medium,4,240,32163,MHASE,0,0,0
GJ,5,5,Medium,4,240,32163,PACL,0,0,0
GJ,5,5,Medium,5,300,32223,FHASE,0,0,0
GJ,5,5,Medium,5,300,32223,FSEPU,0,0,0
GJ,5,5,Medium,5,300,32223,MHASE,0,0,0
GJ,5,5,Medium,5,300,32223,PACL,0,0,0
GJ,5,5,Medium,6,360,32283,FHASE,1,0,0
GJ,5,5,Medium,6,360,32283,FSEPU,0,0,0
GJ,5,5,Medium,6,360,32283,MHASE,1,0,0
GJ,5,5,Medium,6,360,32283,PACL,0,0,0
GJ,5,5,Medium,7,420,32343,FHASE,0,0,0
GJ,5,5,Medium,7,420,32343,FSEPU,0,0,0
GJ,5,5,Medium,7,420,32343,MHASE,1,0,0
GJ,5,5,Medium,7,420,32343,PACL,0,0,0
GJ,5,5,Medium,8,480,32403,FHASE,1,0,0
GJ,5,5,Medium,8,480,32403,FSEPU,0,0,0
GJ,5,5,Medium,8,480,32403,MHASE,1,0,0
GJ,5,5,Medium,8,480,32403,PACL,1,0,0
GJ,5,5,Medium,9,540,32463,FHASE,1,0,0
GJ,5,5,Medium,9,540,32463,FSEPU,0,0,0
GJ,5,5,Medium,9,540,32463,MHASE,1,1,0
GJ,5,5,Medium,9,540,32463,PACL,0,0,0
GJ,5,5,Medium,10,600,32523,FHASE,0,0,0
GJ,5,5,Medium,10,600,32523,FSEPU,0,0,0
GJ,5,5,Medium,10,600,32523,MHASE,0,0,0
GJ,5,5,Medium,10,600,32523,PACL,1,0,0
GJ,5,5,Medium,11,660,32583,FHASE,0,0,0
GJ,5,5,Medium,11,660,32583,FSEPU,0,0,0
GJ,5,5,Medium,11,660,32583,MHASE,1,0,0
GJ,5,5,Medium,11,660,32583,PACL,0,0,0
GJ,5,5,Medium,12,720,32643,FHASE,0,0,0
GJ,5,5,Medium,12,720,32643,FSEPU,0,0,0
GJ,5,5,Medium,12,720,32643,MHASE,0,0,0
GJ,5,5,Medium,12,720,32643,PACL,0,0,0
GJ,5,5,Medium,13,780,32703,FHASE,0,0,0
GJ,5,5,Medium,13,780,32703,FSEPU,0,0,0
GJ,5,5,Medium,13,780,32703,MHASE,1,1,0
GJ,5,5,Medium,13,780,32703,PACL,0,0,0
GJ,5,5,Medium,14,840,32763,FHASE,1,1,0
GJ,5,5,Medium,14,840,32763,FSEPU,0,0,0
GJ,5,5,Medium,14,840,32763,MHASE,1,1,0
GJ,5,5,Medium,14,840,32763,PACL,0,0,0
GJ,5,5,Medium,15,900,32823,FHASE,0,0,0
GJ,5,5,Medium,15,900,32823,FSEPU,0,0,0
GJ,5,5,Medium,15,900,32823,MHASE,0,0,0
GJ,5,5,Medium,15,900,32823,PACL,0,0,0
GJ,5,5,Medium,15,960,32823,FHASE,0,0,0
GJ,5,5,Medium,15,960,32823,FSEPU,0,0,0
GJ,5,5,Medium,15,960,32823,MHASE,0,0,0
GJ,5,5,Medium,15,960,32823,PACL,0,0,0
GJ,5,5,Medium,15,1020,32883,FHASE,0,0,0
GJ,5,5,Medium,15,1020,32883,FSEPU,0,0,0
GJ,5,5,Medium,15,1020,32883,MHASE,1,1,0
GJ,5,5,Medium,15,1020,32883,PACL,1,0,0
GJ,5,5,Medium,15,1080,32943,FHASE,1,1,0
GJ,5,5,Medium,15,1080,32943,FSEPU,0,0,0
GJ,5,5,Medium,15,1080,32943,MHASE,0,0,0
GJ,5,5,Medium,15,1080,32943,PACL,0,0,0
GJ,5,5,Medium,15,1140,33003,FHASE,0,0,0
GJ,5,5,Medium,15,1140,33003,FSEPU,0,0,0
GJ,5,5,Medium,15,1140,33003,MHASE,0,0,0
GJ,5,5,Medium,15,1140,33003,PACL,0,0,0
GJ,5,5,Medium,16,1200,33063,FHASE,0,0,0
GJ,5,5,Medium,16,1200,33063,FSEPU,0,0,0
GJ,5,5,Medium,16,1200,33063,MHASE,1,0,0
GJ,5,5,Medium,16,1200,33063,PACL,0,0,0
GJ,5,10,Medium,1,60,11144,FHASE,1,0,0
GJ,5,10,Medium,1,60,11144,FSEPU,1,0,0
GJ,5,10,Medium,1,60,11144,MHASE,1,0,0
GJ,5,10,Medium,1,60,11144,PACL,0,0,0
GJ,5,10,Medium,2,120,11204,FHASE,0,0,0
GJ,5,10,Medium,2,120,11204,FSEPU,0,0,0
GJ,5,10,Medium,2,120,11204,MHASE,0,0,0
GJ,5,10,Medium,2,120,11204,PACL,0,0,0
GJ,5,10,Medium,3,180,11264,FHASE,0,0,0
GJ,5,10,Medium,3,180,11264,FSEPU,0,0,0
GJ,5,10,Medium,3,180,11264,MHASE,0,0,0
GJ,5,10,Medium,3,180,11264,PACL,0,0,0
GJ,5,10,Medium,4,240,11324,FHASE,0,0,0
GJ,5,10,Medium,4,240,11324,FSEPU,0,0,0
GJ,5,10,Medium,4,240,11324,MHASE,0,0,0
GJ,5,10,Medium,4,240,11324,PACL,0,0,0
GJ,5,10,Medium,5,300,11384,FHASE,0,0,0
GJ,5,10,Medium,5,300,11384,FSEPU,0,0,0
GJ,5,10,Medium,5,300,11384,MHASE,0,0,0
GJ,5,10,Medium,5,300,11384,PACL,0,0,0
GJ,5,10,Medium,6,360,11444,FHASE,0,0,0
GJ,5,10,Medium,6,360,11444,FSEPU,0,0,0
GJ,5,10,Medium,6,360,11444,MHASE,0,0,0
GJ,5,10,Medium,6,360,11444,PACL,0,0,0
GJ,5,10,Medium,7,420,11504,FHASE,0,0,0
GJ,5,10,Medium,7,420,11504,FSEPU,0,0,0
GJ,5,10,Medium,7,420,11504,MHASE,1,1,0
GJ,5,10,Medium,7,420,11504,PACL,0,0,0
GJ,5,10,Medium,8,480,11564,FHASE,1,0,0
GJ,5,10,Medium,8,480,11564,FSEPU,0,0,0
GJ,5,10,Medium,8,480,11564,MHASE,0,0,0
GJ,5,10,Medium,8,480,11564,PACL,0,0,0
GJ,5,10,Medium,9,540,11624,FHASE,0,0,0
GJ,5,10,Medium,9,540,11624,FSEPU,0,0,0
GJ,5,10,Medium,9,540,11624,MHASE,1,1,0
GJ,5,10,Medium,9,540,11624,PACL,0,0,0
GJ,5,10,Medium,10,600,11684,FHASE,0,0,0
GJ,5,10,Medium,10,600,11684,FSEPU,1,0,0
GJ,5,10,Medium,10,600,11684,MHASE,0,0,0
GJ,5,10,Medium,10,600,11684,PACL,0,0,0
GJ,5,10,Medium,11,660,11744,FHASE,0,0,0
GJ,5,10,Medium,11,660,11744,FSEPU,0,0,0
GJ,5,10,Medium,11,660,11744,MHASE,1,0,0
GJ,5,10,Medium,11,660,11744,PACL,0,0,0
GJ,5,10,Medium,12,720,11804,FHASE,1,0,0
GJ,5,10,Medium,12,720,11804,FSEPU,0,0,0
GJ,5,10,Medium,12,720,11804,MHASE,0,0,0
GJ,5,10,Medium,12,720,11804,PACL,0,0,0
GJ,5,10,Medium,13,780,11864,FHASE,0,0,0
GJ,5,10,Medium,13,780,11864,FSEPU,0,0,0
GJ,5,10,Medium,13,780,11864,MHASE,0,0,0
GJ,5,10,Medium,13,780,11864,PACL,0,0,0
GJ,1,2,Medium,1,60,21385,FHASE,0,0,0
GJ,1,2,Medium,1,60,21385,FSEPU,0,0,0
GJ,1,2,Medium,1,60,21385,MHASE,0,0,0
GJ,1,2,Medium,1,60,21385,PACL,0,0,0
GJ,1,2,Medium,2,120,21445,FHASE,0,0,0
GJ,1,2,Medium,2,120,21445,FSEPU,0,0,0
GJ,1,2,Medium,2,120,21445,MHASE,0,0,0
GJ,1,2,Medium,2,120,21445,PACL,0,0,0
GJ,1,5,Medium,1,60,11217,FHASE,0,0,0
GJ,1,5,Medium,1,60,11217,FSEPU,0,0,0
GJ,1,5,Medium,1,60,11217,MHASE,0,0,0
GJ,1,5,Medium,1,60,11217,PACL,0,0,0
GJ,1,5,Medium,2,120,11277,FHASE,0,0,0
GJ,1,5,Medium,2,120,11277,FSEPU,0,0,0
GJ,1,5,Medium,2,120,11277,MHASE,0,0,0
GJ,1,5,Medium,2,120,11277,PACL,0,0,0
GJ,1,7,Medium,1,60,50557,FHASE,0,0,0
GJ,1,7,Medium,1,60,50557,FSEPU,1,0,0
GJ,1,7,Medium,1,60,50557,MHASE,0,0,0
GJ,1,7,Medium,1,60,50557,PACL,0,0,0
GJ,1,7,Medium,2,120,50617,FHASE,0,0,0
GJ,1,7,Medium,2,120,50617,FSEPU,0,0,0
GJ,1,7,Medium,2,120,50617,MHASE,0,0,0
GJ,1,7,Medium,2,120,50617,PACL,0,0,0
GJ,1,7,Medium,3,180,50677,FHASE,0,0,0
GJ,1,7,Medium,3,180,50677,FSEPU,0,0,0
GJ,1,7,Medium,3,180,50677,MHASE,0,0,0
GJ,1,7,Medium,3,180,50677,PACL,0,0,0
GJ,1,7,Medium,4,240,50737,FHASE,0,0,0
GJ,1,7,Medium,4,240,50737,FSEPU,0,0,0
GJ,1,7,Medium,4,240,50737,MHASE,0,0,0
GJ,1,7,Medium,4,240,50737,PACL,0,0,0
GJ,1,11,Medium,1,60,71002,FHASE,0,0,0
GJ,1,11,Medium,1,60,71002,FSEPU,0,0,0
GJ,1,11,Medium,1,60,71002,MHASE,0,0,0
GJ,1,11,Medium,1,60,71002,PACL,0,0,0
GJ,1,11,Medium,2,120,71062,FHASE,1,0,0
GJ,1,11,Medium,2,120,71062,FSEPU,1,0,0
GJ,1,11,Medium,2,120,71062,MHASE,1,1,0
GJ,1,11,Medium,2,120,71062,PACL,0,0,0
GJ,1,11,Medium,3,180,71122,FHASE,1,0,0
GJ,1,11,Medium,3,180,71122,FSEPU,0,0,0
GJ,1,11,Medium,3,180,71122,MHASE,0,0,0
GJ,1,11,Medium,3,180,71122,PACL,0,0,0
GJ,1,14,Medium,1,60,21780,FHASE,0,0,0
GJ,1,14,Medium,1,60,21780,FSEPU,0,0,0
GJ,1,14,Medium,1,60,21780,MHASE,0,0,0
GJ,1,14,Medium,1,60,21780,PACL,0,0,0
GJ,1,14,Medium,2,120,21840,FHASE,1,1,0
GJ,1,14,Medium,2,120,21840,FSEPU,0,0,0
GJ,1,14,Medium,2,120,21840,MHASE,0,0,0
GJ,1,14,Medium,2,120,21840,PACL,0,0,0
GJ,1,17,Medium,1,60,10963,FHASE,0,0,0
GJ,1,17,Medium,1,60,10963,FSEPU,0,0,0
GJ,1,17,Medium,1,60,10963,MHASE,0,0,0
GJ,1,17,Medium,1,60,10963,PACL,0,0,0
GJ,1,17,Medium,2,120,11023,FHASE,0,0,0
GJ,1,17,Medium,2,120,11023,FSEPU,0,0,0
GJ,1,17,Medium,2,120,11023,MHASE,0,0,0
GJ,1,17,Medium,2,120,11023,PACL,1,0,0
GJ,1,17,Medium,3,180,11083,FHASE,0,0,0
GJ,1,17,Medium,3,180,11083,FSEPU,0,0,0
GJ,1,17,Medium,3,180,11083,MHASE,0,0,0
GJ,1,17,Medium,3,180,11083,PACL,0,0,0
GJ,2,12,Medium,1,60,12724,FHASE,0,0,0
GJ,2,12,Medium,1,60,12724,FSEPU,0,0,0
GJ,2,12,Medium,1,60,12724,MHASE,0,0,0
GJ,2,12,Medium,1,60,12724,PACL,0,0,0
GJ,2,12,Medium,2,120,12784,FHASE,0,0,0
GJ,2,12,Medium,2,120,12784,FSEPU,0,0,0
GJ,2,12,Medium,2,120,12784,MHASE,1,0,0
GJ,2,12,Medium,2,120,12784,PACL,0,0,0
GJ,2,12,Medium,3,180,12844,FHASE,0,0,0
GJ,2,12,Medium,3,180,12844,FSEPU,0,0,0
GJ,2,12,Medium,3,180,12844,MHASE,0,0,0
GJ,2,12,Medium,3,180,12844,PACL,0,0,0
GJ,2,12,Medium,4,240,12904,FHASE,0,0,0
GJ,2,12,Medium,4,240,12904,FSEPU,0,0,0
GJ,2,12,Medium,4,240,12904,MHASE,0,0,0
GJ,2,12,Medium,4,240,12904,PACL,0,0,0
GJ,2,14,Medium,1,60,44575,FHASE,0,0,0
GJ,2,14,Medium,1,60,44575,FSEPU,0,0,0
GJ,2,14,Medium,1,60,44575,MHASE,1,0,0
GJ,2,14,Medium,1,60,44575,PACL,0,0,0
GJ,2,14,Medium,2,120,44635,FHASE,0,0,0
GJ,2,14,Medium,2,120,44635,FSEPU,0,0,0
GJ,2,14,Medium,2,120,44635,MHASE,0,0,0
GJ,2,14,Medium,2,120,44635,PACL,0,0,0
GJ,2,14,Medium,3,180,44695,FHASE,1,0,0
GJ,2,14,Medium,3,180,44695,FSEPU,0,0,0
GJ,2,14,Medium,3,180,44695,MHASE,1,1,0
GJ,2,14,Medium,3,180,44695,PACL,0,0,0
GJ,2,14,Medium,4,240,44755,FHASE,0,0,0
GJ,2,14,Medium,4,240,44755,FSEPU,0,0,0
GJ,2,14,Medium,4,240,44755,MHASE,0,0,0
GJ,2,14,Medium,4,240,44755,PACL,0,0,0
GJ,2,14,Medium,5,300,44815,FHASE,0,0,0
GJ,2,14,Medium,5,300,44815,FSEPU,0,0,0
GJ,2,14,Medium,5,300,44815,MHASE,0,0,0
GJ,2,14,Medium,5,300,44815,PACL,0,0,0
GJ,2,14,Medium,6,360,44875,FHASE,0,0,0
GJ,2,14,Medium,6,360,44875,FSEPU,0,0,0
GJ,2,14,Medium,6,360,44875,MHASE,0,0,0
GJ,2,14,Medium,6,360,44875,PACL,0,0,0
GJ,2,14,Medium,7,420,44935,FHASE,0,0,0
GJ,2,14,Medium,7,420,44935,FSEPU,0,0,0
GJ,2,14,Medium,7,420,44935,MHASE,0,0,0
GJ,2,14,Medium,7,420,44935,PACL,0,0,0
GJ,2,14,Medium,8,480,44995,FHASE,0,0,0
GJ,2,14,Medium,8,480,44995,FSEPU,0,0,0
GJ,2,14,Medium,8,480,44995,MHASE,0,0,0
GJ,2,14,Medium,8,480,44995,PACL,0,0,0
GJ,2,14,Medium,9,540,45055,FHASE,1,0,0
GJ,2,14,Medium,9,540,45055,FSEPU,0,0,0
GJ,2,14,Medium,9,540,45055,MHASE,0,0,0
GJ,2,14,Medium,9,540,45055,PACL,0,0,0
GJ,2,18,Medium,1,60,12860,FHASE,0,0,0
GJ,2,18,Medium,1,60,12860,FSEPU,0,0,0
GJ,2,18,Medium,1,60,12860,MHASE,0,0,0
GJ,2,18,Medium,1,60,12860,PACL,0,0,0
GJ,2,18,Medium,2,120,12920,FHASE,1,0,0
GJ,2,18,Medium,2,120,12920,FSEPU,0,0,0
GJ,2,18,Medium,2,120,12920,MHASE,0,0,0
GJ,2,18,Medium,2,120,12920,PACL,0,0,0
GJ,2,18,Medium,3,180,12980,FHASE,0,0,0
GJ,2,18,Medium,3,180,12980,FSEPU,0,0,0
GJ,2,18,Medium,3,180,12980,MHASE,0,0,0
GJ,2,18,Medium,3,180,12980,PACL,0,0,0
GJ,2,18,Medium,4,240,13040,FHASE,0,0,0
GJ,2,18,Medium,4,240,13040,FSEPU,0,0,0
GJ,2,18,Medium,4,240,13040,MHASE,0,0,0
GJ,2,18,Medium,4,240,13040,PACL,1,1,0
GJ,2,18,Medium,5,300,13100,FHASE,0,0,0
GJ,2,18,Medium,5,300,13100,FSEPU,0,0,0
GJ,2,18,Medium,5,300,13100,MHASE,0,0,0
GJ,2,18,Medium,5,300,13100,PACL,1,1,0
GJ,3,12,Medium,1,60,96065,FHASE,1,1,0
GJ,3,12,Medium,1,60,96065,FSEPU,1,0,0
GJ,3,12,Medium,1,60,96065,MHASE,0,0,0
GJ,3,12,Medium,1,60,96065,PACL,0,0,0
GJ,3,12,Medium,2,120,96125,FHASE,0,0,0
GJ,3,12,Medium,2,120,96125,FSEPU,1,1,0
GJ,3,12,Medium,2,120,96125,MHASE,0,0,0
GJ,3,12,Medium,2,120,96125,PACL,0,0,0
GJ,3,12,Medium,3,180,96185,FHASE,1,0,0
GJ,3,12,Medium,3,180,96185,FSEPU,0,0,0
GJ,3,12,Medium,3,180,96185,MHASE,0,0,0
GJ,3,12,Medium,3,180,96185,PACL,0,0,0
GJ,3,16,Medium,1,60,13760,FHASE,0,0,0
GJ,3,16,Medium,1,60,13760,FSEPU,1,0,0
GJ,3,16,Medium,1,60,13760,MHASE,0,0,0
GJ,3,16,Medium,1,60,13760,PACL,0,0,0
GJ,3,16,Medium,2,120,13820,FHASE,0,0,0
GJ,3,16,Medium,2,120,13820,FSEPU,1,0,0
GJ,3,16,Medium,2,120,13820,MHASE,0,0,0
GJ,3,16,Medium,2,120,13820,PACL,1,1,0
GJ,3,16,Medium,3,180,13880,FHASE,0,0,0
GJ,3,16,Medium,3,180,13880,FSEPU,1,0,0
GJ,3,16,Medium,3,180,13880,MHASE,0,0,0
GJ,3,16,Medium,3,180,13880,PACL,0,0,0
GJ,3,16,Medium,4,240,13940,FHASE,0,0,0
GJ,3,16,Medium,4,240,13940,FSEPU,0,0,0
GJ,3,16,Medium,4,240,13940,MHASE,0,0,0
GJ,3,16,Medium,4,240,13940,PACL,0,0,0
GJ,3,16,Medium,5,300,14000,FHASE,0,0,0
GJ,3,16,Medium,5,300,14000,FSEPU,0,0,0
GJ,3,16,Medium,5,300,14000,MHASE,0,0,0
GJ,3,16,Medium,5,300,14000,PACL,0,0,0
GJ,3,16,Medium,6,360,14060,FHASE,0,0,0
GJ,3,16,Medium,6,360,14060,FSEPU,1,0,0
GJ,3,16,Medium,6,360,14060,MHASE,0,0,0
GJ,3,16,Medium,6,360,14060,PACL,0,0,0
GJ,3,16,Medium,7,420,14120,FHASE,0,0,0
GJ,3,16,Medium,7,420,14120,FSEPU,0,0,0
GJ,3,16,Medium,7,420,14120,MHASE,0,0,0
GJ,3,16,Medium,7,420,14120,PACL,0,0,0
GJ,3,16,Medium,8,480,14180,FHASE,0,0,0
GJ,3,16,Medium,8,480,14180,FSEPU,0,0,0
GJ,3,16,Medium,8,480,14180,MHASE,0,0,0
GJ,3,16,Medium,8,480,14180,PACL,0,0,0
GJ,3,16,Medium,9,540,14240,FHASE,0,0,0
GJ,3,16,Medium,9,540,14240,FSEPU,0,0,0
GJ,3,16,Medium,9,540,14240,MHASE,0,0,0
GJ,3,16,Medium,9,540,14240,PACL,0,0,0
GJ,3,16,Medium,10,600,14300,FHASE,0,0,0
GJ,3,16,Medium,10,600,14300,FSEPU,0,0,0
GJ,3,16,Medium,10,600,14300,MHASE,0,0,0
GJ,3,16,Medium,10,600,14300,PACL,0,0,0
GJ,3,16,Medium,11,660,14360,FHASE,0,0,0
GJ,3,16,Medium,11,660,14360,FSEPU,0,0,0
GJ,3,16,Medium,11,660,14360,MHASE,0,0,0
GJ,3,16,Medium,11,660,14360,PACL,0,0,0
GJ,3,18,Medium,1,60,65166,FHASE,0,0,0
GJ,3,18,Medium,1,60,65166,FSEPU,0,0,0
GJ,3,18,Medium,1,60,65166,MHASE,0,0,0
GJ,3,18,Medium,1,60,65166,PACL,0,0,0
GJ,3,18,Medium,2,120,65226,FHASE,0,0,0
GJ,3,18,Medium,2,120,65226,FSEPU,0,0,0
GJ,3,18,Medium,2,120,65226,MHASE,0,0,0
GJ,3,18,Medium,2,120,65226,PACL,0,0,0
GJ,3,18,Medium,3,180,65286,FHASE,0,0,0
GJ,3,18,Medium,3,180,65286,FSEPU,1,0,0
GJ,3,18,Medium,3,180,65286,MHASE,0,0,0
GJ,3,18,Medium,3,180,65286,PACL,0,0,0
GJ,3,18,Medium,4,240,65346,FHASE,0,0,0
GJ,3,18,Medium,4,240,65346,FSEPU,0,0,0
GJ,3,18,Medium,4,240,65346,MHASE,0,0,0
GJ,3,18,Medium,4,240,65346,PACL,0,0,0
GJ,3,18,Medium,5,300,65406,FHASE,0,0,0
GJ,3,18,Medium,5,300,65406,FSEPU,0,0,0
GJ,3,18,Medium,5,300,65406,MHASE,0,0,0
GJ,3,18,Medium,5,300,65406,PACL,0,0,0
GJ,3,18,Medium,6,360,65466,FHASE,0,0,0
GJ,3,18,Medium,6,360,65466,FSEPU,1,1,0
GJ,3,18,Medium,6,360,65466,MHASE,0,0,0
GJ,3,18,Medium,6,360,65466,PACL,0,0,0
GJ,3,18,Medium,7,420,65526,FHASE,0,0,0
GJ,3,18,Medium,7,420,65526,FSEPU,0,0,0
GJ,3,18,Medium,7,420,65526,MHASE,0,0,0
GJ,3,18,Medium,7,420,65526,PACL,0,0,0
GJ,3,18,Medium,8,480,65586,FHASE,1,0,0
GJ,3,18,Medium,8,480,65586,FSEPU,0,0,0
GJ,3,18,Medium,8,480,65586,MHASE,1,0,0
GJ,3,18,Medium,8,480,65586,PACL,1,0,0
GJ,3,18,Medium,9,540,65646,FHASE,0,0,0
GJ,3,18,Medium,9,540,65646,FSEPU,0,0,0
GJ,3,18,Medium,9,540,65646,MHASE,0,0,0
GJ,3,18,Medium,9,540,65646,PACL,0,0,0
GJ,3,18,Medium,10,600,65706,FHASE,0,0,0
GJ,3,18,Medium,10,600,65706,FSEPU,0,0,0
GJ,3,18,Medium,10,600,65706,MHASE,0,0,0
GJ,3,18,Medium,10,600,65706,PACL,0,0,0
GJ,3,18,Medium,11,660,65766,FHASE,0,0,0
GJ,3,18,Medium,11,660,65766,FSEPU,0,0,0
GJ,3,18,Medium,11,660,65766,MHASE,1,0,0
GJ,3,18,Medium,11,660,65766,PACL,0,0,0
MB,2,1,Medium,1,60,33104,FHASE,0,0,0
MB,2,1,Medium,1,60,33104,FSEPU,0,0,0
MB,2,1,Medium,1,60,33104,MHASE,0,0,0
MB,2,1,Medium,1,60,33104,PACL,0,0,0
MB,2,1,Medium,2,120,33164,FHASE,0,0,0
MB,2,1,Medium,2,120,33164,FSEPU,0,0,0
MB,2,1,Medium,2,120,33164,MHASE,1,0,0
MB,2,1,Medium,2,120,33164,PACL,0,0,0
MB,2,1,Medium,3,180,33224,FHASE,1,0,0
MB,2,1,Medium,3,180,33224,FSEPU,1,1,0
MB,2,1,Medium,3,180,33224,MHASE,0,0,0
MB,2,1,Medium,3,180,33224,PACL,1,0,0
MB,2,1,Medium,4,240,33284,FHASE,0,0,0
MB,2,1,Medium,4,240,33284,FSEPU,0,0,0
MB,2,1,Medium,4,240,33284,MHASE,1,0,0
MB,2,1,Medium,4,240,33284,PACL,0,0,0
MB,2,1,Medium,5,300,33334,FHASE,1,0,0
MB,2,1,Medium,5,300,33334,FSEPU,0,0,0
MB,2,1,Medium,5,300,33334,MHASE,0,0,0
MB,2,1,Medium,5,300,33334,PACL,0,0,0
MB,2,1,Medium,6,360,33404,FHASE,0,0,0
MB,2,1,Medium,6,360,33404,FSEPU,0,0,0
MB,2,1,Medium,6,360,33404,MHASE,0,0,0
MB,2,1,Medium,6,360,33404,PACL,0,0,0
MB,2,7,Medium,1,60,33865,FHASE,1,0,0
MB,2,7,Medium,1,60,33865,FSEPU,1,0,0
MB,2,7,Medium,1,60,33865,MHASE,0,0,0
MB,2,7,Medium,1,60,33865,PACL,0,0,0
MB,2,7,Medium,2,120,33925,FHASE,1,0,0
MB,2,7,Medium,2,120,33925,FSEPU,0,0,0
MB,2,7,Medium,2,120,33925,MHASE,0,0,0
MB,2,7,Medium,2,120,33925,PACL,0,0,0
MB,2,7,Medium,3,180,33985,FHASE,1,0,0
MB,2,7,Medium,3,180,33985,FSEPU,0,0,0
MB,2,7,Medium,3,180,33985,MHASE,0,0,0
MB,2,7,Medium,3,180,33985,PACL,0,0,0
MB,2,7,Medium,4,240,34045,FHASE,0,0,0
MB,2,7,Medium,4,240,34045,FSEPU,0,0,0
MB,2,7,Medium,4,240,34045,MHASE,0,0,0
MB,2,7,Medium,4,240,34045,PACL,0,0,0
MB,2,7,Medium,5,300,34105,FHASE,1,0,0
MB,2,7,Medium,5,300,34105,FSEPU,0,0,0
MB,2,7,Medium,5,300,34105,MHASE,0,0,0
MB,2,7,Medium,5,300,34105,PACL,0,0,0
MB,2,7,Medium,6,360,34165,FHASE,0,0,0
MB,2,7,Medium,6,360,34165,FSEPU,1,0,0
MB,2,7,Medium,6,360,34165,MHASE,0,0,0
MB,2,7,Medium,6,360,34165,PACL,0,0,0
TG,2,1,Medium,1,60,33104,FHASE,0,0,0
TG,2,1,Medium,1,60,33104,FSEPU,1,0,0
TG,2,1,Medium,1,60,33104,MHASE,0,0,0
TG,2,1,Medium,1,60,33104,PACL,0,0,0
TG,2,1,Medium,2,120,33164,FHASE,0,0,0
TG,2,1,Medium,2,120,33164,FSEPU,0,0,0
TG,2,1,Medium,2,120,33164,MHASE,1,0,0
TG,2,1,Medium,2,120,33164,PACL,0,0,0
TG,2,1,Medium,3,180,33224,FHASE,1,0,0
TG,2,1,Medium,3,180,33224,FSEPU,1,0,0
TG,2,1,Medium,3,180,33224,MHASE,0,0,0
TG,2,1,Medium,3,180,33224,PACL,1,0,0
TG,2,1,Medium,4,240,33284,FHASE,0,0,0
TG,2,1,Medium,4,240,33284,FSEPU,0,0,0
TG,2,1,Medium,4,240,33284,MHASE,1,0,0
TG,2,1,Medium,4,240,33284,PACL,0,0,0
TG,2,1,Medium,5,300,33344,FHASE,1,0,0
TG,2,1,Medium,5,300,33344,FSEPU,0,0,0
TG,2,1,Medium,5,300,33344,MHASE,0,0,0
TG,2,1,Medium,5,300,33344,PACL,0,0,0
TG,2,1,Medium,6,360,33404,FHASE,0,0,0
TG,2,1,Medium,6,360,33404,FSEPU,0,0,0
TG,2,1,Medium,6,360,33404,MHASE,0,0,0
TG,2,1,Medium,6,360,33404,PACL,0,0,0
TG,2,4,Medium,1,60,22346,FHASE,0,0,0
TG,2,4,Medium,1,60,22346,FSEPU,0,0,0
TG,2,4,Medium,1,60,22346,MHASE,0,0,0
TG,2,4,Medium,1,60,22346,PACL,1,0,0
TG,2,4,Medium,2,120,22406,FHASE,0,0,0
TG,2,4,Medium,2,120,22406,FSEPU,1,0,0
TG,2,4,Medium,2,120,22406,MHASE,0,0,0
TG,2,4,Medium,2,120,22406,PACL,0,0,0
TG,2,4,Medium,3,180,22466,FHASE,0,0,0
TG,2,4,Medium,3,180,22466,FSEPU,0,0,0
TG,2,4,Medium,3,180,22466,MHASE,1,0,0
TG,2,4,Medium,3,180,22466,PACL,0,0,0
TG,2,4,Medium,4,240,22526,FHASE,0,0,0
TG,2,4,Medium,4,240,22526,FSEPU,1,0,0
TG,2,4,Medium,4,240,22526,MHASE,0,0,0
TG,2,4,Medium,4,240,22526,PACL,0,0,0
TG,2,4,Medium,5,300,22586,FHASE,0,0,0
TG,2,4,Medium,5,300,22586,FSEPU,0,0,0
TG,2,4,Medium,5,300,22586,MHASE,0,0,0
TG,2,4,Medium,5,300,22586,PACL,0,0,0
TG,2,4,Medium,6,360,22646,FHASE,1,0,0
TG,2,4,Medium,6,360,22646,FSEPU,0,0,0
TG,2,4,Medium,6,360,22646,MHASE,0,0,0
TG,2,4,Medium,6,360,22646,PACL,0,0,0
