Trial,Date,Week,Day,Reef,Treatment,TOL,number.Clutches,Egg.count,Img,density,Notes,MB/TG notes,MB/TG count,,,,
4,6/7/2018,1,7,1,Low,1,2,6254,IMG_6930,14,Low,,pink yolk and eyed up. Eggs from day 4 were still there on day 7. got 6198 when I ran it through imageJ,,,,
4,6/7/2018,1,7,2,High,1,2,4549,IMG_6938,14,High,,pink yolk and eyed up. Eggs from day 4 were still there on day 7,,,,
4,6/7/2018,1,7,2,High,5,2,5012,IMG_6941,14,Medium,,pink yolk and red yolk. Eggs from day 4 were still there on day 7,,,,
4,6/7/2018,1,7,3,Medium,1,2,4837,IMG_6947,11,High,,"pink yolk and red yolk. Eggs from day 4 were still there on day 7. there were a few eggs that were there on d4 that were not there on d7, but it was negligible",,,,
4,6/7/2018,1,7,3,Medium,3,1,10,IMG_6953,11,Medium,,"only a few eggs, counted by hand",,,,
4,6/4/2018,1,5,4,High,1,2,5637,IMG_6831,15,Low,,"pink yolk and red yolk, see notes for D7 photo for this reef",,,,
4,6/7/2018,1,7,4,High,1,3,0,IMG_6958,15,Medium,,"no new eggs here, just the same ones from the previous day (only going to use the count from the previous day) counted 5399 in this photo. pink yolk, red yolk, and eyed up. I compared the D4 nest to the D7 nest, and it looks there are a few eggs that were there on Day 4 and not Day 7 -- particularly in the bottom right corner of the nest. If you look at the ""1"" on Day 4, you'll see that there is a cluster of eggs that are close to the number, but they're not there on Day 7...Might just count the D4 photo",,,,
4,6/4/2018,1,5,5,Medium,NA,NA,0,NA,15,High,,no eggs,,,,
4,6/7/2018,1,7,6,Low,4,3,3908,IMG_6970,17,Low,,"pink yolk, pink eyed up, transparent eyed up, eggs left over from d4 that are still there. NOTE: there are some eggs that were there on d4 that aren't there now -- notice the eggs that are missing by the TOL number",,,,
4,6/7/2018,1,7,6,Low,2,1,801,IMG_6964,17,Medium,,all pink,,,,
4,6/4/2018,1,5,7,Medium,NA,NA,0,NA,14,Low,,no eggs,,,,
4,6/7/2018,1,7,7,Medium,5,1,106,IMG_6975,14,High,,few eggs,,,,
4,6/7/2018,1,7,8,High,1,3,4857,IMG_6982,16,Low,,"pink yolk, pink eyed up, transparent eyed up, eggs left over from d4 that are still there. ",,,,
4,6/7/2018,1,7,8,High,4,1,812,IMG_6984,16,Medium,,pink yolk ,,,,
4,6/7/2018,1,7,9,Low,3,4,9849,IMG_6991,11,Low,,"pink yolk, red yolk, red eyed-up, and transparent eyed-up. Clearly more eggs on d7 than there were on d4",,,,
4,6/5/2018,1,4,10,Medium,5,2,2129,IMG_6875,10,High,,"pink yolk, red yolk, more eggs in this nest on d4 than d7, which leads me to believe that the eggs hatched or were eaten? Most importantly, no additional eggs laid between d4 and d7 in this nest",,,,
4,6/7/2018,1,6,11,Low,3,3,5904,IMG_6998,11,Medium,,"pink yolk, red yolk, dark red yolk",,,,
4,6/5/2018,1,4,12,High,4,2,4776,IMG_6885,12,High,,"pink yolk , eyed-up pink yolk ",,,,
4,6/7/2018,1,6,12,High,4,1,85,IMG_7020,12,"terminal egg phase, elongated and about ready to hatch. These eggs were laid in addition to the ones on d4 (can tell by their relation to the TOL number in the bottom right cornerof the acetate sheet)",,,,,,
4,6/7/2018,1,6,13,Low,1,2,5081,IMG_7024,9,"pink yolk, eyed-up pink yolk",,,,,,
4,6/7/2018,1,6,14,Medium,3,2,6451,IMG_7030,15,"pink yolk, eyed-up pink yolk",,,,,,
4,6/5/2018,1,4,15,Low,2,2,3129,IMG_6903,10,"pink yolk, red yolk, no new eggs on D6",,,,,,
4,6/7/2018,1,6,16,High,5,2,5061,IMG_7041,11,"pink yolk, red yolk",,,,,,
4,6/7/2018,1,6,17,Medium,4,3,5879,IMG_7043,8,"pink yolk, red yolk, eyed up pink",,,,,"overlap in eggs, don't count all, only new ones",
4,6/7/2018,1,6,18,High,4,3,3902,IMG_7051,10,"pink yolk , red yolk, eyed up pink",,,,,,
4,6/11/2018,2,11,1,Low,1,2,1189,IMG_7056,,"pink yolks are new, but all others were there before. 1 new clutch",,,,,,
4,6/14/2018,2,14,1,Low,1,0,0,,,no new eggs,,,13,low,,
4,6/11/2018,2,11,2,High,1,1,39,IMG_7059,,a few pink yolks that are new,,,,,,
4,6/11/2018,2,11,2,High,5,2,3113,IMG_7063,,all eggs that are not eyed up are new. Pink yolk and red yolk,,,,,,"GO BACK AND CLICK ONLY ON THE FIRST SET OF EYED UP EGGS THAT YOU WENT WITH, AND SUBTRACT THAT FROM THE FINAL COUNT OF ONLY PINK YOLK AND RED YOLK"
4,6/14/2018,2,14,2,High,5,2,816,IMG_7168,,"pink yolk and dark yolk, don't count anything with eyes",,,14,medium,,
4,6/11/2018,2,11,3,Medium,1,2,1914,IMG_7066,,everything that's not eyed-up is new,,,,,,
4,6/14/2018,2,14,3,Medium,1,0,0,,,no new eggs,,,15,low,,
4,6/11/2018,2,11,4,High,3,1,951,IMG_7071,,pink yolk only,,,,,,
4,6/14/2018,2,14,4,High,3,1,1247,IMG_7176,,"pink yolk only, don't count eyed eggs",,,16,high,,
4,6/14/2018,2,14,5,Medium,NA,0,0,,,no eggs,,,17,medium,,
4,6/11/2018,2,11,6,Low,2,2,3334,IMG_7075,,"2 new clutches,eyed up eggs were there previously",,,,,,
4,6/14/2018,2,14,6,Low,2,1,1226,IMG_7180,,"only dark pink yolks, no eyed up eggs to count",,,18,high,,
4,6/11/2018,2,11,7,Medium,3,1,489,IMG_7079,,"pink yolk, entirely new clutch of eggs",,,,,,
4,6/14/2018,2,14,7,Medium,3,0,0,IMG_7183,,no new eggs,,,,,,
4,6/11/2018,2,11,8,High,1,2,1592,IMG_7085,,"light pink yolk (bigger), and red yolk (smaller) are new, don't count anything with eyes",,,,,,3113
4,6/11/2018,2,11,8,High,2,1,1054,IMG_7092,,"light pink, all new eggs",,,,,,
4,6/14/2018,2,14,8,High,1,2,1771,IMG_7187,,"pink yolk and red yolk, don't count eyed up eggs",,,,,,
4,6/11/2018,2,11,9,Low,3,0,0,IMG_7095,,no new eggs,,,reef,trt,,
4,6/14/2018,2,14,9,Low,3,1,727,IMG_7190,,"dark pink yolk, don't count eyed up",,,,,,
4,6/14/2018,2,14,9,Low,5,1,999,IMG_7193,,pink yolk,,,,,,
4,6/11/2018,2,10,10,Medium,5,2,4765,IMG_7099,,"light pink yolk (bigger), and red yolk (smaller) are new, don't count anything with eyes",,,1,low,,
4,6/14/2018,2,13,10,Medium,5,1,159,IMG_7199,,"pink yolk, don't count anything with eyes",,,,,,
4,6/11/2018,2,10,11,Low,3,2,3113,IMG_7106,,"light pink, dark pink yolk, don't count eyed up (both transparent or pink eyed up)",,,2,high,,
4,6/14/2018,2,13,11,Low,3,2,2472,IMG_7201,,"pink yolk, dark yolk, don't count eyes",,,,,,
4,6/11/2018,2,10,12,High,2,2,5326,IMG_7111,,light pink and dark pink ,,,3,medium,,
4,6/14/2018,2,13,12,High,2,2,2792,IMG_7205,,"pink yolk  and red yolk, don't count eyes",,,,,,
4,6/11/2018,2,10,13,Low,1,1,2247,IMG_7113,,"light pink , don't count eyed eggs",,,4,high,,
4,6/11/2018,2,10,13,Low,4,2,5145,IMG_7117,,"light pink, dark pink yolk, no eyed up eggs",,,5,medium,,
4,6/14/2018,2,13,13,Low,1,1,537,IMG_7210,,"pink yolk only, don't count eyed eggs",,,,,,
4,6/14/2018,2,13,13,Low,4,2,3369,IMG_7213,,"pink yolk light and dark, don't count eyed eggs",,,,,,
4,6/11/2018,2,10,14,Medium,3,2,4049,IMG_7121,,"light pink, dark pink yolk, don't count eyed up eggs",,,6,low,,
4,6/11/2018,2,10,14,Medium,5,2,2884,IMG_7126,,light pink and dark pink ,,,7,medium,,
4,6/14/2018,2,13,14,Medium,3,1,1222,IMG_7216,,"pink yolk, don't count eyed eggs",,,,,,
4,6/14/2018,2,13,14,Medium,5,2,3191,IMG_7220,,"pink yolk , light yolk, don't count eyed eggs",,,,,,
4,6/11/2018,2,10,15,Low,1,2,1665,IMG_7130,,light pink and dark pink ,,,8,high,,
4,6/11/2018,2,10,15,Low,2,2,4324,IMG_7135,,"light pink and dark pink, don't count eyed up eggs, had MB count this one",,,9,low,,
4,6/14/2018,2,13,15,Low,1,1,213,IMG_7228,,pink yolk,,,,,,
4,6/14/2018,2,13,15,Low,2,1,567,IMG_7232,,"pink yolk, don't count eyed eggs",,,,,,
4,6/11/2018,2,10,16,High,5,1,1826,IMG_7142,,"dark pink, don't coint eyed up eggs",,,10,medium,,
4,6/14/2018,2,13,16,High,5,1,1750,IMG_7234,,"pink yolk, don't count eyed eggs",,,,,,
4,6/11/2018,2,10,17,Medium,4,1,1653,IMG_7146,,"light pink, nothing with eyes",,,11,low,,
4,6/14/2018,2,13,17,Medium,4,2,3646,IMG_7239,,"pink yolk light and dark, don't count eyed eggs",,,,,,
4,6/11/2018,2,10,18,High,4,2,4220,IMG_7153,,"light pink, dark pink, don't count anything with eyes",,,12,high,,
4,6/14/2018,2,13,18,High,4,1,1556,IMG_7241,,"pink yolk, don't count eyed eggs",,,,,,
4,6/19/2018,3,18,1,Low,3,1,909,IMG_7245,,pink yolk,,,,,,
4,6/19/2018,3,18,2,High,1,1,1126,IMG_7250,,pink yolk,,,,,,
4,6/19/2018,3,18,3,Medium,1,0,0,NA,,no new eggs,,,,,,
4,6/19/2018,3,18,4,High,3,1,69,IMG_7254,,"pink yolk, no eyed up eggs",,,,,,
4,6/19/2018,3,18,5,Medium,NA,0,0,NA,,no eggs,,,,,,
4,6/19/2018,3,18,6,Low,2,2,3293,IMG_7259,,"pink yolk and red yolk, don't count eyed up eggs",,,,,,
4,6/19/2018,3,18,7,Medium,NA,0,0,NA,,no new eggs,,,,,,
4,6/19/2018,3,18,8,High,1,1,1268,IMG_7266,,"pink yolk, don't count eyed up eggs",,,,,,
4,6/19/2018,3,18,9,Low,5,0,0,IMG_7268,,no new eggs,,,,,,
4,6/19/2018,3,17,10,Medium,1,2,3711,IMG_7274,,"pink yolk light and dark, don't count eyed eggs",,,,,,
4,6/19/2018,3,17,11,Low,3,2,4376,IMG_7277,,"pink yolk light and dark, don't count eyed eggs",,,,,,
4,6/19/2018,3,17,12,High,1,2,4011,IMG_7281,,"pink yolk light and dark, don't count eyed eggs",,,,,,
4,6/19/2018,3,17,13,Low,1,1,88,IMG_7286,,"pink yolk, no eyed up eggs",,,,,,
4,6/19/2018,3,17,13,Low,4,2,4281,IMG_7288,,"pink yolk light and dark, don't count eyed eggs",,,,,,
4,6/19/2018,3,17,14,Medium,3,2,2250,IMG_7292,,"pink yolk light and dark, don't count eyed eggs",,,,,,
4,6/19/2018,3,17,14,Medium,5,2,3826,IMG_7298,,"pink yolk light and dark, don't count eyed eggs",,,,,,
4,6/19/2018,3,17,15,Low,1,1,4,IMG_7300,,a few pink yolks that are new,,,,,,
4,6/19/2018,3,17,15,Low,2,2,7647,IMG_7304,,"pink yolk light and dark, don't count eyed eggs (only a few eyed up eggs)",,,,,,
4,6/19/2018,3,17,16,High,3,1,872,IMG_7310,,pink yolk,,,,,,
4,6/19/2018,3,17,16,High,5,2,3490,IMG_7315,,"pink yolk light and dark, don't count eyed eggs. Might have to go back and count all of the pink eggs only, including ones that are barely eyed up. Most of the ones that are pink are new",,,,,,
4,6/19/2018,3,17,17,Medium,2,3,3866,IMG_7320,,"pink yolk, dark yolk, eyed up eggs as well. There weren't any eggs photographed in this nest previously",,,,,,
4,6/19/2018,3,17,17,Medium,4,1,2152,IMG_7326,,"pink yolk, don't count anything with eyes",,,,,,
4,6/19/2018,3,17,18,High,2,1,121,IMG_7329,,"pink yolk, no eggs in this TOL previously",,,,,,
4,6/19/2018,3,17,18,High,4,1,794,IMG_7336,,"pink yolk, don't count eyed up eggs",,,,,,
4,6/19/2018,3,17,18,High,5,1,391,IMG_7339,,"pink yolk, no eggs in this TOL previously",,,,,,
4,6/26/2018,4,26,1,Low,NA,0,0,NA,,,"took a week off between these and the last round of photos from week 3, so make sure you check all of the previous nest photos to compare clutches",,,,,
4,6/28/2018,4,28,1,Low,NA,NA,0,NA,,,,,,,,
4,6/26/2018,4,26,2,High,NA,0,0,NA,,,,,,,,
4,6/28/2018,4,28,2,High,5,1,1084,IMG_7429,,"pink yolk, no eggs in this nest previously",,,,,,
4,6/26/2018,4,26,3,Medium,NA,0,0,NA,,,,,,,,
4,6/28/2018,4,28,3,Medium,0,0,0,,,,,,,,,
4,6/26/2018,4,26,4,High,NA,0,0,NA,,,,,,,,
4,6/28/2018,4,28,4,High,0,0,0,,,,,,,,,
4,6/26/2018,4,26,5,Medium,NA,0,0,NA,,,,,,,,
4,6/28/2018,4,28,5,Medium,1,2,2668,IMG_7438,,"pink yolk light and dark, no eggs in this nest previously",,,,,,
4,6/26/2018,4,26,6,Low,2,1,975,IMG_7347,,"pink yolk, don't count the eyed up eggs",,,,,,
4,6/28/2018,4,28,6,Low,2,1,21,IMG_7445,,"few new pink yolk eggs, don't count anythig with eyes/elongated",,,,,,
4,6/26/2018,4,26,7,Medium,NA,0,0,NA,,,,,,,,
4,6/28/2018,4,28,7,Medium,0,0,0,,,,,,,,,
4,6/26/2018,4,26,8,High,5,1,640,IMG_7352,,"eyed up eggs only, no eggs in this nest previously",,,,,,
4,6/28/2018,4,28,8,High,0,0,0,,,,,,,,,
4,6/26/2018,4,26,9,Low,NA,0,0,NA,,,,,,,,
4,6/28/2018,4,28,9,Low,0,0,0,,,,,,,,,
4,6/26/2018,4,25,10,Medium,1,1,1358,IMG_7360,,,,,,,,
4,6/28/2018,4,27,10,Medium,1,0,0,IMG_7447,,no new eggs,,,,,,
4,6/26/2018,4,25,11,Low,5,1,908,IMG_7363,,,,,,,,
4,6/26/2018,4,25,11,Low,3,2,3388,IMG_7370,,"pink yolk only and barely eyed up pink, don't count transparent eyed eggs",,,,,,
4,6/28/2018,4,27,11,Low,3,0,0,IMG_7452,,no new eggs,,,,,,
4,6/28/2018,4,27,11,Low,5,0,0,IMG_7457,,no new eggs,,,,,,
4,6/26/2018,4,25,12,High,1,2,1232,IMG_7373,,"pink yolk and red yolk, don't count eyed up eggs",,,,,,
4,6/26/2018,4,25,12,High,3,1,3154,IMG_7376,,pink yolk,,,,,,
4,6/28/2018,4,27,12,High,3,1,2677,IMG_7468,,"5831 total eggs (I subtracted 3154 (number of eggs in the nest previously) from 5831 and got 2677) pink yolk only, not dark red yolk, thinking I should just count all of the eggs in this photo because they all fall within week 4, and it would be very hard to distinguish between the pink yolk and red yolk manually. Or count all of the eggs in this one, subtract those that were laid previously, and then that's the total number of eggs laid on this day alone.",,,,,,
4,6/26/2018,4,25,13,Low,4,1,631,IMG_7384,,"pink yolk only, don't count eyed eggs",,,,,,
4,6/26/2018,4,25,13,Low,5,2,5707,IMG_7391,,"COUNT ALL EGGS, there were no eggs in this nest previously, pink yolk and eyed up eggs",,,,,,
4,6/28/2018,4,27,13,Low,4,1,1277,IMG_7475,,"pink yolk, don't count anything with eyes",,,,,,
4,6/28/2018,4,27,13,Low,5,2,3022,IMG_7482,,"pink yolk light and dark, don't count anything with eyes",,,,,,
4,6/29/2018,4,28,17,Medium,2,1,1501,IMG_7519,,"confirmed new eggs. pink yolk only, don't count anything with eyes",,,,,,
4,6/26/2018,4,25,17,Medium,2,2,4615,IMG_7418,,"confirmed new eggs. pink yolk and eyed up red yolk, don't count eyed up transparent eggs",,,,,,
4,6/28/2018,4,27,14,Medium,3,0,0,IMG_7501,,no new eggs,,,,,,
4,6/26/2018,4,25,14,Medium,3,3,6593,IMG_7394,,"double checked, this one is good, all new eggs. Count everything besides the transparent eyed up eggs, ight pink, dark pink, eyed up pink",,,,,,
4,6/26/2018,4,25,15,Low,1,3,0,IMG_7405,,"COUNT ONLY THE EYED UP EGGS AND ADD THEM TO THE COUNT FROM CELL 136. pink yolk light and dark, and eyed up eggs. COUNT THE EYED EGGS TOO! THEY WEREN'T THERE PREVIOUSLY. 321 eyed up eggs in this nest that weren't there previosuly, add to the total from IMG_7506 and then that will be the total number of eggs for this TOL for week 4. no total for this nest because the eggs were combined",,,,,,
4,6/28/2018,4,27,15,Low,1,3,6417,IMG_7506,,"Count all eggs in this photo. There are 3 clutches (eyed up pink, eyed up transparent, pink yolk). Don't count the eggs from the previous photo for this nest",,,,,,
4,6/26/2018,4,25,16,High,3,3,7373,IMG_7413,,"pink yolk light and dark, eyed up pink, count all except for the eyed up transparent/elongated eggs",,,,,,
4,6/29/2018,4,28,16,High,3,0,0,IMG_7512,,No new eggs in this nest,,,,,,
4,6/29/2018,4,28,17,Medium,4,1,1972,IMG_7525,,"confrimed. pink yolk only, don't count anything with eyes",,,,,,
4,6/26/2018,4,25,17,Medium,4,3,4181,IMG_7420,,"confirmed. pink yolk, red yolk, eyed up pink, DON'T COUNT ANY OF THE EYED UP TRANSPARENT EGGS",,,,,,
4,6/26/2018,4,25,14,Medium,5,2,3838,IMG_7403,,"pink yolk light and dark, don't count eyed up eggs",,,,,,
4,6/28/2018,4,27,14,Medium,5,2,0,IMG_7495,,"went back and compared these. 3877 was the count, but I'm pretty sure these are all the same eggs.pink yolk light and dark, don't count anything with eyes",,,,,,
4,6/26/2018,4,25,18,High,1,2,0,IMG_7426,,"See cell 140. pink yolk, eyed up, COUNT ALL, no eggs in this nest previously. Basically, if I'm only looking at weekly reproduction, then this is how I want to run this, having not counted the nubmer of eggs that were laid on D25",,,,,,
4,6/29/2018,4,28,18,High,1,3,2829,IMG_7527,,"eyed up transparent, eyed up pink, pink yolk, count all and don't count the nest photo for this previously",,,,,,
5,7/7/2018,1,4,1,High,1,2,2192,IMG_7544,,"took the average of MB and TG counts. pink yolk and eyed up pink yolk. no new eggs in the next nest photos for this TOL, so count only these for R1 W1",,,,,,
5,7/7/2018,1,4,1,High,3,2,3448,IMG_7547,,"took the averave of TG and MB counts. pink yolk and eyed up pink yolk. no new eggs in the next nest photos for this TOL, so count only these for R1 W1",,,,,,
5,7/7/2018,1,4,2,Low,4,2,3201,IMG_7551,,"pink yolk, light and dark, not eyed up",,,,,,
5,7/7/2018,1,4,3,Medium,2,2,3126,IMG_7555,,"pink yolk and eyed-up pink. blurry, GCJ will count",,,,,,
5,7/7/2018,1,4,4,Low,1,3,6749,IMG_7559,,"pink yolk, eyed up pink, and barely eyed up pink (maybe 2 clutches but it's taking a bit longer for barely eyed up to ""flip""?)",Go over this one with George. Checked. TG,,,,,
5,7/7/2018,1,4,5,Medium,3,1,3466,IMG_7565,,eyed up red. Automated in two parts,,,,,,
5,7/7/2018,1,4,6,High,1,2,3322,IMG_7570,,eyed up red and pink yolk,,,,,,
5,7/8/2018,1,4,7,Medium,3,2,1643,IMG_7593,,pink yolk light and dark. there are eggs there on day 7 too but this is probably the best way to do it. MB,,,,,,
5,7/8/2018,1,4,8,Low,1,1,602,IMG_7601,,pink yolk eyed up. MB,,,,,,
5,7/8/2018,1,4,9,High,0,0,0,0,,no eggs,,,,,,
5,7/8/2018,1,4,10,Medium,3,1,875,IMG_7606,,eyed up pink,,,,,,
5,7/8/2018,1,4,10,Medium,4,1,897,IMG_7611,,red yolk Automated,,,,3466,,
5,7/8/2018,1,4,11,Low,5,2,2442,IMG_7615,,pink yolk and eyed up pink.automated,,,,,,
5,7/8/2018,1,4,12,High,1,2,681,IMG_7621,,pink yolk and red yolk,,,,,,
5,7/8/2018,1,4,13,Low,2,2,597,IMG_7624,,pink yolk and red yolk,,,,,,
5,7/8/2018,1,4,14,Medium,0,0,0,0,,no eggs,,,,,,
5,7/8/2018,1,4,15,High,3,2,3128,IMG_7629,,pink yolk and eyed up red,,,,,,
5,7/8/2018,1,4,16,Medium,0,0,0,0,,no eggs,,,,,,
5,7/8/2018,1,4,17,Low,0,0,0,0,,no eggs,,,,,,
5,7/8/2018,1,4,18,High,3,2,5010,IMG_7635,,"pink yolk, eyed up pink, and some elongated eggs. I don't think the elongated eggs are a 3rd clutch, but I do think they were laid earlier than most of the eyed up pink yolks.",,,,,,
5,7/10/2018,1,7,1,High,1,0,0,0,,no new eggs,,,,,,
5,7/10/2018,1,7,1,High,3,0,0,0,,no new eggs,,,,,,
5,7/10/2018,1,7,2,Low,4,1,369,IMG_7652,,only count pink yolk,,,,,,
5,7/10/2018,1,7,3,Medium,2,1,3763,IMG_7654,,"Counted it at that time because I had already studied the photos closely side by side. only count pink yolk, red eyed up yolks and eyed ups were there previously",,,,,,
5,7/10/2018,1,7,4,Low,1,1,3864,IMG_7668,,"My vote would be to only count the pink yolks, not the dark red or eyed up, this one is a bugger…",THIS IS WHERE I SENT info OVER TO MICHELLE AND TAL in google drive,,,,,
5,7/10/2018,1,7,5,Medium,3,2,2749,IMG_7673,,"only count pink yolk and red yolk, nothing with eyes.TG. Counts are on HD2, all other counts by GCJ, TG, and MB are on both HD1 and HD2",,,,,,
5,7/10/2018,1,7,6,High,1,1,1849,IMG_7677,,"pink yolk are new, don't count eyed up eggs. Confirmed check. Went ahead and counted ",,,,,,
5,7/11/2018,1,7,7,Medium,3,2,2783,IMG_7681,,"CONSIDER GONG BACK AND RECOUNTING, ONLY PINK, BIG, YOLKS, NOT RED, NOT SLIGHTLY EYED UP. pink and red yolk new, don't count anything with eyes; also didn’t count anything with . Thought long and hard on this one, b/c the red eggs looked like they could have been there previously. ",,,,,,
5,7/11/2018,1,7,8,Low,1,2,6975,IMG_7686,,"pink yolk light and red yolk, don't count eyed up eggs",TG,,,,,
5,7/11/2018,1,7,9,High,5,2,2418,IMG_7690,,"pink yolk and red yolk. All new eggs, first time seeing eggs on R9",,,,,,
5,7/11/2018,1,7,10,Medium,3,2,1959,IMG_7696,,"pink yolk light and red yolk, don't count eyed up eggs",,,,,,
5,7/11/2018,1,7,11,Low,5,2,1262,IMG_7699,,"pink yolk light and dark, don't count anything that has eyes (both transparent eyed up and eyed up pink yolks)",,,,,,
5,7/11/2018,1,7,12,High,1,2,4054,IMG_7705,,"pink yolk light and red yolk, don't count eyed up eggs",,,,,,
5,7/11/2018,1,7,13,Low,3,1,1052,IMG_7728,,"all new eggs, pink yolk",,MB,,,,
5,7/11/2018,1,7,14,Medium,0,0,0,0,,no eggs,,,,,,
5,7/11/2018,1,7,15,High,3,1,2448,IMG_7711,,"pink yolks are new, don't count anything with eyes",,,,,,
5,7/11/2018,1,7,16,Medium,5,1,970,IMG_7716,,"all new eggs, pink yolk",,MB,,,,
5,7/11/2018,1,7,17,Low,4,1,3355,IMG_7718,,"all new eggs: pink yolk light and dark, thinking this is all one clutch, based on the fact that there is lots of overlap in the way they were laid. ",,"MB did this one by hand (I got 3319 by automated count, she got 3355…)",,,,
5,7/11/2018,1,7,18,High,0,0,0,IMG_7723,,"Still eggs in tol 3 for this reef, but no new eggs",,,,,,
5,7/14/2018,2,11,1,High,1,2,6028,IMG_7733,,All new eggs. Pink yolk and red yolk. Automated,,GCJ,,,,
5,7/14/2018,2,11,2,Low,4,2,3319,IMG_7740,,"pink yolk and red yolk, don't count anything with eyes",,,,,,
5,7/14/2018,2,11,3,Medium,2,2,1970,IMG_7743,,"pink yolk light and dark, don't count any transparent or red eyed up eggs",,,,,,
5,7/14/2018,2,11,4,Low,1,2,3006,IMG_7746,,"pink yolk light and dark, don't count any transparent or red eyed up eggs",,,,,,
5,7/14/2018,2,11,5,Medium,3,2,5383,IMG_7752,,"pink yolk light and dark, don't count any transparent or red eyed up eggs",,,,,,
5,7/14/2018,2,11,6,High,1,2?,1954,IMG_7759,,"Need to look at this one again. Thinking I should only count the ones without eyes, but it seems like there are a lot of red eyed up eggs that weren't there previously. I considered counting all of them and then subtracting and counting the difference as the number of new eggs, but that assumes that all of the egs that were there previously are still there now, which is questionable...",,,,,,
5,7/15/2018,2,11,7,Medium,3,1,1679,IMG_7781,,"pink yolk, don't count anything with eyes",,,,,,
5,7/15/2018,2,11,8,Low,1,2,1519,IMG_7789,,"pink yolk and red yolk, don’t' count anything with eyes (transparent and pink yolk eyed up)",,,,,,
5,7/15/2018,2,11,9,High,0,0,0,0,,"Still eggs in tol 5 for this reef, but no new eggs",,,,,,
5,7/15/2018,2,11,10,Medium,0,0,0,0,,"Still eggs in tol 3 for this reef, but no new eggs",,,,,,
5,7/15/2018,2,11,11,Low,5,2,4250,IMG_7803,,"count pink yolk and red yolk, but not any transparent eyed eggs",,,,,,
5,7/15/2018,2,11,12,High,0,0,0,0,,"Still eggs in tol 1 for this reef, but no new eggs",,,,,,
5,7/15/2018,2,11,13,Low,3,1,677,IMG_7814,,"pink yolk only, don't count eyed up transparent",,,,,,
5,7/15/2018,2,11,14,Medium,2,1,937,IMG_7822,,pink yolk all new,,,,,,
5,7/15/2018,2,11,14,Medium,4,1,1416,IMG_7825,,pink yolk all new,,,,,,
5,7/15/2018,2,11,15,High,3,1,1630,IMG_7828,,"pink yolk only, don't count anything with eyes (transparent eyed or red eyed)",,,,,,
5,7/15/2018,2,11,16,Medium,5,2,4226,IMG_7835,,"pink yolk and red yolk, don't count anything with eyes",,,,,,
5,7/15/2018,2,11,17,Low,4,2,2269,IMG_7841,,"pink yolk and red yolk, don't count transparent eyed up",,,,,,
5,7/15/2018,2,11,18,High,2,2,1868,IMG_7845,,"pink yolk and red yolk, all new",automated,,,,,
5,7/18/2018,2,15,1,High,0,0,0,0,,"still eggs there, but no new eggs",,,,,,
5,7/18/2018,2,15,2,Low,4,2,4190,IMG_7859,,"pink yolk light and dark, don't count anything with eyes",,,,,,
5,7/18/2018,2,15,3,Medium,2,2,4083,IMG_7862,,"pink yolk light and dark, don't count anything with eyes",,,,,,
5,7/18/2018,2,15,4,Low,1,2,3428,IMG_7867,,"pink yolk light and dark, don't count anything with eyes",,,,,,
5,7/18/2018,2,15,5,Medium,3,2,2159,IMG_7879,,"pink yolk and red yolk, don't count anything with eyes",,,,,,
5,7/18/2018,2,15,6,High,1,2,1261,IMG_7885,,"pink yolk light and dark, don't dount anything with eyes",,,,,,
5,7/18/2018,2,15,6,High,5,2,4605,IMG_7890,,"pink yolk light and dark, all new",automated,,,,,
5,7/19/2018,2,15,7,Medium,3,1,3520,IMG_7897,,"pink yolk, don't count anything with eyes",,,,,,
5,7/19/2018,2,15,8,Low,2,1,3857,IMG_7904,,"pink yolk, all new",automated,,,,,
5,7/19/2018,2,15,9,High,5,2,2354,IMG_7909,,"pink yolk and eyed up, all new for this week",automated,,,,,
5,7/19/2018,2,15,10,Medium,1,2,2704,IMG_7914,,"pink yolk light and dark, all new",automated,,,,,
5,7/19/2018,2,15,11,Medium,5,2,2121,IMG_7923,,"pink yolk light and dark, don’t count anything with eyes",,,,,,
5,7/19/2018,2,15,12,High,1,2,2502,IMG_7926,,"pink yolk light and dark, all new",automated,,,,,
5,7/19/2018,2,15,13,Low,0,0,0,0,,no eggs,,,,,,
5,7/19/2018,2,15,14,Medium,4,1,1287,IMG_7933,,"pink yolk, don't count eyed up eggs (trasparent only)",,,,,,
5,7/19/2018,2,15,15,High,3,2,4259,IMG_7938,,"pink yolk light and dark, don't count anything with eyes",,,,,,
5,7/19/2018,2,15,16,Medium,5,1,1980,IMG_7940,,"pink yolk light, don't count anything with eyes",,,,,,
5,7/19/2018,2,15,17,Low,4,2,1553,IMG_7943,,"pink yolk light and dark, don't count anything with eyes",,,,,,
5,7/19/2018,2,15,18,High,2,1,710,IMG_7946,,"pink yolk, don't count anything with eyes",,,,,,
5,7/23/2018,3,20,1,High,1,1,1463,IMG_7951,,"pink yolk, don't count anything with eyes",,,,,,
5,7/23/2018,3,20,2,Low,4,2,1835,IMG_7956,,"pink yolk light and dark, don't count anything with eyes",,,,,,
5,7/23/2018,3,20,3,Medium,2,1,1613,IMG_7959,,"pink yolk, don't count anything with eyes",,,,,,
5,7/23/2018,3,20,3,Medium,5,1,809,IMG_7964,,"pink yolk, all new",,,,,,
5,7/23/2018,3,20,4,Low,1,2,3774,IMG_7969,,"pink yolk and red yolk, don’t count anything with eyes",,,,,,
5,7/23/2018,3,20,5,Medium,3,2,3767,IMG_7975,,"pink yolk and red yolk, don't count anything with eyes",,,,,,
5,7/23/2018,3,20,6,High,5,2,560,IMG_7978,,"pink yolk and red yolk, don't count anything with eyes",,,,,,
5,7/24/2018,3,20,7,Medium,3,2,3543,IMG_7994,,"pink yolk light and dark, don't count anything with eyes",,,,,,
5,7/24/2018,3,20,8,Low,0,0,0,0,,"no new eggs, still previous eggs from TOL 2",,,,,,
5,7/24/2018,3,20,9,High,5,1,1705,IMG_8003,,"pink yolk only, don't coint anything with eyes",,,,,,
5,7/24/2018,3,20,10,Medium,3,1,1106,IMG_8006,,"pink yolk, all new",,,,,,
5,7/24/2018,3,20,11,Low,0,0,0,0,,"no new eggs, still previous eggs from tol 5, to clarify: a side by side comparison of the prior week's photo shows a few different eggs in the nest, but I think the number of new eggs is negligible.",,,,,,
5,7/24/2018,3,20,12,High,0,0,0,0,,no eggs,,,,,,
5,7/24/2018,3,20,13,Low,5,1,919,IMG_8019,,"pink yolk, all new",,,,,,
5,7/24/2018,3,20,14,Medium,2,2,3989,IMG_8023,,"pink yolk and eyed up (few), all new, could automate this one if you erased a lot of the schmutz in the middle of the photo",automated,,,,,
5,7/24/2018,3,20,15,High,1,1,1050,IMG_8029,,"pink yolk, all new, small enough to count by hand",,,,,,
5,7/24/2018,3,20,15,High,0,0,0,0,,"no new eggs, still most there from tol 3",,,,,,
5,7/24/2018,3,20,16,Medium,5,1,4083,IMG_8042,,"pink yolk, don't count anything with eyes (teansparent and red eyed up)",,,,,,
5,7/24/2018,3,20,17,Low,4,1,4118,IMG_8044,,"pink yolk, don't count anything with eyes (teansparent and red eyed up)",,,,,,
5,7/24/2018,3,20,18,High,5,1,669,IMG_8059,,"eyed up red, all new, still same eggs in TOL 2 for this reef, tol 5 had no eggs previously",,,,,,
5,7/27/2018,4,24,1,High,0,0,0,0,,"no new eggs in this nest, still eggs in TOL 1",,,,,,
5,7/27/2018,4,24,2,Low,4,2,4215,IMG_8084,,"pink yolk and red yolk new, don't count anything with eyes",,,,,,
5,7/27/2018,4,24,3,Medium,2,1,1583,IMG_8086,,"pink yolk, don't count anything with eyes",,,,,,
5,7/27/2018,4,24,3,Medium,5,1,1508,IMG_8091,,"pink yolk, don't count anything with eyes",,,,,,
5,7/27/2018,4,24,4,Low,1,1,268,IMG_8094,,"pink yolk, don't count anything with eyes",,,,,,
5,7/27/2018,4,24,5,Medium,2,1,7069,IMG_8099,,"pink yolk and red yolk, all new, AUTOMATED count",,,,,,
5,7/24/2018,4,24,6,High,0,0,0,0,,"no new eggs, but some eggs still in TOL 5 for reef 6",,,,,,
5,7/25/2018,4,24,7,Medium,3,1,2579,IMG_8143,,"pink yolk only, don't count eyed up transparent",,,,,,
5,7/25/2018,4,24,8,Low,2,1,2772,IMG_8151,,"pink yolk, don't count anything with eyes (transparent and red eyed up)",,,,,,
5,7/25/2018,4,24,8,Low,4,1,235,IMG_8154,,"eyed up pink, all new",,,,,,
5,7/25/2018,4,24,9,High,0,0,0,0,,still eggs here from previous week in TOL 5 (IMG_8177),,,,,,
5,7/25/2018,4,24,10,Medium,3,1,761,IMG_8180,,"pink yolk, don't count anything with eyes",,,,,,
5,7/25/2018,4,24,11,Low,5,1,1933,IMG_8184,,"red yolk, all new",,,,,,
5,7/25/2018,4,24,12,High,0,0,0,0,,"no eggs in any TOL's,  likely density dependent, as there were no fish here, might consider taking this nest out of the analysis",,,,,,
5,7/25/2018,4,24,13,Low,0,0,0,0,,"no eggs in any TOL's,  likely density dependent, as there were no fish here, might consider taking this nest out of the analysis",,,,,,
5,7/25/2018,4,24,14,Medium,2,2,3157,IMG_8190,,"pink yolk and red yolk, don't count anything with eyes",,,,,,
5,7/25/2018,4,24,15,High,1,1,1388,IMG_8197,,"pink yolk, don't count anything with eyes (teansparent and red eyed up)",,,,,,
5,7/25/2018,4,24,15,High,3,1,1038,IMG_8202,,"pink yolk, all new",,,,,,
5,7/25/2018,4,24,16,Medium,5,1,1545,IMG_8212,,"red yolk, don't count anything with eyes (transparent)",,,,,,
5,7/25/2018,4,24,17,Low,4,1,102,IMG_8216,,"very few pink yolks, (~15), might consider marking as 0 for analyses",,,,,,
5,7/25/2018,4,24,18,High,2,1,1828,IMG_8220,,"pink yolk, all new",,,,,,
5,7/30/2018,4,27,1,High,3,1,1708,IMG_8240,,"pink yolk, all new","automated, but changed the particle range from 50-600",,,,,
5,7/30/2018,4,27,2,Low,4,2,2368,IMG_8246,,"pink yolk light and dark, don't count anything with eyes",,,,,,
5,7/30/2018,4,27,3,Medium,5,1,946,IMG_8255,,"pink yolk, don't count anything with eyes",,,,,,
5,7/30/2018,4,27,4,Low,1,2,2433,IMG_8259,,"pink yolk light and dark, don't count eyed up eggs (very few)",,,,,,
5,7/30/2018,4,27,5,Medium,2,1,1274,IMG_8263,,"pink yolk, don't count anything with eyes",,,,,,
5,7/30/2018,4,27,6,High,5,2,2233,IMG_8269,,"pink yolk light and dark, don't count anything with eyes",,,,,,
5,7/31/2018,4,27,7,Medium,3,1,4,IMG_8286,,"pink yolk, very few eggs",,,,,,
5,7/31/2018,4,27,8,Low,2,1,3241,IMG_8293,,"pink yolk, don't count anything with eyes",,,,,,
5,7/31/2018,4,27,8,Low,4,1,29,IMG_8295,,"pink yolk, very few new",,,,,,
5,7/31/2018,4,27,9,High,5,1,1862,IMG_8276,,all new,automated. Thresholded,,,,,
5,7/31/2018,4,27,10,Medium,0,0,0,0,,no eggs in any TOL's,,,,,,
5,7/31/2018,4,27,11,Low,0,0,0,0,,"no new eggs, but still some in TOL 5 (IMG_8304)",,,,,,
5,7/31/2018,4,27,12,High,0,0,0,0,,no eggs in any TOL's,,,,,,
5,7/31/2018,4,27,13,Low,0,0,0,0,,no eggs in any TOL's,,,,,,
5,7/31/2018,4,27,14,Medium,0,0,0,0,,"no new eggs, but still some in TOL 5 (IMG_8309)",,,,,,
5,7/31/2018,4,27,15,High,5,1,2338,IMG_8315,,"pink yolk light and dark, don't count anything with eyes, there were also eggs in TOL 3 for this nest, but there weren't any new eggs (IMG_8322)",,,,,,
5,7/31/2018,4,27,16,Medium,0,0,0,0,,no eggs in any TOL's ,,,,,,
5,7/31/2018,4,27,17,Low,4,2,5112,IMG_8329,,"pink yolk light and dark, don't count eyed up eggs (very few), try to automate",automated,,,,,
5,7/31/2018,4,27,18,High,0,0,0,0,,no new eggs in TOL 2 (IMG_8333),,,,,,
