Year,Trial,Date,Week,Days.after.deployment,Observer,Reef,Treatment,Density,Time.Start,Time.End,Goby.ID,Gravidity,Nearest.TOL,Starting.location,Starting.position,Total.time.exposed,proportion.exposed,Total.time.hidden,proportion.hidden,num.movement.swims,Distance.moved.review.this.column,num.bites,num.times.chased,chased.by.size.tag,num.times.chaser,chaser.of.size.tag,area.used.cm,predator.size,notes.observer,notes.gj,,,
2018,4,6/6/2018,1,6,LS,1,Low,3,NA,NA,NTS,0,3,rock,hidden,110,0.37,190,0.63,3,200,0,0,NA,0,NA,81,PACL,big male in TOL 1,IF I DON'T LIST A NUMBER FOR GRAVIDITY (FOR CHASER/CHASEE) THEN IT WAS A G0,,,
2018,4,6/6/2018,1,6,LS,1,Low,3,NA,NA,NTS,0,1.2,rock,exposed,286,0.95,14,0.05,4,160,16,0,NA,0,NA,80,,,,,,
2018,4,6/6/2018,1,6,LS,1,Low,3,NA,NA,28,1,1.2.5,rock,exposed,189,0.63,111,0.37,7,400,3,0,NA,2,NTS,625,SEPU,SEPU chased 2nd fish observation,,,,
2018,4,6/6/2018,1,6,LS,2,High,6,NA,NA,23,2,2,rock,exposed,180,0.6,120,0.4,1,90,5,0,NA,0,NA,45,,hidden(?),,,,
2018,4,6/6/2018,1,6,LS,2,High,6,NA,NA,39,1,4.5,rock,exposed,195,0.65,105,0.35,8,200,4,0,NA,0,NA,100,,,not likely a gravid 39,,,
2018,4,6/6/2018,1,6,LS,2,High,6,NA,NA,NTS,0,1.2,rock,exposed,121,0.4,179,0.6,2,50,3,0,NA,0,NA,25,"JPACL, JSEPU",,,,,
2018,4,6/6/2018,1,6,LS,3,Medium,7,NA,NA,29,0,3.4,rock,exposed,260,0.87,40,0.13,7,190,11,0,NA,1,NTS,324,,,,,,
2018,4,6/6/2018,1,6,LS,3,Medium,7,NA,NA,NTS,3,2.5,rock,exposed,265,0.88,35,0.12,3,150,1,0,NA,1,NTS,81,,,,,,
2018,4,6/6/2018,1,6,LS,3,Medium,7,NA,NA,30,2,2.3,rock,exposed,191,0.64,109,0.36,2,180,0,0,NA,0,NA,162,,,waiting to hear back from LS on confirmed size,,,
2018,4,6/6/2018,1,6,LS,4,High,4,17:07,17:12,26,0,2,rock,exposed,278,0.93,22,0.07,6,4,0,0,NA,0,NA,324,SEPU,big goby TOL 1,,,,
2018,4,6/6/2018,1,6,LS,4,High,4,17:15,17:20,32,1,5,rock,exposed,151,0.5,149,0.5,1,80,5,0,NA,0,NA,81,,,,,,
2018,4,6/6/2018,1,6,LS,4,High,4,17:30,17:35,23,0,3,rock,hidden,0,0,300,1,5,100,12,0,NA,0,NA,81,JSEPU,HYRU ate small goby,"unlikely, but could happen, if it did, then the goby was likely messed up to begin with",,,
2018,4,6/6/2018,1,6,LS,6,Low,7,17:47,17:52,27,2,3,rock,exposed,300,1,0,0,8,300,11,0,NA,0,NA,900,,gobies in TOL 1 and 2,,,,
2018,4,6/6/2018,1,6,LS,6,Low,7,18:04,18:09,25,0,2,rock,exposed,300,1,0,0,1,200,5,0,NA,0,NA,400,,,likely moved more than 1 time if it moved a total of 200 mm and used that much area,,,
2018,4,6/6/2018,1,6,GJ,5,Medium,5,10:27,10:32,29,0,1,rock,exposed,233,0.78,67,0.22,1,20,3,1,33,0,NA,9,,no gobies in TOLS,,,,
2018,4,6/6/2018,1,6,GJ,5,Medium,5,10:37,10:42,23,2,3,rock,exposed,174,0.58,126,0.42,1,0,0,0,NA,0,NA,1,,,,,,
2018,4,6/6/2018,1,6,GJ,5,Medium,5,10:43,10:48,26,2,1,rock,exposed,40,0.13,260,0.87,5,40,0,0,NA,0,NA,600,,,,,,
2018,4,6/6/2018,1,6,GJ,6,Low,9,10:53,10:58,25,1,2,rock,exposed,292,0.97,8,0.03,4,60,2,0,NA,0,NA,64,,1 male (30+) looking a bit fuzzy at the fins,,,,
2018,4,6/6/2018,1,6,GJ,6,Low,9,11:00,11:05,26,0,5,rock,exposed,213,0.71,87,0.29,13,120,5,0,NA,0,NA,240,,chased by a small BEG (not super sig.),,,,
2018,4,6/6/2018,1,6,GJ,6,Low,9,11:07,11:12,38,0,5,rock,exposed,88,0.29,212,0.71,5,60,0,0,NA,2,29(g1).23(g0),225,,,,,,
2018,4,6/6/2018,1,6,GJ,4,High,4,14:10,14:15,23,0,3,rock,hidden,0,0,300,1,5,40,1,3,"30+(likely male, twice).29(g2)",0,NA,100,2xJPACL(10),no gobies in TOLS.acetate sheet #5 was out of the TOL. Saw male jerks from chasing male,,,,
2018,4,6/6/2018,1,6,GJ,4,High,4,14:16,14:21,26,0,2,rock,exposed,267,0.89,33,0.11,4,30,7,0,NA,0,NA,25,,,,,,
2018,4,6/6/2018,1,6,GJ,4,High,4,14:23,14:28,31,2,1,rock,exposed,270,0.9,30,0.1,3,60,7,1,41,0,NA,49,FESPU(10),Honker male chasing down plump lady while guarding TOL 1,,,,
2018,4,6/6/2018,1,6,GJ,3,Medium,11,14:33,14:38,31,0,2,rock,exposed,244,0.81,56,0.19,6,40,10,0,NA,0,NA,25,,goby in TOL 1,,,,
2018,4,6/6/2018,1,6,GJ,3,Medium,11,14:40,14:45,28,1,4,rock,exposed,300,1,0,0,5,30,8,0,NA,0,NA,100,,,,,,
2018,4,6/6/2018,1,6,GJ,3,Medium,11,14:48,14:53,31,0,3,TOL,hidden,75,0.25,225,0.75,7,100,4,0,NA,1,27(g0),250,,"I counted any time spent in the TOL as well as any time spent out of the TOL but hidden in shadows as time hidden, any time that the goby was outside of the TOL and exposed on rock I counted as exposed",,,,
2018,4,6/6/2018,1,6,GJ,1,Low,7,15:02,15:07,30,0,3,rock,exposed,285,0.95,15,0.05,9,30,11,0,NA,0,NA,400,,"gobies in TOLS 2 and 4. dead 27 on mesh, removed, but did not make it to the surface",,,,
2018,4,6/6/2018,1,6,GJ,1,Low,7,15:09,15:14,20,0,5,rock,hidden,24,0.08,276,0.92,4,15,7,0,NA,0,NA,20,,,,,,
2018,4,6/6/2018,1,6,GJ,1,Low,7,15:16,15:21,28,1,4,rock,hidden,273,0.91,27,0.09,14,100,8,1,31,0,NA,800,,"moved a lot from rock to reef frame (PVC). Chaser was in TOL, couldn't see tag of chaser",,,,
2018,4,6/6/2018,1,6,GJ,2,High,7,16:47,16:52,29,2,1,rock,exposed,221,0.74,79,0.26,7,50,1,0,NA,0,NA,64,FESPUx2(13) chased,no gobies in TOLS,,,,
2018,4,6/6/2018,1,6,GJ,2,High,7,16:54,16:59,29,0,4,rock,hidden,0,0,300,1,5,20,2,0,NA,0,NA,25,FHASE(20) chase at 4:50 timing,,,,,
2018,4,6/6/2018,1,6,GJ,2,High,7,17:01,17:06,30,0,2,rock,exposed,300,1,0,0,4,20,8,0,NA,0,NA,25,"no tag seen, but definitely in the 30/31 range, likely a head tag",,,,,
2018,4,6/12/2018,2,12,GJ,8,High,4,15:35,15:40,26,0,5.4,rock,exposed,71,0.24,229,0.76,13,150,1,0,NA,1,23(g0),100,,,,,,
2018,4,6/12/2018,2,12,GJ,8,High,4,15:42,15:47,28,0,4,rock,hidden,0,0,300,1,3,100,1,3,30(g3)x3,0,NA,225,,chased 3 times by the same large female,,,,
2018,4,6/12/2018,2,12,GJ,8,High,4,15:49,15:54,26,0,1,rock,exposed,230,0.77,70,0.23,6,150,1,0,NA,1,30(g1),120,,Interesting that it chased away a much larger/gravid female,,,,
2018,4,6/12/2018,2,12,GJ,9,Low,5,15:59,16:04,29,1,5,rock,exposed,226,0.75,74,0.25,10,250,3,0,NA,0,NA,150,,,,,,
2018,4,6/12/2018,2,12,GJ,9,Low,5,16:06,16:11,30,3,2,rock,exposed,236,0.79,64,0.21,12,230,4,0,NA,1,26(g1),225,,,,,,
2018,4,6/12/2018,2,12,GJ,9,Low,5,16:13,16:18,26,2,5,rock,exposed,300,1,0,0,4,300,6,2,30(g3)x2,0,NA,60,,,,,,
2018,4,6/12/2018,2,12,GJ,12,High,15,16:22,16:27,25,0,1,sand,exposed,300,1,0,0,6,150,8,0,NA,0,NA,64,FHASE (20),"5 FHASE(8) swam through, no effect on focal individuals",,,,
2018,4,6/12/2018,2,12,GJ,12,High,15,17:19,17:24,30,1,5,rock,exposed,147,0.49,153,0.51,5,180,7,1,26(g0),1,26(g0),100,,"disappeared into rocks, never came out again",,,,
2018,4,6/12/2018,2,12,GJ,12,High,15,17:26,17:31,31,0,3,rock,exposed,233,0.78,67,0.22,7,200,3,0,NA,1,23 (g0) x5,80,CAPR (15) swam through,,,,,
2018,4,6/12/2018,2,12,GJ,11,Low,13,17:35,17:40,31,0,2,rock,hidden,19,0.06,281,0.94,9,300,1,0,NA,0,NA,300,,,,,,
2018,4,6/12/2018,2,12,GJ,11,Low,13,17:41,17:46,27,0,3,rock,exposed,300,1,0,0,6,120,7,0,NA,0,NA,20,,,,,,
2018,4,6/12/2018,2,12,GJ,11,Low,13,17:48,17:53,23,0,5,rock,hidden,160,0.53,140,0.47,3,100,2,3,"26 (g1) x2, 30 x1",0,NA,80,,,,,,
2018,4,6/12/2018,2,12,GJ,10,Medium,11,17:57,18:02,25,1,3,rock,exposed,300,1,0,0,4,80,10,1,"28 x1, 30 x2",0,NA,50,,,,,,
2018,4,6/12/2018,2,12,GJ,10,Medium,11,18:03,18:08,29,0,4,rock,exposed,295,0.98,5,0.02,8,50,10,0,NA,0,NA,80,,,"got a close look, but couldn't see tag",,,
2018,4,6/12/2018,2,12,GJ,10,Medium,11,18:12,18:17,25,0,2,rock,exposed,297,0.99,3,0.01,2,10,4,0,NA,0,NA,16,,,"hardly moved, or took any bites",,,
2018,4,6/12/2018,2,12,HR,8,High,4,NA,NA,28,0,5.3,rock,exposed,163,0.54,137,0.46,15,NA,0,1,NA,0,NA,25,FSEPU (30),,HR didn't record the tag info for chaser/chasee,,,
2018,4,6/12/2018,2,12,HR,8,High,4,NA,NA,26,0,1.4,rock,hidden,136,0.45,164,0.55,NA,NA,3,0,NA,0,NA,10,JPACL (15),,,,,
2018,4,6/12/2018,2,12,HR,8,High,4,NA,NA,23,0,3,rock,exposed,60,0.2,240,0.8,5,NA,0,1,NA,0,NA,5,,,,,,
2018,4,6/12/2018,2,12,HR,9,Low,5,NA,NA,26,0,2.3,rock,exposed,300,1,0,0,2,NA,0,0,NA,0,NA,3,FSEPU (10) ,,,,,
2018,4,6/12/2018,2,12,HR,9,Low,5,NA,NA,29,0,5,rock,exposed,300,1,0,0,15,NA,2,0,NA,1,26,56,,,,,,
2018,4,6/12/2018,2,12,HR,9,Low,5,NA,NA,27,0,3,rock,hidden,226,0.75,74,0.25,8,NA,2,0,NA,0,NA,10,,,,,,
2018,4,6/12/2018,2,12,HR,12,High,11,NA,NA,28,2,3,TOL,exposed,300,1,0,0,20,NA,2,0,NA,0,NA,30,PANE (20),,,,,
2018,4,6/12/2018,2,12,HR,12,High,11,NA,NA,29,1,1.2,rock,exposed,300,1,0,0,10,NA,11,0,NA,0,NA,20,,,,,,
2018,4,6/12/2018,2,12,HR,12,High,11,NA,NA,NA,0,1,TOL,hidden,0,0,300,1,0,NA,0,0,NA,0,NA,5,JPACL,,NO TAG SEEN,,,
2018,4,6/12/2018,2,12,HR,12,High,9,NA,NA,25,0,4,rock,hidden,60,0.2,240,0.8,1,150,0,0,NA,0,NA,10,PACL (20),,,,,
2018,4,6/12/2018,2,12,HR,12,High,9,NA,NA,27,0,2,rock,exposed,300,1,0,0,9,25,0,0,NA,0,NA,20,"PACL , FSEPU ",,,,,
2018,4,6/12/2018,2,12,HR,12,High,9,NA,NA,28,2,3.5,rock,exposed,300,1,0,0,0,NA,0,0,NA,0,NA,0,PACL,,,,,
2018,4,6/12/2018,2,12,HR,11,Low,8,NA,NA,28,0,3,rock,hidden,45,0.15,255,0.85,30,0,0,0,NA,0,NA,100,FSEPU,,,,,
2018,4,6/12/2018,2,12,HR,11,Low,8,NA,NA,26,0,3,rock,exposed,189,0.63,111,0.37,15,100,0,0,NA,0,NA,0,,,,,,
2018,4,6/12/2018,2,12,HR,11,Low,8,NA,NA,32,0,2,rock,hidden,122,0.41,178,0.59,10,NA,1,0,NA,0,NA,20,,,,,,
2018,4,6/12/2018,2,12,HR,10,Medium,6,NA,NA,24,1,3,rock,exposed,281,0.94,19,0.06,15,NA,2,0,NA,0,NA,90,,,,,,
2018,4,6/12/2018,2,12,HR,10,Medium,6,NA,NA,26,1,2,rock,exposed,215,0.72,85,0.28,5,NA,1,0,NA,0,NA,30,,,,,,
2018,4,6/12/2018,2,12,HR,10,Medium,6,NA,NA,28,0,NA,rock,exposed,45,0.15,255,0.85,10,NA,0,1,NTS,1,23,20,,,,,,
2018,4,6/13/2018,2,13,GJ,13,Low,15,9:32,9:37,26,0,1,rock,exposed,269,0.9,31,0.1,6,45,6,1,31 (g1),1,22,64,,,,,,
2018,4,6/13/2018,2,13,GJ,13,Low,15,9:38,9:43,28,3,1,rock,exposed,172,0.57,128,0.43,12,70,6,1,29,0,NA,150,,,"male was in TOL, let, then focal individual went in TOL 1, then left",,,
2018,4,6/13/2018,2,13,GJ,13,Low,15,9:46,9:51,25,1,3,rock,exposed,300,1,0,0,5,30,19,1,32,1,21,25,,,,,,
2018,4,6/13/2018,2,13,GJ,14,Medium,20,9:56,10:01,29,0,4,rock,exposed,263,0.88,37,0.12,8,50,7,0,NA,0,NA,40,PACL (15) darted toward mesh and 3 BBGS reacted within cage! Neat!,,,,,
2018,4,6/13/2018,2,13,GJ,14,Medium,20,10:02,10:07,25,1,3,rock,exposed,300,1,0,0,9,20,13,0,NA,0,NA,64,,,,,,
2018,4,6/13/2018,2,13,GJ,14,Medium,20,10:08,10:13,26,2,3,rock,exposed,300,1,0,0,11,20,10,0,NA,0,NA,36,,,,,,
2018,4,6/13/2018,2,13,GJ,15,Low,10,10:17,10:22,31,1,2.5,rock,exposed,213,0.71,87,0.29,12,80,9,0,NA,0,NA,200,,,was neutrally bouyant for about 15 seconds at the end of the observation,,,
2018,4,6/13/2018,2,13,GJ,15,Low,10,10:25,10:30,27,1,5,rock,exposed,87,0.29,213,0.71,3,40,2,2,28 (g2) x2,0,NA,40,,,"chased into rocks by 28, was not seen on reef exposed after 1:44",,,
2018,4,6/13/2018,2,13,GJ,15,Low,10,14:09,14:13,26,0,2,rock,exposed,269,0.9,31,0.1,8,50,10,2,"41 x1, 32 (g1)",0,NA,195,,,chased by giga goby into TOL 2 ,,,
2018,4,6/13/2018,2,13,GJ,16,High,11,14:15,14:20,25,1,3,rock,exposed,300,1,0,0,3,20,7,0,NA,0,NA,49,,,,,,
2018,4,6/13/2018,2,13,GJ,16,High,11,14:23,14:28,29,1,5,rock,exposed,21,0.07,279,0.93,5,40,3,1,33,0,NA,49,FSEPU (21),,,,,
2018,4,6/13/2018,2,13,GJ,16,High,11,14:30,14:35,24,0,5,rock,exposed,252,0.84,48,0.16,10,60,11,0,NA,0,NA,60,"PACL (11), FSEPU (11) x2",,chased into rocks by FSEPU,,,
2018,4,6/13/2018,2,13,GJ,17,Medium,10,14:40,14:45,25,0,5,rock,exposed,300,1,0,0,11,50,10,1,31,0,NA,100,FSEPU (10) at edge of cage,,,,,
2018,4,6/13/2018,2,13,GJ,17,Medium,10,14:46,14:51,26,1,5,rock,exposed,225,0.75,75,0.25,8,25,12,0,NA,0,NA,81,,,,,,
2018,4,6/13/2018,2,13,GJ,17,Medium,10,14:53,14:58,28,1,1,rock,hidden,183,0.61,117,0.39,8,60,6,0,NA,0,NA,75,,,,,,
2018,4,6/13/2018,2,13,GJ,18,High,10,15:07,15:12,26,0,4,rock,exposed,223,0.74,77,0.26,8,25,5,0,NA,0,NA,32,"FHASE (8) X5, PACL (10) X2",,,,,
2018,4,6/13/2018,2,13,GJ,18,High,10,15:14,15:19,26,0,5,rock,hidden,3,0.01,297,0.99,2,10,11,0,NA,0,NA,15,FSEPU (20) PASSED BY,,,,,
2018,4,6/13/2018,2,13,GJ,18,High,10,15:20,15:25,29,1,5,rock,exposed,300,1,0,0,8,12,10,0,NA,0,NA,16,,,,,,
2018,4,6/13/2018,2,13,HR,18,High,9,NA,NA,24,1,5,rock,exposed,252,0.84,48,0.16,4,NA,1,0,NA,0,NA,10,"JPACL (20-25), FSEPU (20), FSEPU",,,,,
2018,4,6/13/2018,2,13,HR,18,High,9,NA,NA,29,0,4,rock,exposed,233,0.78,67,0.22,5,NA,4,0,NA,0,NA,20,JPACL(15),,,,,
2018,4,6/13/2018,2,13,HR,18,High,9,NA,NA,27,NA,5,rock,hidden,226,0.75,74,0.25,4,NA,1,0,NA,0,NA,10,JSEPU(20),,,,,
2018,4,6/13/2018,2,13,HR,17,Medium,10,NA,NA,25,0,3,sand,exposed,271,0.9,29,0.1,6,NA,1,0,NA,0,NA,40,FSEPU(35),,,,,
2018,4,6/13/2018,2,13,HR,17,Medium,10,NA,NA,31,0,3.5,rock,exposed,134,0.45,166,0.55,8,NA,0,0,NA,2,24,160,,,,,,
2018,4,6/13/2018,2,13,HR,17,Medium,10,NA,NA,38,1,2,rock,hidden,233,0.78,67,0.22,6,NA,2,0,NA,0,NA,25,,,,,,
2018,4,6/13/2018,2,13,HR,16,High,10,NA,NA,25,2,5.3,rock,exposed,176,0.59,124,0.41,5,NA,0,0,NA,0,NA,15,JPACL (20),,,,,
2018,4,6/13/2018,2,13,HR,16,High,10,NA,NA,26,0,4.5,rock,hidden,93,0.31,207,0.69,3,NA,1,0,NA,0,NA,10,,,,,,
2018,4,6/13/2018,2,13,HR,16,High,10,NA,NA,28,0,1,rock,exposed,300,1,0,0,4,NA,1,0,NA,1,NTS,30,PANE (20),,,,,
2018,4,6/13/2018,2,13,HR,13,Low,8,NA,NA,24,0,1,rock,exposed,182,0.61,118,0.39,4,NA,0,0,NA,0,NA,35,,,,,,
2018,4,6/13/2018,2,13,HR,13,Low,8,NA,NA,25,0,5,rock,exposed,182,0.61,118,0.39,4,NA,0,0,NA,0,NA,50,,,,,,
2018,4,6/13/2018,2,13,HR,13,Low,8,NA,NA,32,0,3,rock,exposed,277,0.92,23,0.08,5,NA,1,0,NA,0,NA,40,,,,,,
2018,4,6/13/2018,2,13,HR,14,Medium,12,NA,NA,26,2,4.3,rock,exposed,300,1,0,0,2,NA,0,0,NA,1,25,10,,,,,,
2018,4,6/13/2018,2,13,HR,14,Medium,12,NA,NA,28,0,3,TOL,exposed,300,1,0,0,6,NA,3,0,NA,1,NTS,20,,,,,,
2018,4,6/13/2018,2,13,HR,14,Medium,12,NA,NA,29,0,2.3,rock,exposed,272,0.91,28,0.09,7,NA,3,0,NA,1,NTS,30,,,,,,
2018,4,6/13/2018,2,13,HR,15,Low,10,NA,NA,24,2,2.3,rock,exposed,140,0.47,160,0.53,3,NA,1,1,NTS,0,NA,20,,,,,,
2018,4,6/13/2018,2,13,HR,15,Low,10,NA,NA,30,0,2,rock,exposed,300,1,0,0,7,NA,4,0,NA,0,NA,15,,,,,,
2018,4,6/13/2018,2,13,HR,15,Low,10,NA,NA,28,0,1,rock,exposed,300,1,0,0,2,NA,2,1,NA,0,NA,20,FSEPU(40),,,,,
2018,4,6/27/2018,4,27,GJ,11,Low,10,14:10,14:15,27,0,3,rock,exposed,300,1,0,0,9,200,5,0,NA,1,NA,100,,,,,,
2018,4,6/27/2018,4,27,GJ,11,Low,10,14:18,14:23,30,0,4,rock,exposed,300,1,0,0,6,180,2,0,NA,0,NA,105,make sure to check the adjacent rock b/c there is a ~T23 in there,,,,,
2018,4,6/27/2018,4,27,GJ,11,Low,10,14:27,14:32,31,0,1,rock,exposed,300,1,0,0,10,210,4,2,38,0,NA,100,male jerks,,,,,
2018,4,6/27/2018,4,27,GJ,12,High,14,14:38,14:43,26,0,3,rock,exposed,300,1,0,0,10,100,14,0,NA,0,NA,80,"FSEPU(15), PACL(21), during density counts these predators were there",,,,,
2018,4,6/27/2018,4,27,GJ,12,High,14,14:46,14:51,29,0,1,rock,exposed,300,1,0,0,12,400,6,0,NA,0,NA,400,"moved a lot over a far distance, FHASE (8) X3, didn't phase goby",,,,,
2018,4,6/27/2018,4,27,GJ,12,High,14,14:52,14:57,25,0,4,sand,exposed,278,0.93,22,0.07,18,250,9,0,NA,0,NA,100,,,,,,
2018,4,6/27/2018,4,27,GJ,13,Low,12,15:04,15:09,25,0,3,rock,exposed,300,1,0,0,8,150,8,0,NA,0,NA,150,,,,,,
2018,4,6/27/2018,4,27,GJ,13,Low,12,15:10,15:15,26,0,1,rock,exposed,256,0.85,44,0.15,10,200,3,0,NA,0,NA,180,,,,,,
2018,4,6/27/2018,4,27,GJ,13,Low,12,15:17,15:22,27,0,4,rock,exposed,119,0.4,181,0.6,3,100,3,0,NA,0,NA,50,"went into rocks for a while, but came back out to same spot",,,,,
2018,4,6/27/2018,4,27,GJ,14,Medium,14,15:27,15:32,29,0,2,rock,exposed,64,0.21,236,0.79,6,200,4,0,NA,0,NA,60,,,,,,
2018,4,6/27/2018,4,27,GJ,14,Medium,14,15:33,15:38,31,0,1,rock,exposed,207,0.69,93,0.31,7,210,2,0,NA,0,NA,125,,,,,,
2018,4,6/27/2018,4,27,GJ,14,Medium,14,15:41,15:46,26,1,3,rock,exposed,300,1,0,0,5,80,6,0,NA,0,NA,25,,,,,,
2018,4,6/27/2018,4,27,GJ,15,Low,6,17:20,17:25,30,0,2,rock,exposed,300,1,0,0,5,150,9,0,NA,0,NA,100,,,,,,
2018,4,6/27/2018,4,27,GJ,15,Low,6,17:26,17:31,23,0,3,rock,exposed,234,0.78,66,0.22,7,125,1,0,NA,0,NA,75,,,,,,
2018,4,6/27/2018,4,27,GJ,15,Low,6,17:32,17:37,31,0,3,rock,exposed,300,1,0,0,0,0,3,0,NA,0,NA,4,hardly moved,,,,,
2018,4,6/27/2018,4,27,GJ,16,High,7,17:41,17:46,27,0,4,rock,exposed,234,0.78,66,0.22,7,200,9,0,NA,0,NA,80,PACL(12),,,,,
2018,4,6/27/2018,4,27,GJ,16,High,7,17:48,17:53,26,0,2,rock,exposed,255,0.85,45,0.15,10,90,0,0,NA,0,NA,80,,,,,,
2018,4,6/27/2018,4,27,GJ,16,High,7,17:56,18:01,23,1,2,rock,exposed,300,1,0,0,1,50,4,1,26(G0),0,NA,4,didn't move too much aside from chase,,,,,
2018,4,6/27/2018,4,27,GJ,17,Medium,11,18:05,18:10,28,0,1,rock,exposed,300,1,0,0,6,90,7,0,NA,0,NA,49,,,,,,
2018,4,6/27/2018,4,27,GJ,17,Medium,11,18:11,18:16,27,1,4,rock,exposed,171,0.57,129,0.43,9,150,3,0,NA,0,NA,150,,,,,,
2018,4,6/27/2018,4,27,GJ,17,Medium,11,18:14,18:19,31,0,5,rock,exposed,139,0.46,161,0.54,4,120,0,0,NA,2,23(G0).1(28),100,,,,,,
2018,4,6/27/2018,4,27,HR,12,High,11,NA,NA,33,0,3,rock,exposed,232,0.77,68,0.23,3,NA,0,0,NA,0,NA,NA,"FSEPU(20), PACL(20)",,,,,
2018,4,6/27/2018,4,27,HR,12,High,11,NA,NA,27,0,2,rock,exposed,300,1,0,0,1,NA,1,0,NA,0,NA,NA,FSEPU,,,,,
2018,4,6/27/2018,4,27,HR,12,High,11,NA,NA,25,0,5,rock,exposed,300,1,0,0,4,NA,2,1,31(G0),1,25,NA,PACL(20),,,,,
2018,4,6/27/2018,4,27,HR,17,Medium,9,NA,NA,27,0,4.5,rock,hidden,106,0.35,194,0.65,3,NA,0,0,NA,0,NA,NA,,,,,,
2018,4,6/27/2018,4,27,HR,17,Medium,9,NA,NA,23,1,1.5,rock,hidden,5,0.02,295,0.98,2,NA,1,0,NA,0,NA,NA,,,,,,
2018,4,6/27/2018,4,27,HR,17,Medium,9,NA,NA,24,0,5,rock,exposed,300,1,0,0,1,NA,2,0,NA,0,NA,NA,PACL(15),,,,,
2018,4,6/27/2018,4,27,HR,16,High,6,NA,NA,25,0,4,rock,hidden,0,0,300,1,1,NA,0,0,NA,0,NA,NA,"PACL(30), FSEPU(30)",,,,,
2018,4,6/27/2018,4,27,HR,16,High,6,NA,NA,27,0,5,rock,exposed,191,0.64,109,0.36,1,NA,1,0,NA,0,NA,NA,PACL(20),,,,,
2018,4,6/27/2018,4,27,HR,16,High,6,NA,NA,26,0,2.3,rock,hidden,47,0.16,253,0.84,2,NA,0,0,NA,0,NA,NA,"FSEPU(25),PACL(20)",,,,,
2018,4,6/27/2018,4,27,HR,15,Low,9,NA,NA,24,0,3,sand,exposed,300,1,0,0,5,NA,3,0,NA,0,NA,NA,PANE,,,,,
2018,4,6/27/2018,4,27,HR,15,Low,9,NA,NA,30,2,2.5,rock,exposed,211,0.7,89,0.3,4,NA,0,0,NA,0,NA,NA,,,,,,
2018,4,6/27/2018,4,27,HR,15,Low,9,NA,NA,30,0,4,TOL,hidden,20,0.07,280,0.93,3,NA,0,0,NA,0,NA,NA,,,,,,
2018,4,6/27/2018,4,27,HR,13,Low,10,NA,NA,26,0,5,rock,exposed,255,0.85,45,0.15,4,NA,3,0,NA,0,NA,NA,GYMO,,,,,
2018,4,6/27/2018,4,27,HR,13,Low,10,NA,NA,26,0,5,rock,exposed,212,0.71,88,0.29,2,150,2,0,NA,0,NA,25,,,,,,
2018,4,6/27/2018,4,27,HR,13,Low,10,NA,NA,30,0,4,rock,exposed,265,0.88,35,0.12,3,40,0,0,NA,0,NA,25,,,,,,
2018,4,6/27/2018,4,27,HR,11,Low,9,NA,NA,28,1,3,rock,exposed,300,1,0,0,2,20,1,0,NA,0,NA,6,,,,,,
2018,4,6/27/2018,4,27,HR,11,Low,9,NA,NA,33,0,5,rock,exposed,300,1,0,0,4,100,0,0,NA,1,26,150,,,,,,
2018,4,6/27/2018,4,27,HR,11,Low,9,NA,NA,23,0,2,rock,exposed,281,0.94,19,0.06,5,130,0,0,NA,0,NA,100,FSEPU(20),,,,,
2018,4,6/27/2018,4,27,HR,14,Medium,12,NA,NA,26,1,4,rock,exposed,300,1,0,0,3,80,3,0,NA,1,IMM,50,,,,,,
2018,4,6/27/2018,4,27,HR,14,Medium,12,NA,NA,29,0,5,rock,hidden,238,0.79,62,0.21,2,30,3,0,NA,1,25,25,"FSEPU(15), Pacl(10)",,,,,
2018,4,6/27/2018,4,27,HR,14,Medium,12,NA,NA,27,0,1,rock,hidden,154,0.51,146,0.49,5,180,1,1,31,0,NA,100,,,,,,
2018,4,6/27/2018,4,27,HR,14,Medium,12,NA,NA,31,0,5,rock,exposed,300,1,0,0,1,20,5,0,NA,0,NA,9,,,,,,
2018,4,6/27/2018,4,27,HR,14,Medium,12,NA,NA,25,1,4,rock,exposed,300,1,0,0,2,10,0,0,NA,0,NA,4,swam out of cage and then came back,,,,,
2018,4,6/27/2018,4,27,HR,14,Medium,12,NA,NA,33,0,5,rock,hidden,141,0.47,159,0.53,4,80,0,0,NA,0,NA,50,,,,,,
2018,5,7/9/2018,1,5,GJ,7,Medium,16,15:13,15:18,30,1,5,rock,exposed,300,1,0,0,13,100,11,0,NA,0,NA,100,PACL(31) ON TOP OF CAGE,,,,,
2018,5,7/9/2018,1,5,GJ,7,Medium,16,15:19,15:24,20,0,5,rock,hidden,219,0.73,81,0.27,14,75,0,3,31.30(G1).30,0,NA,120,got pushed around a lot,,,,,
2018,5,7/9/2018,1,5,GJ,7,Medium,16,15:26,15:31,28,1,1,rock,exposed,261,0.87,39,0.13,3,50,0,6,29,0,NA,160,,,,,,
2018,5,7/9/2018,1,5,GJ,9,High,7,15:35,15:40,31,0,1,TOL,exposed,283,0.94,17,0.06,7,25,1,0,NA,0,NA,64,FHASE(12),,,,,
2018,5,7/9/2018,1,5,GJ,9,High,7,15:45,15:50,31,0,4,rock,exposed,300,1,0,0,2,10,2,0,NA,0,NA,4,FSEPU(20)X2,,,,,
2018,5,7/9/2018,1,5,GJ,9,High,7,15:52,15:57,30,0,1,rock,exposed,299,1,1,0,16,80,9,0,NA,0,NA,400,"FSEPU(28),FSEPU(13),FHASE(21)",,,,,
2018,5,7/9/2018,1,5,GJ,8,Low,16,16:00,16:05,30,0,1,rock,exposed,260,0.87,40,0.13,9,60,4,0,NA,1,20,150,,,,,,
2018,5,7/9/2018,1,5,GJ,8,Low,16,16:07,16:12,22,0,3,rock,exposed,300,1,0,0,15,70,2,1,30(G0),0,NA,240,,,,,,
2018,5,7/9/2018,1,5,GJ,8,Low,16,16:14,16:19,29,1,3,rock,exposed,300,1,0,0,13,30,5,0,NA,0,NA,75,,,,,,
2018,5,7/9/2018,1,5,HR,9,High,5,NA,NA,NA,0,5,rock,hidden,67,0.22,233,0.78,3,30,1,0,NA,0,NA,25,PACL,,,,,
2018,5,7/9/2018,1,5,HR,9,High,5,NA,NA,26,0,1.4,rock,hidden,0,0,300,1,1,NA,0,0,NA,0,NA,NA,,,,,,
2018,5,7/9/2018,1,5,HR,9,High,5,NA,NA,31,2,1,rock,exposed,300,1,0,0,4,120,2,0,NA,0,NA,100,,,,,,
2018,5,7/9/2018,1,5,HR,8,Low,12,NA,NA,33,0,4,rock,exposed,300,1,0,0,1,30,11,0,NA,0,NA,9,,,,,,
2018,5,7/9/2018,1,5,HR,8,Low,12,NA,NA,26,1,4,TOL,exposed,300,1,0,0,7,120,2,0,NA,0,NA,30,faded tag,,,,,
2018,5,7/9/2018,1,5,HR,8,Low,12,NA,NA,30,2,1,rock,exposed,300,1,0,0,2,90,5,0,NA,0,NA,16,,,,,,
2018,5,7/9/2018,1,5,HR,7,Medium,14,NA,NA,30,1,5,rock,exposed,300,1,0,0,3,90,4,0,NA,0,NA,50,,,,,,
2018,5,7/9/2018,1,5,HR,7,Medium,14,NA,NA,20,0,4,TOL,exposed,300,1,0,0,5,300,3,2,NTS,0,NA,300,FHASE,,,,,
2018,5,7/9/2018,1,5,HR,7,Medium,14,NA,NA,27,2,1,rock,exposed,300,1,0,0,3,40,3,0,NA,0,NA,4,,,,,,
2018,5,7/9/2018,1,6,GJ,6,High,10,9:35,9:40,30,2,1,rock,exposed,300,1,0,0,12,30,13,0,NA,0,NA,64,JSEPU(13),,,,,
2018,5,7/9/2018,1,6,GJ,6,High,10,9:42,9:47,32,0,5,rock,exposed,267,0.89,33,0.11,9,50,12,0,NA,0,NA,60,,,,,,
2018,5,7/9/2018,1,6,GJ,6,High,10,9:49,9:54,26,1,4.3,TOL,hidden,281,0.94,19,0.06,7,80,3,3,32,0,NA,240,,,,,,
2018,5,7/9/2018,1,6,GJ,5,Medium,16,9:58,10:03,31,0,4,rock,hidden,206,0.69,94,0.31,1,30,4,0,NA,1,32(G1),49,,,,,,
2018,5,7/9/2018,1,6,GJ,5,Medium,16,10:06,10:11,28,0,3,rock,hidden,188,0.63,112,0.37,7,50,7,0,NA,1,26(G0),80,,,,,,
2018,5,7/9/2018,1,6,GJ,5,Medium,16,10:12,10:17,29,0,5,rock,exposed,149,0.5,151,0.5,6,50,5,1,30(G0),0,NA,64,,,,,,
2018,5,7/9/2018,1,6,GJ,4,Low,15,10:24,10:29,29,0,1,rock,exposed,300,1,0,0,13,90,14,0,NA,0,NA,160,,,,,,
2018,5,7/9/2018,1,6,GJ,4,Low,15,10:31,10:36,22,0,4,rock,exposed,230,0.77,70,0.23,10,70,3,1,30,0,NA,96,,,,,,
2018,5,7/9/2018,1,6,GJ,4,Low,15,10:38,10:43,29,1,3,rock,exposed,273,0.91,27,0.09,7,80,10,0,NA,0,NA,150,,,,,,
2018,5,7/9/2018,1,6,GJ,1,High,9,10:49,10:54,23,0,4,rock,exposed,286,0.95,14,0.05,9,60,5,2,26,0,NA,150,"MHASE(14), FSEPU(13,18),PACL(20),FHASE(18,9)",,,,,
2018,5,7/9/2018,1,6,GJ,1,High,9,10:55,11:00,31,0,4,rock,hidden,220,0.73,80,0.27,8,50,2,0,NA,3,23(G0),140,,,,,,
2018,5,7/9/2018,1,6,GJ,1,High,9,11:03,11:08,30,0,2,rock,exposed,282,0.94,18,0.06,12,30,9,0,NA,0,NA,50,FHASE(10)X5,,,,,
2018,5,7/9/2018,1,6,GJ,3,Medium,14,11:14,11:19,28,1,4,rock,exposed,168,0.56,132,0.44,7,30,2,0,NA,0,NA,30,,,,,,
2018,5,7/9/2018,1,6,GJ,3,Medium,14,14:31,14:36,32,0,5,rock,exposed,300,1,0,0,5,70,0,1,34(G0),0,NA,75,,,,,,
2018,5,7/9/2018,1,6,GJ,3,Medium,14,14:38,14:43,22,0,4,rock,exposed,207,0.69,93,0.31,8,90,6,0,NA,0,NA,90,,,,,,
2018,5,7/9/2018,1,6,GJ,2,Low,9,14:49,14:54,28,0,1,rock,exposed,300,1,0,0,8,50,7,0,NA,0,NA,150,,,,,,
2018,5,7/9/2018,1,6,GJ,2,Low,9,14:57,15:02,33,0,1,rock,exposed,257,0.86,43,0.14,9,60,1,0,NA,1,28(G1),180,,,,,,
2018,5,7/9/2018,1,6,GJ,2,Low,9,15:02,15:07,23,0,2,rock,exposed,300,1,0,0,2,20,3,0,NA,0,NA,25,,,,,,
2018,5,7/9/2018,1,6,HR,1,High,12,NA,NA,33,0,5,TOL,hidden,0,0,300,1,0,0,2,0,NA,1,NTS,4,FSEPU(15),,,,,
2018,5,7/9/2018,1,6,HR,1,High,12,NA,NA,23,0,1,rock,exposed,48,0.16,252,0.84,2,150,0,1,30,0,NA,100,,,,,,
2018,5,7/9/2018,1,6,HR,1,High,12,NA,NA,27,1,1,rock,exposed,250,0.83,50,0.17,2,50,1,0,NA,0,NA,25,,,,,,
2018,5,7/9/2018,1,6,HR,2,Low,11,NA,NA,33,2,3,rock,exposed,154,0.51,146,0.49,4,30,2,0,NA,0,NA,25,,,,,,
2018,5,7/9/2018,1,6,HR,2,Low,11,NA,NA,30,0,5,rock,exposed,270,0.9,30,0.1,4,100,1,0,NA,4,33,50,,,,,,
2018,5,7/9/2018,1,6,HR,2,Low,11,NA,NA,31,0,1,rock,exposed,300,1,0,0,8,200,4,0,NA,0,NA,150,HYRU,,,,,
2018,5,7/9/2018,1,6,HR,3,Medium,15,NA,NA,32,0,4.5,rock,exposed,287,0.96,13,0.04,4,60,0,0,NA,1,23,50,HYRU,,,,,
2018,5,7/9/2018,1,6,HR,3,Medium,15,NA,NA,33,0,1,TOL,exposed,174,0.58,126,0.42,4,100,3,0,NA,0,NA,100,,,,,,
2018,5,7/9/2018,1,6,HR,3,Medium,15,NA,NA,31,1,2,rock,exposed,159,0.53,141,0.47,2,80,0,0,NA,0,NA,25,HYRU,,,,,
2018,5,7/9/2018,1,6,HR,6,High,11,NA,NA,26,1,3,rock,exposed,255,0.85,45,0.15,1,20,0,0,NA,0,NA,9,FHASE,,,,,
2018,5,7/9/2018,1,6,HR,6,High,11,NA,NA,32,0,5,rock,hidden,191,0.64,109,0.36,1,40,2,0,NA,1,NTS,25,,,,,,
2018,5,7/9/2018,1,6,HR,6,High,11,NA,NA,30,2,1,rock,exposed,300,1,0,0,4,150,3,0,NA,1,28,50,,,,,,
2018,5,7/9/2018,1,6,HR,5,Medium,15,NA,NA,27,0,3,rock,exposed,229,0.76,71,0.24,2,100,0,0,NA,0,NA,36,HYRU,,,,,
2018,5,7/9/2018,1,6,HR,5,Medium,15,NA,NA,20,0,1,rock,exposed,300,1,0,0,4,120,3,0,NA,0,NA,100,,,,,,
2018,5,7/9/2018,1,6,HR,5,Medium,15,NA,NA,28,0,2,rock,exposed,0,0,300,1,7,250,7,0,NA,1,30,225,,,,,,
2018,5,7/9/2018,1,6,HR,4,High,NA,NA,NA,27,3,3,TOL,exposed,284,0.95,16,0.05,4,300,4,1,NTS,1,NTS,200,MSEPU,,,,,
2018,5,7/9/2018,1,6,HR,4,High,NA,NA,NA,28,1,3,rock,exposed,300,1,0,0,4,180,1,0,NA,0,NA,100,weird goby (HR note),,,,,
2018,5,7/9/2018,1,6,HR,4,High,NA,NA,NA,30,0,5,TOL,exposed,237,0.79,63,0.21,6,100,1,0,NA,1,27,25,FSEPU(30),,,,,
2018,5,7/10/2018,1,6,GJ,10,Medium,12,11:00,11:05,30,0,4,rock,exposed,234,0.78,66,0.22,7,30,2,0,NA,0,NA,25,,,,,,
2018,5,7/10/2018,1,6,GJ,10,Medium,12,11:06,11:11,23,0,5,rock,exposed,300,1,0,0,5,70,0,1,41(G0),0,NA,90,,,,,,
2018,5,7/10/2018,1,6,GJ,10,Medium,12,11:12,11:17,28,1,2,rock,exposed,290,0.97,10,0.03,2,20,5,0,NA,0,NA,20,,,,,,
2018,5,7/10/2018,1,6,GJ,11,Low,15,11:22,11:27,29,1,4,rock,exposed,300,1,0,0,18,30,2,0,NA,1,27(G0),40,,,,,,
2018,5,7/10/2018,1,6,GJ,11,Low,15,11:29,11:34,29,0,3,rock,exposed,300,1,0,0,4,85,1,3,31(G1)X3,0,NA,240,,,,,,
2018,5,7/10/2018,1,6,GJ,11,Low,15,11:35,11:40,29,0,1,rock,exposed,300,1,0,0,8,30,4,0,NA,0,NA,30,,,,,,
2018,5,7/10/2018,1,6,GJ,14,Medium,14,11:43,11:48,28,2,4,rock,exposed,300,1,0,0,11,30,14,0,NA,0,NA,20,,,,,,
2018,5,7/10/2018,1,6,GJ,14,Medium,14,11:50,11:55,27,1,1,rock,exposed,300,1,0,0,21,50,10,0,NA,0,NA,64,,"active, but in a small area",,,,
2018,5,7/10/2018,1,6,GJ,14,Medium,14,11:57,12:02,31,0,2,rock,exposed,300,1,0,0,16,70,0,0,NA,1,25(G0),300,,,,,,
2018,5,7/10/2018,1,6,GJ,13,Low,10,12:05,12:10,28,2,2,rock,exposed,247,0.82,53,0.18,4,60,4,4,32X2.30.26,0,NA,150,,male jerks,,,,
2018,5,7/10/2018,1,6,GJ,13,Low,10,12:12,12:17,26,0,2,rock,exposed,285,0.95,15,0.05,14,20,3,0,NA,0,NA,25,,,,,,
2018,5,7/10/2018,1,6,GJ,13,Low,10,12:18,12:23,25,0,3,rock,exposed,300,1,0,0,7,40,2,0,NA,0,NA,150,,,,,,
2018,5,7/10/2018,1,6,GJ,12,High,8,12:27,12:32,28,1,4,rock,exposed,184,0.61,116,0.39,6,40,23,2,29(G0).30.NTS,0,NA,300,"FHASE(8)X2,MHASE(18)",,,,,
2018,5,7/10/2018,1,6,GJ,12,High,8,12:34,12:39,26,0,1,rock,exposed,300,1,0,0,19,50,11,0,NA,0,NA,75,,back and forth between rockand PVC frame,,,,
2018,5,7/10/2018,1,6,GJ,12,High,8,12:40,12:45,29,2,1,rock,exposed,300,1,0,0,7,30,11,3,38,0,NA,49,,,,,,
2018,5,7/11/2018,1,6,HR,14,Medium,14,NA,NA,28,2,3,rock,exposed,300,1,0,0,4,80,0,0,NA,0,NA,25,,questionable values for some of these distances,,,,
2018,5,7/11/2018,1,6,HR,14,Medium,14,NA,NA,25,0,2,rock,exposed,262,0.87,38,0.13,15,600,0,2,31.29,0,NA,900,,,,,,
2018,5,7/11/2018,1,6,HR,14,Medium,14,NA,NA,31,0,2.5,rock,exposed,217,0.72,83,0.28,5,150,4,0,NA,0,NA,100,,,,,,
2018,5,7/11/2018,1,6,HR,13,Low,10,NA,NA,29,0,3,TOL,exposed,300,1,0,0,10,160,6,0,NA,0,NA,50,,spent a lot of time swimming in water column,,,,
2018,5,7/11/2018,1,6,HR,13,Low,10,NA,NA,25,0,3,rock,exposed,300,1,0,0,9,500,4,1,29,0,NA,900,,,,,,
2018,5,7/11/2018,1,6,HR,13,Low,10,NA,NA,24,1,2,rock,exposed,240,0.8,60,0.2,5,330,5,0,NA,0,NA,100,FSEPU(40),,,,,
2018,5,7/11/2018,1,6,HR,12,High,11,NA,NA,28,0,4.5,rock,exposed,223,0.74,77,0.26,7,200,0,3,31.NTS.NTS,0,NA,150,,,,,,
2018,5,7/11/2018,1,6,HR,12,High,11,NA,NA,30,0,4,TOL,hidden,158,0.53,142,0.47,9,150,3,0,NA,1,28,75,FHASE(15),,,,,
2018,5,7/11/2018,1,6,HR,12,High,11,NA,NA,26,3,1,rock,exposed,130,0.43,170,0.57,4,100,0,0,NA,0,NA,25,FSEPU(20),,,,,
2018,5,7/11/2018,1,6,HR,11,Low,12,NA,NA,31,0,3,rock,exposed,262,0.87,38,0.13,10,300,2,1,NTS,0,NA,150,MHASE(20),,,,,
2018,5,7/11/2018,1,6,HR,11,Low,12,NA,NA,29,0,4,rock,exposed,300,1,0,0,3,60,1,0,NA,0,NA,25,,,,,,
2018,5,7/11/2018,1,6,HR,11,Low,12,NA,NA,34,0,4,rock,exposed,125,0.42,175,0.58,13,600,0,0,NA,3,31.29.31,900,,,,,,
2018,5,7/11/2018,1,6,HR,10,Medium,11,NA,NA,23,0,4,rock,exposed,199,0.66,101,0.34,3,200,1,3,30.NTS.39,0,NA,200,,time hiding was in TOL 5,,,,
2018,5,7/11/2018,1,6,HR,10,Medium,11,NA,NA,39,0,3,TOL,hidden,157,0.52,143,0.48,8,150,0,0,NA,2,25.23,100,,,,,,
2018,5,7/11/2018,1,6,HR,10,Medium,11,NA,NA,27,0,1,rock,exposed,300,1,0,0,7,100,0,1,23,2,23.23,100,,,,,,
2018,5,7/11/2018,1,7,GJ,16,Medium,7,10:35,10:40,27,0,5,rock,exposed,281,0.94,19,0.06,4,40,1,4,"30(G1)X2,29(G1),29(G0)",0,NA,90,,,,,,
2018,5,7/11/2018,1,7,GJ,16,Medium,7,10:42,10:47,29,1,3,rock,exposed,190,0.63,110,0.37,12,30,8,0,NA,0,NA,100,,,,,,
2018,5,7/11/2018,1,7,GJ,16,Medium,7,10:49,10:54,29,2,1,rock,exposed,132,0.44,168,0.56,4,25,1,0,NA,1,30(G0),150,,,,,,
2018,5,7/11/2018,1,7,GJ,18,High,5,14:48,14:53,29,1,3,rock,hidden,199,0.66,101,0.34,8,25,6,0,NA,0,NA,50,"PACL(20)X2,FSEPU(15),PACL(11)",,,,,
2018,5,7/11/2018,1,7,GJ,18,High,5,13:56,14:01,31,0,2,rock,exposed,196,0.65,104,0.35,14,40,0,0,NA,2,26(G0)X2,75,,,,,,
2018,5,7/11/2018,1,7,GJ,18,High,5,15:03,15:08,23,0,1,rock,exposed,300,1,0,0,11,30,11,0,NA,0,NA,96,"MHASE(12),GYMO(30)",,,,,
2018,5,7/11/2018,1,7,GJ,15,High,7,15:14,15:19,30,0,5,rock,hidden,194,0.65,106,0.35,8,25,1,0,NA,0,NA,60,,,,,,
2018,5,7/11/2018,1,7,GJ,15,High,7,15:20,15:25,30,0,3,rock,exposed,98,0.33,202,0.67,8,60,0,1,25(G1),0,NA,125,,,,,,
2018,5,7/11/2018,1,7,GJ,15,High,7,15:27,15:32,31,0,1,rock,hidden,56,0.19,244,0.81,8,30,3,0,NA,0,NA,60,,,,,,
2018,5,7/11/2018,1,7,GJ,17,Low,11,15:35,15:40,30,0,5,rock,exposed,300,1,0,0,6,24,12,0,NA,0,NA,40,,,,,,
2018,5,7/11/2018,1,7,GJ,17,Low,11,15:42,15:47,23,1,5,rock,exposed,276,0.92,24,0.08,10,40,1,2,"30(G0),32(G0)",0,NA,240,,chased a lot,,,,
2018,5,7/11/2018,1,7,GJ,17,Low,11,15:48,15:53,27,1,1,rock,exposed,123,0.41,177,0.59,12,100,2,0,NA,6,"25(G1)X5,28(G1)",300,,,,,,
2018,5,7/11/2018,1,7,HR,15,High,5,NA,NA,31,0,5,rock,exposed,300,1,0,0,2,60,10,0,NA,0,NA,25,,,,,,
2018,5,7/11/2018,1,7,HR,15,High,5,NA,NA,25,2,4,rock,exposed,266,0.89,34,0.11,1,30,0,0,NA,0,NA,4,,,,,,
2018,5,7/11/2018,1,7,HR,15,High,5,NA,NA,30,0,1.5,rock,hidden,0,0,300,1,3,80,0,0,NA,0,NA,16,,,,,,
2018,5,7/11/2018,1,7,HR,17,Low,10,NA,NA,28,0,2.3,rock,exposed,300,1,0,0,4,100,1,0,NA,0,NA,25,HYRU,,,,,
2018,5,7/11/2018,1,7,HR,17,Low,10,NA,NA,30,0,1,rock,exposed,300,1,0,0,10,120,4,0,NA,0,NA,150,,,,,,
2018,5,7/11/2018,1,7,HR,17,Low,10,NA,NA,28,2,5,rock,exposed,300,1,0,0,9,300,5,0,NA,0,NA,25,,,,,,
2018,5,7/11/2018,1,7,HR,16,Medium,12,NA,NA,29,0,1,rock,hidden,248,0.83,52,0.17,3,60,4,0,NA,0,NA,25,,,,,,
2018,5,7/11/2018,1,7,HR,16,Medium,12,NA,NA,30,0,5,rock,exposed,197,0.66,103,0.34,10,700,4,0,NA,0,NA,900,"when hiding, in TOL 4/1",,,,,
2018,5,7/11/2018,1,7,HR,16,Medium,12,NA,NA,20,0,3,rock,exposed,300,1,0,0,1,30,3,0,NA,0,NA,4,,,,,,
2018,5,7/11/2018,1,7,HR,18,High,7,NA,NA,NA,0,3,rock,exposed,292,0.97,8,0.03,3,80,0,1,29,0,NA,15,CAPR,,,,,
2018,5,7/11/2018,1,7,HR,18,High,7,NA,NA,22,0,2,rock,exposed,79,0.26,221,0.74,3,50,0,0,NA,0,NA,15,PACL(15),,,,,
2018,5,7/11/2018,1,7,HR,18,High,7,NA,NA,31,0,5,rock,exposed,156,0.52,144,0.48,5,120,2,0,NA,0,NA,25,PACL,,,,,
2018,5,7/29/2018,4,24,GJ,7,Medium,4,10:49,10:54,20,1,1,rock,exposed,300,1,0,0,13,150,1,0,NA,0,NA,60,,,,,,
2018,5,7/29/2018,4,24,GJ,7,Medium,4,10:56,11:01,27,0,3,rock,exposed,246,0.82,54,0.18,7,800,3,0,NA,0,NA,160,,,,,,
2018,5,7/29/2018,4,24,GJ,7,Medium,4,11:03,11:08,29,0,3,rock,exposed,300,1,0,0,7,150,6,0,NA,0,NA,36,,,,,,
2018,5,7/29/2018,4,24,GJ,18,High,3,15:20,15:25,29,0,2,rock,hidden,11,0.04,289,0.96,8,450,0,0,NA,0,NA,180,,,,,,
2018,5,7/29/2018,4,24,GJ,18,High,3,15:26,15:31,25,0,3,TOL,exposed,300,1,0,0,3,75,10,0,NA,0,NA,15,,,,,,
2018,5,7/29/2018,4,24,GJ,18,High,3,15:33,15:38,30,0,2,TOL,hidden,0,0,300,1,2,20,0,0,NA,0,NA,2,,in TOL 2 the whole time,,,,
2018,5,7/29/2018,4,24,GJ,17,Low,7,15:43,15:48,28,0,1,rock,exposed,211,0.7,89,0.3,8,150,4,0,NA,0,NA,60,,,,,,
2018,5,7/29/2018,4,24,GJ,17,Low,7,15:50,15:55,28,0,4,rock,exposed,246,0.82,54,0.18,11,200,0,0,NA,0,NA,50,,,,,,
2018,5,7/29/2018,4,24,GJ,17,Low,7,15:55,16:00,27,0,1,rock,exposed,213,0.71,87,0.29,12,300,4,0,NA,0,NA,150,,,,,,
2018,5,7/29/2018,4,24,GJ,16,Medium,7,16:06,16:11,30,1,4,rock,exposed,291,0.97,9,0.03,9,350,0,4,40X3.28X1,0,NA,125,,,,,,
2018,5,7/29/2018,4,24,GJ,16,Medium,7,16:13,16:18,29,0,5,rock,exposed,56,0.19,244,0.81,5,250,0,0,NA,1,20.RECRUIT,100,,,,,,
2018,5,7/29/2018,4,24,GJ,16,Medium,7,16:24,16:29,20,0,2,rock,exposed,285,0.95,15,0.05,8,400,1,0,NA,6,40(G0)X2.26(G0).28(G1)29.29,120,,"octo moving around the whole time, evicted afterwards",,,,
2018,5,7/29/2018,4,24,GJ,15,High,7,16:32,16:37,23,0,4,rock,exposed,212,0.71,88,0.29,11,150,6,1,40,0,NA,75,,,,,,
2018,5,7/29/2018,4,24,GJ,15,High,7,17:15,17:20,25,1,4,rock,exposed,300,1,0,0,6,100,10,0,0,,NA,40,,,,,,
2018,5,7/29/2018,4,24,GJ,15,High,7,17:21,17:26,40,0,3,rock,exposed,299,1,1,0,7,400,1,0,NA,3,30.30.NTS,150,,,,,,
2018,5,7/29/2018,4,24,GJ,11,Low,3,17:32,17:37,27,0,2,rock,exposed,300,1,0,0,10,900,2,0,NA,0,NA,350,,,,,,
2018,5,7/29/2018,4,24,GJ,11,Low,3,17:39,17:44,30,NA,2,TOL,hidden,0,0,300,1,0,20,0,0,NA,0,NA,4,,inside TOL 2 the whole time. No more fish to observe,,,,
2018,5,7/29/2018,4,24,GJ,10,Medium,5,17:48,17:53,23,1,1,rock,exposed,300,1,0,0,5,100,5,0,NA,0,NA,30,,,,,,
2018,5,7/29/2018,4,24,GJ,10,Medium,5,17:55,18:00,32,0,5,rock,exposed,186,0.62,114,0.38,5,280,0,0,NA,1,23(G1),100,,,,,,
2018,5,7/29/2018,4,24,GJ,10,Medium,5,18:01,18:06,28,0,1,rock,exposed,233,0.78,67,0.22,10,250,2,0,NA,1,23(G1),100,,,,,,
2018,5,7/29/2018,4,24,GJ,14,Medium,3,18:10,18:15,23,0,4,rock,exposed,300,1,0,0,3,120,9,0,NA,0,NA,40,,,,,,
2018,5,7/29/2018,4,24,GJ,14,Medium,3,18:16,18:21,30,0,5,rock,exposed,191,0.64,109,0.36,4,50,0,0,NA,0,NA,10,,fuizzy tail,,,,
2018,5,7/29/2018,4,24,GJ,14,Medium,3,18:22,18:27,28,1,4,rock,exposed,230,0.77,70,0.23,14,150,1,0,NA,0,NA,30,,,,,,
2018,5,7/29/2018,4,24,HR,7,Medium,7,NA,NA,28,0,2,rock,exposed,300,1,0,0,2,20,7,0,NA,0,NA,4,,,,,,
2018,5,7/29/2018,4,24,HR,7,Medium,7,NA,NA,22,0,3,rock,exposed,300,1,0,0,1,20,1,0,NA,0,NA,4,,,,,,
2018,5,7/29/2018,4,24,HR,7,Medium,7,NA,NA,20,0,1,rock,exposed,246,0.82,54,0.18,6,80,2,0,NA,0,NA,25,,,,,,
2018,5,7/29/2018,4,24,HR,8,Low,8,NA,NA,29,2,3,rock,exposed,300,1,0,0,1,30,4,0,NA,0,NA,4,,,,,,
2018,5,7/29/2018,4,24,HR,8,Low,8,NA,NA,29,0,4,rock,hidden,98,0.33,202,0.67,9,400,2,0,NA,0,NA,400,,,,,,
2018,5,7/29/2018,4,24,HR,8,Low,8,NA,NA,20,0,5,rock,exposed,242,0.81,58,0.19,6,150,1,0,NA,0,NA,100,,,,,,
2018,5,7/29/2018,4,24,HR,10,Medium,4,NA,NA,30,0,3,rock,exposed,204,0.68,96,0.32,10,400,2,0,NA,0,NA,400,,missing back half of tail,,,,
2018,5,7/29/2018,4,24,HR,10,Medium,4,NA,NA,23,0,1,rock,exposed,300,1,0,0,1,20,4,0,NA,0,NA,4,,,,,,
2018,5,7/29/2018,4,24,HR,10,Medium,4,NA,NA,28,2,1,rock,exposed,100,0.33,200,0.67,3,60,0,1,NTS,1,28,25,,,,,,
2018,5,7/29/2018,4,24,HR,11,Low,3,NA,NA,NTS,0,4.1,rock,exposed,217,0.72,83,0.28,5,200,2,0,NA,0,NA,100,,,,,,
2018,5,7/29/2018,4,24,HR,11,Low,3,NA,NA,20,0,1,rock,exposed,300,1,0,0,6,160,3,0,NA,0,NA,100,,,,,,
2018,5,7/29/2018,4,24,HR,11,Low,3,NA,NA,29,0,2,TOL,hidden,114,0.38,186,0.62,3,180,5,0,NA,0,NA,75,,,,,,
2018,5,7/29/2018,4,24,HR,14,Medium,5,NA,NA,28,0,4,TOL,hidden,250,0.83,50,0.17,2,90,0,0,NA,0,NA,25,,,,,,
2018,5,7/29/2018,4,24,HR,14,Medium,5,NA,NA,29,0,1,TOL,hidden,45,0.15,255,0.85,3,60,0,0,NA,0,NA,9,,,,,,
2018,5,7/29/2018,4,24,HR,14,Medium,5,NA,NA,30,0,5,rock,exposed,100,0.33,200,0.67,3,40,0,0,NA,0,NA,9,,,,,,
2018,5,7/29/2018,4,24,HR,15,High,8,NA,NA,41,0,3,rock,exposed,181,0.6,119,0.4,4,60,0,0,NA,0,NA,9,,,,,,
2018,5,7/29/2018,4,24,HR,15,High,8,NA,NA,24,1,4,rock,exposed,245,0.82,55,0.18,5,30,4,0,NA,0,NA,4,,,,,,
2018,5,7/29/2018,4,24,HR,15,High,8,NA,NA,29,3,5,rock,hidden,0,0,300,1,2,100,0,0,NA,0,NA,40,,,,,,
2018,5,7/29/2018,4,24,HR,16,Medium,8,NA,NA,27,0,5,rock,exposed,88,0.29,212,0.71,3,40,0,0,NA,0,NA,9,,,,,,
2018,5,7/29/2018,4,24,HR,16,Medium,8,NA,NA,20,0,2,rock,exposed,300,1,0,0,6,250,0,2,29.29,0,NA,75,,,,,,
2018,5,7/29/2018,4,24,HR,16,Medium,8,NA,NA,29,0,1,rock,exposed,171,0.57,129,0.43,4,150,0,0,NA,0,NA,50,,,,,,
2018,5,7/29/2018,4,24,HR,17,Low,6,NA,NA,30,0,5,rock,exposed,300,1,0,0,1,30,1,0,NA,0,NA,4,,,,,,
2018,5,7/29/2018,4,24,HR,17,Low,6,NA,NA,NTS,0,4,rock,hidden,0,0,300,1,0,0,0,0,NA,0,NA,0,,in TOL whole time,,,,
2018,5,7/29/2018,4,24,HR,17,Low,6,NA,NA,NTS,0,1,TOL,exposed,300,1,0,0,2,50,0,0,NA,0,NA,15,PACL.HASE,,,,,
2018,5,7/29/2018,4,25,GJ,5,Medium,5,11:11,11:16,31,3,2,rock,exposed,281,0.94,19,0.06,12,200,12,0,NA,0,NA,75,,,,,,
2018,5,7/29/2018,4,25,GJ,5,Medium,5,11:16,11:21,29,0,1,rock,exposed,300,1,0,0,4,300,4,0,NA,0,NA,90,,,,,,
2018,5,7/29/2018,4,25,GJ,5,Medium,5,11:23,11:28,29,0,3,TOL,exposed,53,0.18,247,0.82,8,250,0,0,NA,0,NA,80,,"male jerks after observation period, likley a male, depsite being tagged as a 29 intially",,,,
2018,5,7/30/2018,4,25,GJ,8,Low,5,15:40,15:45,29,1,4,rock,exposed,290,0.97,10,0.03,4,300,4,0,NA,1,29(G1),150,,,,,,
2018,5,7/30/2018,4,25,GJ,8,Low,5,15:46,15:51,29,1,3,rock,exposed,300,1,0,0,8,300,14,0,NA,0,NA,45,,,,,,
2018,5,7/30/2018,4,25,GJ,8,Low,5,15:53,15:58,31,0,1,rock,exposed,196,0.65,104,0.35,8,250,0,1,33,0,NA,72,,male jerks from chaser,,,,
2018,5,7/29/2018,4,25,HR,2,Low,7,NA,NA,NTS,0,3,rock,exposed,75,0.25,225,0.75,2,100,0,0,NA,0,NA,25,,,,,,
2018,5,7/29/2018,4,25,HR,2,Low,7,NA,NA,30,0,4,TOL,hidden,22,0.07,278,0.93,3,50,0,0,NA,0,NA,9,,,,,,
2018,5,7/29/2018,4,25,HR,2,Low,7,NA,NA,33,3,5,rock,exposed,300,1,0,0,6,200,4,0,NA,2,NTS.NTS,50,,,,,,
2018,5,7/29/2018,4,25,HR,3,Medium,4,NA,NA,NTS,0,2.3,rock,exposed,300,1,0,0,1,30,1,0,NA,0,NA,4,,,,,,
2018,5,7/29/2018,4,25,HR,3,Medium,4,NA,NA,31,0,2,rock,exposed,95,0.32,205,0.68,6,200,2,0,NA,0,NA,100,HYRU,,,,,
2018,5,7/29/2018,4,25,HR,3,Medium,4,NA,NA,23,0,1,rock,exposed,156,0.52,144,0.48,4,50,1,0,NA,0,NA,16,,,,,,
2018,5,7/30/2018,4,25,HR,18,High,1,NA,NA,NTS,0,5,rock,exposed,12,0.04,288,0.96,1,30,0,0,NA,0,NA,9,,,,,,
2018,5,7/30/2018,4,26,GJ,3,Medium,4,16:04,16:09,28,0,5,rock,exposed,42,0.14,258,0.86,2,100,1,0,NA,0,NA,21,,,,,,
2018,5,7/30/2018,4,26,GJ,3,Medium,4,16:10,16:15,23,0,1,rock,exposed,239,0.8,61,0.2,5,200,11,0,NA,0,NA,60,,,,,,
2018,5,7/30/2018,4,26,GJ,3,Medium,4,16:17,16:22,31,2,4,TOL,exposed,106,0.35,194,0.65,7,500,1,0,NA,2,30(G1)X2,180,,,,,,
2018,5,7/30/2018,4,26,GJ,2,Low,7,16:26,16:31,23,0,3,rock,exposed,300,1,0,0,8,300,4,1,33(G3),0,NA,60,PACL(60),"PACL was on top of cage, BBG was hovering around, little urgency (didn't seem to care)",,,,
2018,5,7/30/2018,4,26,GJ,2,Low,7,16:34,16:39,33,0,4,rock,exposed,39,0.13,261,0.87,9,100,4,0,NA,0,NA,16,,"when hidden, was inside TOL 4",,,,
2018,5,7/30/2018,4,26,GJ,2,Low,7,16:41,16:46,28,1,5,rock,exposed,139,0.46,161,0.54,5,120,1,0,NA,0,NA,30,HYRU,,,,,
2018,5,7/30/2018,4,26,HR,5,Medium,5,NA,NA,30,0,4,rock,exposed,263,0.88,37,0.12,2,30,0,0,NA,0,NA,9,,,,,,
2018,5,7/30/2018,4,26,HR,5,Medium,5,NA,NA,29,1,1,rock,exposed,300,1,0,0,1,50,0,0,NA,0,NA,15,,,,,,
2018,5,7/30/2018,4,26,HR,5,Medium,5,NA,NA,31,3,2,rock,exposed,283,0.94,17,0.06,4,100,3,1,NTS,0,NA,25,,,,,,
2018,5,7/30/2018,4,26,HR,4,Low,4,NA,NA,23,3,3,rock,exposed,188,0.63,112,0.37,3,70,0,0,NA,0,NA,25,,,,,,
2018,5,7/30/2018,4,26,HR,4,Low,4,NA,NA,25,0,4,rock,exposed,214,0.71,86,0.29,3,50,0,0,NA,0,NA,16,,,,,,
2018,5,7/30/2018,4,26,HR,4,Low,4,NA,NA,27,0,5,rock,exposed,238,0.79,62,0.21,2,50,0,0,NA,0,NA,12,GYMO,,,,,
2018,6,8/13/2018,1,5,GJ,7,High,7,10:18,10:23,23,0,3,rock,exposed,253,0.84,47,0.16,7,32,7,0,NA,0,NA,100,,"1 fuzzy fish, ~32",,,,
2018,6,8/13/2018,1,5,GJ,7,High,7,10:24,10:29,24,0,2,rock,exposed,143,0.48,157,0.52,7,35,2,0,NA,0,NA,120,PACL(31) in cage,,,,,
2018,6,8/13/2018,1,5,GJ,7,High,7,10:33,10:38,33,0,5,rock,exposed,92,0.31,208,0.69,9,20,2,0,NA,0,NA,48,,"when hiding, was in TOL 5",,,,
2018,6,8/13/2018,1,5,GJ,6,Medium,8,10:41,10:46,29,0,4,rock,exposed,295,0.98,5,0.02,9,15,0,0,NA,1,24(G0),75,,,,,,
2018,6,8/13/2018,1,5,GJ,6,Medium,8,10:48,10:53,35,0,5,rock,hidden,82,0.27,218,0.73,6,30,0,0,NA,2,23.25.NTS,80,,,,,,
2018,6,8/13/2018,1,5,GJ,6,Medium,8,10:57,11:02,24,0,1,rock,hidden,196,0.65,104,0.35,8,35,0,0,NA,0,NA,200,,,,,,
2018,6,8/13/2018,1,5,GJ,5,Control,8,11:04,11:09,22,0,1,rock,exposed,300,1,0,0,0,7,2,0,NA,1,NA,16,,,,,,
2018,6,8/13/2018,1,5,GJ,5,Control,8,11:11,11:16,22,0,4,rock,exposed,44,0.15,256,0.85,7,60,1,0,NA,0,23(G0),200,,,,,,
2018,6,8/13/2018,1,5,GJ,5,Control,8,11:18,11:23,30,0,4,rock,exposed,148,0.49,152,0.51,5,20,6,0,NA,0,NA,80,PACL(12),"little dorsal fuzz, should be ok",,,,
2018,6,8/13/2018,1,5,GJ,1,Low,7,11:58,12:03,25,0,1,rock,exposed,242,0.81,58,0.19,9,30,2,0,NA,0,NA,75,PACL(34) on cage,,,,,
2018,6,8/13/2018,1,5,GJ,1,Low,7,12:07,12:12,23,0,3,rock,exposed,100,0.33,200,0.67,3,20,0,1,31,0,NA,100,,,,,,
2018,6,8/13/2018,1,5,GJ,1,Low,7,12:14,12:19,25,0,2,rock,exposed,300,1,0,0,9,40,9,0,NA,0,NA,300,,,,,,
2018,6,8/13/2018,1,5,GJ,2,Control,7,12:22,12:27,22,0,3,rock,exposed,82,0.27,218,0.73,3,13,0,0,NA,0,NA,100,,,,,,
2018,6,8/13/2018,1,5,GJ,2,Control,7,12:29,12:34,25,0,4,rock,exposed,120,0.4,180,0.6,12,15,3,0,NA,0,NA,30,,,,,,
2018,6,8/13/2018,1,5,GJ,2,Control,7,12:35,12:40,22,0,1,rock,exposed,256,0.85,44,0.15,4,12,0,0,NA,0,NA,25,,,,,,
2018,6,8/13/2018,1,5,GJ,3,Medium,8,12:45,12:50,24,0,4,rock,exposed,84,0.28,216,0.72,3,15,2,0,NA,0,NA,96,,went into rocks and was not seen again after 1:25,,,,
2018,6,8/13/2018,1,5,GJ,3,Medium,8,12:51,12:56,23,0,2,rock,exposed,264,0.88,36,0.12,5,12,2,0,NA,0,NA,30,,,,,,
2018,6,8/13/2018,1,5,GJ,3,Medium,8,12:58,13:03,23,1,1,TOL,hidden,49,0.16,251,0.84,4,12,1,0,NA,0,NA,36,,"when hidden,was inside TOL 1",,,,
2017,1,6/28/2017,1,2,HB,1,Low,NA,16:51,16:58,F28,0,4,rock (moved to 3),hidden,0,0,300,1,8,30,0,0,0,0,0,NA (wasn't moving too much),,,,,,
2017,1,6/28/2017,1,2,HB,1,Low,NA,16:58,17:05,22 (no clear sex tag),NA,4,sand,exposed,300,1,0,0,9,NA,0,0,0,0,0,0,,,,,,
2017,1,6/28/2017,1,2,HB,1,Low,NA,17:05,17:11,F30,0,1,rock,exposed,300,1,0,0,16,NA,0,0,0,0,0,0,,,,,,
2017,1,6/28/2017,1,2,GJ,1,Low,NA,13:27,13:03,F29,2,4,rock,exposed,300,1,0,0,13,300,10,0,0,0,0,30,stayed on rock whole time,,,,,
2017,1,6/28/2017,1,2,GJ,1,Low,NA,14:10,14:15,F25,0,2,rock,hidden,15,0.05,285,0.95,4,100,2,0,0,0,0,10,,,,,,
2017,1,6/28/2017,1,2,GJ,1,Low,NA,14:18,14:24,M32,NA,4,sand,exposed,288,0.96,34,0.11,34,700,1,0,0,1,F27 (Gravid:1),600,was on sand in NE corner under bottom mesh,,,,,
2017,1,6/28/2017,1,2,HB,2,Medium,NA,17:11,17:17,F35,0,2,rock,exposed,300,1,0,0,5,NA,0,0,0,0,0,0,,,,,,
2017,1,6/28/2017,1,2,HB,2,Medium,NA,17:17,17:23,NTS (10mm),NA,2,rock,exposed,206,0.69,94,0.31,15,50,0,0,0,0,0,0,,,,,,
2017,1,6/28/2017,1,2,HB,2,Medium,NA,17:23,17:30,F25,0,3,rock,exposed,300,1,0,0,17,50,0,0,0,0,0,0,,,,,,
2017,1,6/28/2017,1,2,GJ,2,Medium,NA,14:42,14:47,F25,0,4,rock,exposed,115,0.38,185,0.62,4,120,1,1,F26 (gravid:2),0,0,300,~M32 in TOL 4,,,,,
2017,1,6/28/2017,1,2,GJ,2,Medium,NA,14:48,14:53,F26,2,5,rock,exposed,60,0.2,240,0.8,3,100,0,1,M30 (NTS),0,0,50,,,,,,
2017,1,6/28/2017,1,2,GJ,2,Medium,NA,14:58,15:03,F26,0,4,rock,hidden,30,0.1,270,0.9,12,500,1,0,0,0,0,500,,,,,,
2017,1,6/28/2017,1,2,HB,3,Low,NA,17:30,17:36,NTS (20mm),NA,1,rock,exposed,115,0.38,185,0.62,10,60,0,1,"(NST, big goby)",0,0,0,,,,,,GYMO (small)
2017,1,6/28/2017,1,2,HB,3,Low,NA,17:39,17:44,F29,0,4,rock,exposed,300,1,0,0,7,NA,0,0,0,0,0,0,,,,,,
2017,1,6/28/2017,1,2,HB,3,Low,NA,17:44,17:50,F20,0,5,rock,exposed,120,0.4,180,0.6,4,NA,0,0,0,0,0,0,,,,,,
2017,1,6/28/2017,1,2,GJ,3,Low,NA,16:38,16:43,M33,NA,4,rock,exposed,238,0.79,62,0.21,9,210,0,1,M35,0,NA,300,displaced from TOL 4,,,,,
2017,1,6/28/2017,1,2,GJ,3,Low,NA,16:45,16:50,M28,NA,4,rock,exposed,300,1,0,0,50,500,14,0,NA,0,NA,300,stayed on rocks in generally small area,,,,,
2017,1,6/28/2017,1,2,GJ,3,Low,NA,16:53,16:58,F27,0,2,rock,exposed,235,0.78,65,0.22,22,500,1,1,GF30,0,NA,300,stayed put until displaced,,,,,
2017,1,6/28/2017,1,2,GJ,4,High,NA,18:07,18:12,F26,0,4,rock,exposed,265,0.88,35,0.12,7,125,1,0,NA,0,NA,50,"2 SEPU (10) in cage, another SEPU (13)",,,,,3 SEPU
2017,1,6/28/2017,1,2,GJ,4,High,NA,18:14,18:19,F32,3,1,rock,exposed,275,0.92,25,0.08,8,300,1,0,NA,1,F29,250,hanging out on PVC pipe (reef frame) at times,,,,,
2017,1,6/28/2017,1,2,GJ,4,High,NA,18:21,18:26,F31,2,3,rock,exposed,300,1,0,0,12,150,9,0,NA,0,NA,100,small moray that was most likely on reef for less than 24h,,,,,GYMO (small)
2017,1,6/28/2017,1,2,HB,4,High,NA,,,F25,0,1 and 2,rock,exposed,300,1,0,0,47,NA,0,0,NA,0,NA,,heavy wave perturbation,,,,,
2017,1,6/28/2017,1,2,HB,4,High,NA,,,F30,1,1 and 2,rock,exposed,300,1,0,0,23,610,0,0,NA,0,NA,,"exposed, exposed, on sand",,,,,
2017,1,6/28/2017,1,2,HB,4,High,NA,,,F20,0,3,rock,exposed,280,0.93,20,0.07,24,610,0,0,NA,0,NA,,hid when large fish came in,,,,,
2017,1,6/28/2017,1,2,GJ,5,Medium,NA,17:26,17:31,F25,0,2,rock,exposed,300,1,0,0,20,125,10,0,NA,0,NA,100,,,,,,
2017,1,6/28/2017,1,2,GJ,5,Medium,NA,17:31,17:36,M32,NA,2,rock,hidden,263,0.88,37,0.12,7,50,1,0,NA,0,NA,250,,,,,,
2017,1,6/28/2017,1,2,GJ,5,Medium,NA,17:39,17:44,F28,1,5,rock,hidden,300,1,0,0,6,30,4,0,NA,0,NA,90,Perched on top of TOL 5 nipping at algae,,,,,
2017,1,6/28/2017,1,2,HB,5,Medium,NA,,,M27,NA,1,rock,exposed,295,0.98,5,0.02,27,914,0,0,NA,0,NA,,,,,,,
2017,1,6/28/2017,1,2,HB,5,Medium,NA,,,F22,0,4,rock,exposed,300,1,0,0,21,1220,0,0,NA,0,NA,,"""moved to different rock - other fish came""",,,,,
2017,1,6/28/2017,1,2,HB,5,Medium,NA,,,?20,0,5,rock,exposed,253,0.84,47,0.16,11,,0,0,NA,0,NA,,,,,,,
2017,1,6/28/2017,1,2,GJ,6,High,NA,17:05,17:10,M40,NA,5,rock,exposed,298,0.99,2,0.01,2,0,0,0,NA,0,NA,10,"Chased by HASE (20), PACL (17) laying in wait in NW corner of cage reef",,,,,"HASE (20), PACL (17)"
2017,1,6/28/2017,1,2,GJ,6,High,NA,17:13,17:18,F25,0,4,rock,exposed,60,0.2,240,0.8,6,125,1,0,NA,0,NA,400,"moved 6 times, then hid in rocks and was not seen again (went into rocks 2:30 into observation)",,,,,
2017,1,6/28/2017,1,2,GJ,6,High,NA,17:18,17:23,F27,0,1,rock,exposed,300,1,0,0,11,125,4,1,F24,0,NA,100,"no tags seen on the chasing fish, size estimate at F24",,,,,
2017,1,6/28/2017,1,2,HB,6,High,NA,,,F25,0,3,rock,exposed,NA,NA,NA,NA,16,1220,0,0,NA,0,NA,300,"""exposed, hidden,exposed"", but no times for that section",,,,,
2017,1,6/28/2017,1,2,HB,6,High,NA,,,F20,3,1,rock,exposed,300,1,0,0,10,51,0,0,NA,0,NA,,"""fat, big, gender?"", assuming she saw a large gravid female",,,,,
2017,1,6/28/2017,1,2,HB,6,High,NA,,,F30,0,1,rock,hidden,10,0.03,290,0.97,13,,0,0,NA,0,NA,,,,,,,
2017,1,6/29/2017,1,3,GJ,7,Medium,NA,11:51,11:56,F28,0,1,rock,exposed,300,1,0,0,4,30,14,0,NA,0,NA,100,,,,,,
2017,1,6/29/2017,1,3,GJ,7,Medium,NA,11:59,12:04,F24,2,3,rock,exposed,283,0.94,17,0.06,8,30,7,0,NA,0,NA,100,,,,,,
2017,1,6/29/2017,1,3,GJ,7,Medium,NA,12:06,12:11,M35,NA,4,TOL,exposed,300,1,0,0,8,100,7,0,NA,1,"F30? (no size tag seen, but def fem)",500,went from rocks to TOL and then back to rocks,"questionable because I've been classifying time spent in TOL as hidden, which is different in this case",,,,
2017,1,6/29/2017,1,3,GJ,8,Low,NA,12:26,12:31,M38 (must have migrated),NA,2,rock,exposed,300,1,0,0,6,30,7,0,NA,0,NA,200,,,,,,
2017,1,6/29/2017,1,3,GJ,8,Low,NA,12:33,12:38,F28,1,2,rock,hidden,178,0.59,122,0.41,9,500,1,0,NA,3,"F27, F27, F27 (all different)",1000,,,,,,
2017,1,6/29/2017,1,3,GJ,8,Low,NA,12:38,12:43,M25,NA,3,rock,exposed,300,1,0,0,5,50,5,0,NA,0,NA,50,chased by BEG (~35),,,,,BEG (~35)
2017,1,6/29/2017,1,3,GJ,9,High,NA,14:41,14:46,F29,1,3,rock,exposed,300,1,0,0,7,100,13,0,NA,0,NA,100,,,,,,
2017,1,6/29/2017,1,3,GJ,9,High,NA,14:47,14:52,F28,0,3,rock,exposed,295,0.98,5,0.02,7,30,5,0,NA,0,NA,50,,,,,,
2017,1,6/29/2017,1,3,GJ,9,High,NA,14:53,14:58,F31,0,3,rock,exposed,227,0.76,73,0.24,2,100,1,0,NA,1,GF28,100,,,,,,
2017,1,6/29/2017,1,3,GJ,10,Low,NA,15:02,15:07,M33,NA,1,rock,exposed,235,0.78,65,0.22,3,300,2,0,NA,3,"F25, F26, F27",200,,,,,,
2017,1,6/29/2017,1,3,GJ,10,Low,NA,15:13,15:18,F29,0,5,rock,hidden,10,0.03,290,0.97,1,300,0,0,NA,1,F26,800,"disappeared into rocks at 2:30, moved around a lot in rocks (explains the high area use)",,,,,
2017,1,6/29/2017,1,3,GJ,10,Low,NA,15:20,15:25,"M42 (must have migrated, not on R10 initially)",NA,4,TOL,hidden,83,0.28,217,0.72,5,500,0,0,NA,3,"F29, F26, F32",1000,"started in TOL 4, went in after F32, then she came out and he stayed in TOL",,,,,
2017,1,6/29/2017,1,3,GJ,11,Medium,NA,15:22,15:27,F26,0,1,rock,exposed,300,1,0,0,3,10,4,0,NA,0,NA,30,,,,,,
2017,1,6/29/2017,1,3,GJ,11,Medium,NA,15:29,15:34,F32,2,5,rock,hidden,10,0.03,290,0.97,6,70,2,0,NA,1,?26 (no sex tag seen),100,,,,,,
2017,1,6/29/2017,1,3,GJ,11,Medium,NA,15:36,15:41,F26,0,3,rock,exposed,259,0.86,41,0.14,13,350,3,3,"M28 (x2), F29",0,NA,200,,,,,,
2017,1,6/29/2017,1,3,GJ,12,High,NA,15:43,15:48,F29,1,1,rock,exposed,121,0.4,179,0.6,4,30,0,0,NA,0,NA,100,"was looking inside TOL 1, seemed to stay around TOL 1, scoping it out",,,,,M59 BEG
2017,1,6/29/2017,1,3,GJ,12,High,NA,15:48,15:53,M29,NA,4,rock,exposed,152,0.51,148,0.49,3,30,0,0,NA,0,NA,25,,,,,,
2017,1,6/29/2017,1,3,GJ,12,High,NA,15:54,15:59,F28,0,3,rock,exposed,146,0.49,154,0.51,4,40,0,0,NA,0,NA,100,,,,,,"2 PACL (15, 18), one was siting just inside cage frame, red JSEPU (15) was sitting under bottom mesh, JSEPU (12)"
2017,1,6/30/2017,1,4,GJ,13,Low,NA,13:16,13:21,F29,1,1,TOL,exposed,300,1,0,0,13,200,11,0,NA,0,NA,400,,,,,,2 BBG recruits
2017,1,6/30/2017,1,4,GJ,13,Low,NA,13:23,12:28,F25 (no sex or size tags seen),1,2,rock,hidden,85,0.28,215,0.72,2,75,0,0,NA,0,NA,50,,,,,,
2017,1,6/30/2017,1,4,GJ,13,Low,NA,13:28,13:33,F26,0,3,rock,hidden,116,0.39,184,0.61,2,150,0,2,"F27, F26",0,NA,100,"seems like more untagged fish on LR reefs? Seems like more fish in general on the LR reefs, and the ones that are exposed are willing to travel farther distances for each bite.",,,,,
2017,1,6/30/2017,1,4,GJ,14,Medium,NA,12:58,13:03,F27,2,2,rock,exposed,300,1,0,0,8,40,7,0,NA,0,NA,100,,,,,,
2017,1,6/30/2017,1,4,GJ,14,Medium,NA,13:03,13:08,F27,0,3,rock,hidden,0,0,300,1,1,0,0,0,NA,0,NA,0,,,,,,
2017,1,6/30/2017,1,4,GJ,14,Medium,NA,13:09,13:14,"M42? (no size tag, but it was estimated M38, M42 was on reef)",NA,3,rock,exposed,296,0.99,4,0.01,10,50,6,0,NA,0,NA,50,more moves = more vigilance? Maybe just hungry? Same thing seen with low risk?,,,,,
2017,1,6/30/2017,1,4,GJ,15,High,NA,12:35,12:40,F26,0,3,rock,exposed,300,1,0,0,9,60,9,0,NA,0,NA,100,,,,,,
2017,1,6/30/2017,1,4,GJ,15,High,NA,12:43,12:48,F29,2,1,rock,hidden,89,0.3,211,0.7,4,100,2,0,NA,0,NA,200,FHASE(15) chase,,,,,FHASE (15)
2017,1,6/30/2017,1,4,GJ,15,High,NA,12:49,12:54,F26,0,4,rock,hidden,89,0.3,211,0.7,6,150,1,0,NA,0,NA,100,,,,,,
2017,1,6/30/2017,1,4,GJ,16,Low,NA,11:29,11:34,F29,0,5,rock,exposed,300,1,0,0,3,60,3,0,NA,1,F27 (Gravid:1),150,,,,,,
2017,1,6/30/2017,1,4,GJ,16,Low,NA,11:34,11:39,F31,1,2,rock,exposed,300,1,0,0,0,10,0,0,NA,0,NA,20,stayed put,,,,,
2017,1,6/30/2017,1,4,GJ,16,Low,NA,11:41,11:46,F27,2,5,rock,hidden,78,0.26,222,0.74,4,150,0,1,F29,0,NA,250,got chased by F29 in and out of rocks,,,,,
2017,1,6/30/2017,1,4,GJ,17,Medium,NA,11:09,11:14,F27,2,4,rock,exposed,300,1,0,0,4,60,4,1,F29,0,NA,100,,,,,,
2017,1,6/30/2017,1,4,GJ,17,Medium,NA,11:14,11:19,M35 (No size tag seen),NA,5,rock,exposed,300,1,0,0,1,200,5,0,NA,1,F27,250,fin flashing twice,,,,,
2017,1,6/30/2017,1,4,GJ,17,Medium,NA,11:21,11:26,F29,0,2,rock,hidden,111,0.37,189,0.63,3,200,0,1,M35 (No size tag),1,F27,500,same male 35 (?) that I was observing was the chaser,,,,,
2017,1,6/30/2017,1,4,GJ,18,High,NA,10:48,10:53,M30,NA,2,rock,exposed,189,0.63,111,0.37,3,120,4,0,NA,0,NA,250,PACL (13) in cage for a second,,,,,JSEPU (13) scare
2017,1,6/30/2017,1,4,GJ,18,High,NA,10:55,11:00,F29,2,2,rock,hidden,90,0.3,210,0.7,4,300,2,1,M30 (NTS),0,NA,1000,sppoekd by small JSEPU (10),,,,,JSEPU(10)
2017,1,6/30/2017,1,4,GJ,18,High,NA,11:02,11:07,F25,1,4,rock,exposed,263,0.88,37,0.12,4,175,6,0,NA,0,NA,500,"chased by PACL (13), JSEPU(11), but not phased at all by JSEPU",,,,,"PACL (13), JSEPU (11)"
2017,1,7/7/2017,2,9,GJ,1,Low,NA,14:55,15:00,F26,0,2,rock,exposed,210,0.7,90,0.3,7,100,2,50,NA,0,NA,100,,3,,,,
2017,1,7/7/2017,2,9,GJ,1,Low,NA,15:01,15:06,F27,0,5,rock,exposed,122,0.41,178,0.59,2,60,0,1,M32,0,NA,50,hiding most of the time,,,,,
2017,1,7/7/2017,2,9,GJ,1,Low,NA,15:07,15:12,F32,0,3,tol (3),hidden,0,0,300,1,0,0,0,0,NA,0,NA,,"in tol most of the time, but poked head out for last minute",,,,,
2017,1,7/7/2017,2,9,GJ,2,Medium,NA,13:46,13:51,F28,0,2 and 3,rock,exposed,285,0.95,15,0.05,8,200,9,0,NA,0,NA,100,,5,,,,
2017,1,7/7/2017,2,9,GJ,2,Medium,NA,13:52,13:57,M_ (no size seen),NA,3,rock,exposed,65,0.22,235,0.78,2,50,0,0,NA,0,NA,50,didn't move much,,,,,
2017,1,7/7/2017,2,9,GJ,2,Medium,NA,13:58,14:03,F26,0,3,rock,exposed,258,0.86,42,0.14,14,,0,1,F28,0,NA,300,"moved around a lot, went in rocks and came back out",,,,,
2017,1,7/7/2017,2,9,GJ,3,Low,NA,12:01,12:06,F26,0,3,rock,exposed,300,1,0,0,0,0,0,0,NA,0,NA,0,fuzz near tail tag,5,,,F26,
2017,1,7/7/2017,2,9,GJ,3,Low,NA,12:08,12:13,M32,NA,2,rock,exposed,49,0.16,251,0.84,2,50,0,0,NA,0,NA,100,in same spot till moved to TOL,,,,,
2017,1,7/7/2017,2,9,GJ,3,Low,NA,12:14,12:19,F27,1,5,rock,exposed,300,1,0,0,17,300,3,0,NA,0,NA,225,"moved a lot, but was generally in the same spot",,,,,STEGIG (400) swam over reef
2017,1,7/7/2017,2,9,GJ,4,High,NA,11:39,11:44,F25,0,5,rock,exposed,300,1,0,0,11,20,5,0,NA,0,NA,25,,8,,,,
2017,1,7/7/2017,2,9,GJ,4,High,NA,11:45,11:50,F32,0,4,rock,exposed,177,0.59,123,0.41,3,25,1,0,NA,1,F25,50,"Stayed in one spot, was moving just before I started my observations, chased by JSEPU(12)",,,,,
2017,1,7/7/2017,2,9,GJ,4,High,NA,11:52,11:57,F28,1,2,rock,hidden,0,0,300,1,0,0,0,0,NA,0,NA,0,"just under rock overhang, didn't even really move",,,,,
2017,1,7/7/2017,2,9,GJ,5,Medium,NA,12:56,11:01,F25,2,5,rock,hidden,116,0.39,184,0.61,6,50,5,0,NA,0,NA,40,,7,,,,
2017,1,7/7/2017,2,9,GJ,5,Medium,NA,11:03,11:08,F29,2,5,rock,hidden,29,0.1,271,0.9,5,200,1,0,NA,0,NA,80,"chased BEG (20mm), and disappeared into rocks at 1:51",,,,,
2017,1,7/7/2017,2,9,GJ,5,Medium,NA,11:10,11:15,F31,0,1,rock,hidden,0,0,300,1,2,10,0,0,NA,0,NA,20,"stayed very still until 2:00, then moved further into rocks, was clinging to the underside of rock from 2:30-5",,,,,
2017,1,7/7/2017,2,9,GJ,6,High,NA,11:17,11:22,F27,1,3,rock,exposed,300,1,0,0,9,150,4,0,NA,0,NA,100,,3,,,,
2017,1,7/7/2017,2,9,GJ,6,High,NA,11:25,11:30,F29,0,2,rock,hidden,132,0.44,168,0.56,2,100,1,0,NA,0,NA,100,"PACL(17) chased it, and chased by SEPU (15)",,,,,"PACL (17), SEPU (15)"
2017,1,7/7/2017,2,9,GJ,6,High,NA,11:32,11:37,F27,0,1,rock,hidden,27,0.09,273,0.91,2,50,0,0,NA,0,NA,50,"stayed in rocks most of the observation period, then came out at end",,,,,
2017,1,7/8/2017,2,9,GJ,10,Low,NA,12:47,12:52,F26,1,4,rock,exposed,300,1,0,0,22,200,16,0,NA,0,NA,30,"must not have moved from a single area that much, ran out of fish to observe",2,,,,
2017,1,7/8/2017,2,9,GJ,10,Low,NA,12:55,13:00,F28,0,5,rock,exposed,199,0.66,101,0.34,9,100,5,0,NA,0,NA,200,moved in and out of rocks ,,,,,
2017,1,7/8/2017,2,9,GJ,12,High,NA,12:25,12:30,F26,1,4,rock,exposed,150,0.5,150,0.5,2,125,0,0,NA,0,NA,75,"chased twice by SEPU (12, 13)",4,,,,SEPU (12 and 13)
2017,1,7/8/2017,2,9,GJ,12,High,NA,12:32,12:37,F25,1,2,rock,exposed,297,0.99,3,0.01,5,100,2,7,F27,2,M29,75,used jerking motions to get away from chaser,,,,,
2017,1,7/8/2017,2,9,GJ,12,High,NA,12:39,12:44,F27,0,3,rock,hidden,0,0,300,1,7,30,4,0,NA,0,NA,50,chased into rocks by PACL (17),,,,,PACL (17)
2017,1,7/8/2017,2,9,GJ,13,Low,NA,11:50,11:55,F27,0,3,rock,exposed,300,1,0,0,3,70,1,0,NA,0,NA,20,,3,,,,
2017,1,7/8/2017,2,9,GJ,13,Low,NA,11:57,12:02,F30? (NTS),0,1,TOL,hidden,0,0,300,1,0,0,0,0,NA,0,NA,5,in TOL the whole time,,,,,
2017,1,7/8/2017,2,9,GJ,13,Low,NA,12:03,12:08,F29,1,2 and 5,rock,exposed,44,0.15,256,0.85,6,100,0,0,NA,0,NA,100,,,,,,
2017,2,7/30/2017,1,3,GJ,1,Medium,NA,13:05,13:11,F26,0,5,rock,exposed,186,0.62,114,0.38,13,250,0,2,"M38, F33",0,NA,100,,,,,"one fish looking a little fuzzy, not sure what sex/size",1 chase by BEG ~49
2017,2,7/30/2017,1,3,GJ,1,Medium,NA,13:12,13:17,M25,NA,3,rock,exposed,218,0.73,82,0.27,9,300,0,0,NA,0,NA,125,"BEG ~40, and BEG~30, chased them twice",,,,,
2017,2,7/30/2017,1,3,GJ,1,Medium,NA,13:20,13:25,"M31? (no tags seen), had a female 31 on reef 1","not sure if male or female, but not gravid",2,rock,hidden,232,0.77,68,0.23,8,100,7,0,NA,1,F31/31 gravid,50,,,,,,
2017,2,7/30/2017,1,3,GJ,2,Low,NA,13:32,13:37,M31,NA,2,rock,exposed,300,1,0,0,11,100,11,0,NA,0,NA,100,,,,,,
2017,2,7/30/2017,1,3,GJ,2,Low,NA,13:39,13:44,F29,0,1,rock,exposed,246,0.82,54,0.18,13,250,5,0,NA,0,NA,125,,,,,,
2017,2,7/30/2017,1,3,GJ,2,Low,NA,13:47,13:52,F35? Sex and size estimate (had a M35 on that reef),0,5,rock,hidden,228,0.76,72,0.24,3,75,0,0,NA,0,NA,50,top hole patched,,,,,"MHASE16 in cage, octo under bottom mesh, unsuccessful excavation"
2017,2,7/30/2017,1,3,GJ,3,High,NA,14:02,14:07,F25,0,2,rock,hidden,110,0.37,190,0.63,3,50,0,0,NA,0,NA,50,"Chased by PACL (20) once, hid after PACL chase, but could still see BBG while it was hidden",,,,,PACL (20)
2017,2,7/30/2017,1,3,GJ,3,High,NA,14:07,14:12,F27,0,1,rock,hidden,0,0,300,1,3,100,0,0,NA,0,NA,100,,,,,,
2017,2,7/30/2017,1,3,GJ,3,High,NA,14:14,14:19,GF30,2,5,rock,hidden,0,0,300,1,1,30,0,0,NA,0,NA,10,"moved from hiding once, didn't bite at all, was too dark to see tag, but there were multiple F30's stocked on that reef",,,,,
2017,2,7/30/2017,1,3,GJ,4,Medium,NA,14:23,14:28,GF27,2,2,rock,exposed,111,0.37,189,0.63,10,300,6,0,NA,0,NA,400,moved around quite a bit,,,,,
2017,2,7/30/2017,1,3,GJ,4,Medium,NA,14:30,14:35,?29 (had male and female 29 on that reef),"not sure if male or female, but not gravid",4,rock,exposed,114,0.38,186,0.62,4,150,1,0,NA,0,NA,125,,,,,,
2017,2,7/30/2017,1,3,GJ,4,Medium,NA,14:37,14:42,F23,0,1,rock,exposed,300,1,0,0,5,300,8,0,NA,0,NA,100,was perched on TOL 1 from 3-5 minutes,,,,,
2017,2,7/30/2017,1,3,GJ,5,High,NA,16:39,16:44,GF29,3,4,rock,exposed,113,0.38,187,0.62,5,100,1,0,NA,0,NA,125,,8,,,,
2017,2,7/30/2017,1,3,GJ,5,High,NA,16:48,16:53,M34,NA,3,rock,hidden,90,0.3,210,0.7,7,150,6,0,NA,0,NA,300,chased by PACL (15cm),,,,,PACL (15cm)
2017,2,7/30/2017,1,3,GJ,5,High,NA,16:54,16:59,F22,0,1,rock,exposed,300,1,0,0,3,10,40,0,NA,0,NA,50,"was written down as 40 bites on data sheet, not a mistake",,,,,
2017,2,7/30/2017,1,3,GJ,6,Low,NA,17:02,17:07,F24,0,2,rock,exposed,300,1,0,0,3,40,2,0,NA,0,NA,25,,10,3,"1,3,4",,
2017,2,7/30/2017,1,3,GJ,6,Low,NA,17:08,17:13,F23,0,5,rock,exposed,260,0.87,40,0.13,2,50,0,0,NA,0,NA,25,,,,,,
2017,2,7/30/2017,1,3,GJ,6,Low,NA,17:16,17:21,"~27 or 28, sex and size estimate","fish stayed in TOL, couldn't see gravidity",4,tol,hidden,0,0,300,1,0,0,0,0,NA,0,NA,0,stayed still in TOL 4 the whole time,,,,,
2017,2,7/30/2017,1,3,GJ,6,Low,NA,17:22,17:27,GF30/31,0,2,rock,exposed,300,1,0,0,0,30,1,0,NA,0,NA,25,observed an additional fish because of still goby in TOL,,,,,
2017,2,8/1/2017,1,3,GJ,7,Medium,NA,9:52,9:57,M33,NA,5,rock,hidden,209,0.7,91,0.3,7,300,2,0,NA,4,"GF27, F27, F28",400,the male was jerking during each one of its chases,11,2,"2,4",,
2017,2,8/1/2017,1,3,GJ,7,Medium,NA,9:58,10:03,GF27,2,1,rock,exposed,268,0.89,32,0.11,2,40,2,0,NA,0,NA,50,,,,,,
2017,2,8/1/2017,1,3,GJ,7,Medium,NA,10:04,10:09,F26,0,2,rock,exposed,300,1,0,0,2,40,16,0,NA,0,NA,100,rarely moved off of the rocks while not feeding,,,,,
2017,2,8/1/2017,1,3,GJ,8,Low,NA,10:14,10:19,F26,0,2,rock,exposed,152,0.51,148,0.49,6,400,0,2,M39 x 2,0,NA,400,,11,1,3,,
2017,2,8/1/2017,1,3,GJ,8,Low,NA,10:21,10:26,F29,1,3,rock,exposed,287,0.96,13,0.04,6,100,7,0,NA,0,NA,200,,,,,,
2017,2,8/1/2017,1,3,GJ,8,Low,NA,10:30,10:35,M22,NA,2,rock,exposed,300,1,0,0,11,20,3,0,NA,0,NA,50,"had a little puffball that it was eating/handling, mostly stayed on rock. BEG ~30 chased one time when the BBG had a puff ball in its mouth",,,,,
2017,2,8/1/2017,1,3,GJ,9,High,NA,10:38,10:43,F31,0,2,rock,exposed,258,0.86,42,0.14,10,60,4,0,NA,1,F25,100,"chased twice, one PACL (15), another FSEPU (13), fair amoutn of predator activity throughout the entire observations",6,0,,,
2017,2,8/1/2017,1,3,GJ,9,High,NA,10:45,10:50,M29? (not stocked on reef),NA,2,rock,exposed,300,1,0,0,13,500,31,0,NA,0,NA,500,all over the place feeding/moving,,,,,
2017,2,8/1/2017,1,3,GJ,9,High,NA,10:51,10:56,M34,NA,5,rock,exposed,295,0.98,5,0.02,7,75,2,0,NA,0,NA,100,chased by PACL (16),,,,,PACL (16cm)
2017,2,8/1/2017,1,3,GJ,10,Low,NA,12:00,12:05,F26,0,2,rock,exposed,300,1,0,0,5,75,6,0,NA,0,NA,100,1 dead fish (F29),8,0,,,
2017,2,8/1/2017,1,3,GJ,10,Low,NA,12:07,12:12,M24,NA,3,rock,exposed,300,1,0,0,3,125,4,0,NA,0,NA,150,,,,,,
2017,2,8/1/2017,1,3,GJ,10,Low,NA,12:14,12:19,M23,NA,1,rock,exposed,300,1,0,0,4,30,0,0,NA,0,NA,50,didn't move much,,,,,
2017,2,8/1/2017,1,3,GJ,11,High,NA,15:09,15:14,F30/31 (no size tag seen),0,2,rock,hidden,266,0.89,34,0.11,6,75,6,0,NA,0,NA,50,"SEPU was in cage during density survey, so it might have affected the count,",1,0,,,"SEPU (12cm), lots of small PACL in the cage from 2-5 minutes. Scary"
2017,2,8/1/2017,1,3,GJ,11,High,NA,15:18,15:23,GF28,2,1,rock,exposed,273,0.91,27,0.09,9,125,1,0,NA,0,NA,150,,,,,,
2017,2,8/1/2017,1,3,GJ,11,High,NA,15:27,15:32,F27 or 28,0,5,rock,hidden,39,0.13,261,0.87,2,100,1,0,NA,0,NA,50,"chased 3 times by HASE (20), PACL (12), and PACL (11), got chased into the rocks, then was visible on rocks",,,,,
2017,2,8/1/2017,1,3,GJ,12,Medium,NA,12:24,12:29,F26,1,2,rock,exposed,300,1,0,0,6,100,11,1,GF37 (size estimate at 40),0,NA,100,,11,2,"3,4",,
2017,2,8/1/2017,1,3,GJ,12,Medium,NA,12:33,12:38,F24,0,4,rock,exposed,300,1,0,0,8,100,6,0,NA,0,NA,200,,,,,,
2017,2,8/1/2017,1,3,GJ,12,Medium,NA,12:40,12:45,F29,1,1,rock,exposed,291,0.97,9,0.03,9,100,10,1,"GF40 (size estimate, but F40 was not stocked on that reef)",0,NA,100,,,,,,
2017,2,8/2/2017,1,3,GJ,13,Low,NA,12:06,12:11,F26,0,3,rock,exposed,297,0.99,3,0.01,2,30,1,0,NA,0,NA,20,hardly moved,7,1,5,"1 fish ~31/32 looked really fuzzy, and another was fuzzy at the tag injection site",
2017,2,8/2/2017,1,3,GJ,13,Low,NA,12:15,12:20,M22,NA,1 and 5,rock,exposed,300,1,3,0.01,50,1,0,0,NA,0,NA,50,,,,,,
2017,2,8/2/2017,1,3,GJ,13,Low,NA,12:23,12:28,F27,0,2,rock,exposed,300,1,0,0,2,80,1,2,M31 x2,0,NA,100,,7,1,5,,
2017,2,8/2/2017,1,3,GJ,14,Medium,NA,12:36,12:41,F25,0,5,rock,exposed,300,1,0,0,5,70,0,0,NA,0,NA,100,,9,1,1,,
2017,2,8/2/2017,1,3,GJ,14,Medium,NA,12:43,12:48,GF26,0,5,rock,exposed,245,0.82,55,0.18,3,100,0,1,GF31(not tagged as gravid),0,NA,100,,,,,,
2017,2,8/2/2017,1,3,GJ,14,Medium,NA,12:49,12:54,F27/28/29,0,3 and 5,rock,hidden,183,0.61,117,0.39,5,75,1,0,NA,0,NA,25,,,,,,
2017,2,8/2/2017,1,3,GJ,15,High,NA,13:00,13:05,F28,0,1,rock,exposed,191,0.64,109,0.36,1,80,8,0,NA,0,NA,200,"didn't really move off rock to feed, was chased by FSEPU (22) twice",8,1,3,,FSEPU (22)
2017,2,8/2/2017,1,3,GJ,15,High,NA,13:07,13:12,GF29,1,1,rock,exposed,26,0.09,274,0.91,3,80,0,0,NA,0,NA,150,,,,,,
2017,2,8/2/2017,1,3,GJ,15,High,NA,13:14,13:19,F34,1,3,rock,exposed,92,0.31,208,0.69,7,300,1,0,NA,1,GF26,400,,,,,,
2017,2,8/2/2017,1,3,GJ,16,Low,NA,16:21,16:26,M/F 23 (both on reef),NA/0,1,rock,hidden,0,0,300,1,0,0,0,0,NA,0,NA,0,didn't move,9,1,3,,
2017,2,8/2/2017,1,3,GJ,16,Low,NA,16:21,16:26,F31,0,5,rock,hidden,0,0,300,1,1,10,5,0,NA,0,NA,20,,,,,,
2017,2,8/2/2017,1,3,GJ,16,Low,NA,16:28,16:33,F26,0,3,rock,exposed,185,0.62,115,0.38,2,100,0,0,NA,0,NA,100,,,,,,
2017,2,8/2/2017,1,3,GJ,17,High,NA,15:35,15:40,F33,1,3,tol (3),hidden,0,0,300,1,0,30,0,0,NA,0,NA,20,"PACL (14) chased 1 time, this fish was in TOL 3 the whole time, so I counted it as hidden for the entire duration of the observation (it was at least partially hidden the whole time)",5,1,3,,"PACL (14), and PACL (13)"
2017,2,8/2/2017,1,3,GJ,17,High,NA,15:43,15:48,GF29,0,2,rock,exposed,277,0.92,23,0.08,3,50,6,0,NA,0,NA,80,PACL (13) chased,,,,,
2017,2,8/2/2017,1,3,GJ,17,High,NA,15:50,15:55,F26,0,1,rock,hidden,0,0,300,1,1,30,1,0,NA,0,NA,50,"could see hidden initially, then lost from ~3:00-5 min, not seen anywhere else on the reef for the remainder of the observations",,,,,
2017,2,8/2/2017,1,3,GJ,18,Medium,NA,15:17,15:22,F23,0,1,rock,exposed,236,0.79,64,0.21,3,150,0,0,NA,0,NA,150,"stayed very still for 2:30, but then chased in rocks and came out kind of far away",3,0,,,
2017,2,8/2/2017,1,3,GJ,18,Medium,NA,15:25,15:30,F28,1,1,rock,exposed,60,0.2,240,0.8,1,20,0,0,NA,0,NA,50,went into rocks and lost her,,,,,
2017,2,8/2/2017,1,3,GJ,18,Medium,NA,missing,,,,,,,300,1,0,0,,,0,0,NA,0,NA,,,,,,,
2017,2,8/2/2017,1,NA,GJ,mystery data (maybe reef 17),NA,NA,16:00,16:05,"small male (24/25, was stocked on R17), or untagged at same size",NA,5,rock,hidden,0,0,300,1,3,50,0,0,NA,0,NA,40,didn't move much,,,,,
2017,3,8/17/2017,1,2,GJ,13,Low,NA,11:56,12:01,F28,2,5,rock,exposed,215,0.72,85,0.28,2,200,0,0,NA,0,NA,100,,,,,,PACL recruit (15mm)
2017,3,8/17/2017,1,2,GJ,13,Low,NA,12:02,12:07,F26,1,2,rock,exposed,300,1,0,0,2,20,0,0,NA,0,NA,20,hardly moved,,,,,
2017,3,8/17/2017,1,2,GJ,13,Low,NA,12:09,12:14,F28,0,5 and 1,rock ,exposed,300,1,0,0,2,20,0,0,NA,0,NA,20,hardly moved,,,,,
2017,3,8/17/2017,1,2,GJ,14,High,NA,11:30,11:35,F24,0,1,rock,exposed,219,0.73,81,0.27,6,300,0,2,"M33 (TOL goby), F28",0,NA,200,"tried to go into TOL1, but was denied by M33!",,,,,
2017,3,8/17/2017,1,2,GJ,14,High,NA,11:38,11:43,F26,0,5,rock,hidden,160,0.53,140,0.47,4,150,0,1,F25,0,NA,150,,,,,,"2 PACL recruits, 1 (22mm), 1 (12mm)"
2017,3,8/17/2017,1,2,GJ,14,High,NA,11:49,11:54,F24,2,5,rock,exposed,43,0.14,257,0.86,4,150,0,1,F25,0,NA,150,"chased by PACL (21) as well, then chased by F25 BBG while it was hiding",,,,,PACL (21cm)
2017,3,8/17/2017,1,2,GJ,15,Low,NA,11:05,11:10,F22,0,3 and 4,rock,exposed,300,1,0,0,5,100,5,0,NA,0,NA,200,,,,,,
2017,3,8/17/2017,1,2,GJ,15,Low,NA,11:12,11:17,M29,NA,1,rock,exposed,300,1,0,0,2,120,2,0,NA,1,F22,200,"was positioned on rock with tol 1, z-sparred to it. Looked like there wa a large female(~30) in TOL #1)",,,,,
2017,3,8/17/2017,1,2,GJ,15,Low,NA,11:21,11:26,_33? (no tag seen),"not sure if M or female, but not gravid",5,tol,hidden,0,0,300,1,1,10,0,0,NA,0,NA,20,"no tags seen, seemed to be fanning nest with caudal fin. Stayed in TOL 5 the whole time, sometime had head sticking out, but was always partially hidden",,,,,
2017,3,8/17/2017,1,2,GJ,16,Medium,NA,10:20,10:25,F22,0,5,rock,exposed,42,0.14,258,0.86,1,20,0,0,NA,0,NA,30,disappeared into rocks and was not seen again on reef,,,,,
2017,3,8/17/2017,1,2,GJ,16,Medium,NA,10:28,10:33,F30,1,5,rock,exposed,135,0.45,165,0.55,6,150,4,0,NA,1,F25,125,,,,,,
2017,3,8/17/2017,1,2,GJ,16,Medium,NA,10:35,10:40,F26,0,2 and 3,rock,exposed,209,0.7,91,0.3,3,300,1,3,F29 (G1) x 3,0,NA,250,"heavy displacement by F29 G1, but moved mostly in straight lines, explains the low area used",,,,,
2017,3,8/17/2017,1,2,GJ,17,High,NA,10:00,10:05,M27,NA,1,rock,exposed,229,0.76,71,0.24,6,120,1,0,NA,0,NA,200,,,,,,PACL recruit (~30mm)
2017,3,8/17/2017,1,2,GJ,17,High,NA,10:06,10:11,F32,2,2,rock,exposed,194,0.65,106,0.35,6,200,2,0,NA,1,F23,100,"unphased by smaller conspecifics that moved towards her, Chased twice by PACL (17)",,,,,PACL (17)
2017,3,8/17/2017,1,2,GJ,17,High,NA,10:13,10:18,F26,0,5,rock,exposed,123,0.41,177,0.59,3,30,0,0,NA,0,NA,40,"Chased twice, one by MHASE (18), and then by FSEPU (19), FSEPU chased it further into the rocks, but it was still hidden at the time",,,,,"MHASE (18), and FSEPU (19)"
2017,3,8/17/2017,1,2,GJ,18,Medium,NA,9:38,9:43,M20,NA,5 and 2,rock,hidden,84,0.28,216,0.72,2,50,3,0,NA,0,NA,50,,,,,,
2017,3,8/17/2017,1,2,GJ,18,Medium,NA,9:44,9:49,M27,NA,5,rock,exposed,300,1,0,0,0,20,2,2,F30 x 2,0,NA,50,"Barely moved aside from when it was chased by F30. For chaser fish, size estimate, stocked with 2 F30's initially, and a F30 was recollected from the reef, so it likely was a F30",,,,,
2017,3,8/17/2017,1,2,GJ,18,Medium,NA,9:53,9:58,F20,0,1,rock,exposed,44,0.15,256,0.85,2,60,0,1,F28,0,NA,50,chased into rocks and was not seen again on the reef after that (assumed to be hiding for rest of observations),,,,,
2017,3,8/18/2017,1,3,GJ,7,Medium,NA,11:22,11:27,F30,1,2,rock,exposed,300,1,0,0,8,150,9,0,NA,0,NA,100,,,,,,
2017,3,8/18/2017,1,3,GJ,7,Medium,NA,11:30,11:35,F31,1,1 and 4,rock,exposed,300,1,0,0,8,400,7,0,NA,1,F26,300,,,,,,
2017,3,8/18/2017,1,3,GJ,7,Medium,NA,11:37,11:42,F27,0,3,rock,exposed,300,1,0,0,8,120,5,0,NA,0,NA,100,,,,,,
2017,3,8/18/2017,1,3,GJ,8,High,NA,10:57,11:02,F28,0,5,rock,exposed,300,1,0,0,6,80,4,0,NA,0,NA,50,"didn't move off of the rock much to fee. Interesting, would bite while stationary on the rock. Afraid to leave, or no reduced water flow on control plots, so food can move around more passively",,,,,
2017,3,8/18/2017,1,3,GJ,8,High,NA,11:04,11:09,F23,0,5,rock,exposed,250,0.83,50,0.17,6,180,10,0,NA,0,NA,80,"didn't move much, or use much area once exposed",,,,,
2017,3,8/18/2017,1,3,GJ,8,High,NA,11:12,11:17,F29,0,1,rock,exposed,300,1,0,0,8,150,17,0,NA,0,NA,150,,,,,,
2017,3,8/18/2017,1,3,GJ,9,Low,NA,10:33,10:38,F23,1,3,rock,exposed,300,1,0,0,10,200,12,0,NA,0,NA,150,"moved and fed a lot, but only within a small area (explains the low area use despite high activity)",,,,F28,
2017,3,8/18/2017,1,3,GJ,9,Low,NA,10:40,10:45,F31,1,1,rock,exposed,300,1,0,0,2,70,1,0,NA,0,NA,100,"moved twice, and then was very still. might have been a F33, but I have both F33 and F31 on that reef. The F33 was put on when gravid, so it might have deposited eggs, making it more likely that the fish I saw was a F31, b/c the fish I saw was still gravid.",,,,,
2017,3,8/18/2017,1,3,GJ,9,Low,NA,10:47,10:52,F29,2,3,rock,exposed,287,0.96,13,0.04,5,150,3,0,NA,0,NA,125,,,,,,
2017,3,8/18/2017,1,3,GJ,10,High,NA,9:48,9:53,F25,0,3,rock,exposed,300,1,0,0,6,100,9,0,NA,0,NA,50,"moved and fed a fair amount, but stayed in a small area",,,,,PACL recruit (10mm)
2017,3,8/18/2017,1,3,GJ,10,High,NA,9:55,10:00,_26 (no sex tag seen),"not sure if male or female, but not gravid",3,rock,hidden,69,0.23,231,0.77,5,125,2,0,NA,0,NA,200,"disappeared into the rocks at 2:54, and was not seen again on the reef after",,,,,
2017,3,8/18/2017,1,3,GJ,10,High,NA,10:02,10:07,F30,0,3,rock,exposed,258,0.86,42,0.14,9,300,2,0,NA,0,NA,300,"started with head out of TOL3, then came out (not entirely sure what that note means)",,,,,
2017,3,8/18/2017,1,3,GJ,11,Low,NA,9:25,9:30,M28,1,1,rock,exposed,204,0.68,96,0.32,4,150,0,0,NA,0,NA,100,,,,,,PACL recruit (10mm)
2017,3,8/18/2017,1,3,GJ,11,Low,NA,9:32,9:37,F30,0,5,on top of tol (5),exposed,23,0.08,277,0.92,6,180,3,1,_30? (no tags seen),0,NA,200,"was never in TOL5, but was initially on top of tube, when hiding it was between the tube and rock where z-spar was",,,,,
2017,3,8/18/2017,1,3,GJ,11,Low,NA,9:41,9:46,M32,NA,2,rock,exposed,250,0.83,50,0.17,14,400,6,0,NA,0,NA,200,"moved and fed a lot, but used a small area",,,,,
2017,3,8/18/2017,1,3,GJ,12,Medium,NA,9:03,9:08,_30 (no sex tag seen),"not sure if M or F, but def not gravid",3,rock,exposed,83,0.28,217,0.72,8,300,1,0,NA,1,F26,140,,,,,little bit of fuzz on 2 fish,
2017,3,8/18/2017,1,3,GJ,12,Medium,NA,9:09,9:14,F24,0,4,rock,exposed,217,0.72,83,0.28,4,100,2,0,NA,0,NA,150,,,,,,
2017,3,8/18/2017,1,3,GJ,12,Medium,NA,9:15,9:20,F32,2,1,rock,exposed,300,1,0,0,5,300,10,2,_31-33 (NTS) x 2,0,NA,140,,,,,,
2017,3,8/21/2017,1,5,GJ,1,Low,NA,9:10,9:15,F25,1,2,rock,exposed,88,0.29,212,0.71,4,100,0,0,NA,0,NA,150,"1 dead fuzzy M22, resexed and remeasured that day, still M22",6,3,"2,4,3","1 fuzzy F21, still alive, chased by big male BBG, but was slow to respond, likely due to fuzz/near death state. ",
2017,3,8/21/2017,1,5,GJ,1,Low,NA,9:16,9:21,F28,2,5,rock ,hidden,22,0.07,278,0.93,4,60,3,0,NA,0,NA,100,was hidden under the overhang of TOL 5,,,,,
2017,3,8/21/2017,1,5,GJ,1,Low,NA,9:25,9:30,F28,1,4 and 1,tol,hidden,58,0.19,242,0.81,5,300,0,0,NA,0,NA,150,"considered the fish hidden if it was in a Tol, regardless of whether or not the head was seen exposed. Started in TOL4, then moved in a straight line to TOL1, pretty neat",,,,,
2017,3,8/21/2017,1,5,GJ,2,High,NA,9:36,9:41,F31 (size estimate),0,2,rock,hidden,64,0.21,236,0.79,10,350,1,0,NA,0,NA,300,PACL scared into rocks a couple of times,6,0,0,NA,2 pacl (15) + 2 sepu (15)
2017,3,8/21/2017,1,5,GJ,2,High,NA,9:42,9:47,F23,0,,rock,hidden,122,0.41,178,0.59,6,200,2,0,NA,0,NA,200,FSEPU (17) chased into rocks,,,,,
2017,3,8/21/2017,1,5,GJ,2,High,NA,9:48,9:53,F24,0,1,rock,hidden,0,0,300,1,3,50,4,0,NA,0,NA,50,PACL scared into rocks a couple of times,,,,,
2017,3,8/21/2017,1,5,GJ,3,Medium,NA,9:54,9:59,F20,0,1 and 5,rock,exposed,40,0.13,260,0.87,2,50,0,0,NA,0,NA,80,"went into rocks and was not seen for rest of 5 minute observations, but it was seen after that observation was over (confirmed that the fish I was watching initially was acutally hiding in the reef)",8,1,5,_26 (no sex tag seen),
2017,3,8/21/2017,1,5,GJ,3,Medium,NA,10:03,10:08,M26,NA,4,rock,exposed,300,1,0,0,9,100,5,0,NA,1,M21,150,,,,,,
2017,3,8/21/2017,1,5,GJ,3,Medium,NA,10:05,10:15,F30,2,4,rock,exposed,300,1,0,0,6,100,0,0,NA,0,NA,375,,,,,,
2017,3,8/21/2017,1,5,GJ,4,High,NA,11:25,11:30,F22,0,4,rock,hidden,0,0,300,1,3,75,2,1,M35 (NTS),0,NA,100,,8,0,0,"2, 1 was ~26mm",
2017,3,8/21/2017,1,5,GJ,4,High,NA,11:32,11:37,F25,0,3,rock,hidden,0,0,300,1,2,20,0,0,NA,0,NA,50,hardly moved,,,,,
2017,3,8/21/2017,1,5,GJ,4,High,NA,11:39,11:44,F?28,0,1,rock,exposed,158,0.53,142,0.47,4,175,0,0,NA,1,F?23/25,150,,,,,,
2017,3,8/21/2017,1,5,GJ,5,Medium,NA,11:47,11:52,F26,0,5,rock,exposed,38,0.13,262,0.87,3,100,0,0,NA,0,NA,100,,9,0,0,"2, 1 was F26, 1 was F23 (dorsal fuzz)",
2017,3,8/21/2017,1,5,GJ,5,Medium,NA,11:54,11:59,F26,2,5,rock,hidden,0,0,300,1,4,75,1,0,NA,1,F25,100,,,,,,
2017,3,8/21/2017,1,5,GJ,5,Medium,NA,12:01,12:06,F29,1,5,rock,exposed,108,0.36,192,0.64,5,200,0,0,NA,0,NA,200,,,,,,
2017,3,8/21/2017,1,5,GJ,6,Low,NA,12:07,12:12,F29,1,2,rock,exposed,241,0.8,59,0.2,2,125,0,0,NA,0,NA,100,"1 dead fish (F28), snails were eating it",8,2,"3,4",,
2017,3,8/21/2017,1,5,GJ,6,Low,NA,12:14,12:19,M28,NA,3,rock,exposed,88,0.29,212,0.71,10,200,1,0,NA,1,F23,250,,,,,,
2017,3,8/21/2017,1,5,GJ,6,Low,NA,12:21,12:26,F24,1,2,rock,exposed,200,0.67,100,0.33,8,350,4,2,"F29(G1), M28",2,F20(X2),300,,,,,,
